模板ID,名称,品级,描述,装备类型,类型,子类型,占用格子,门派ID,五行,秘籍ID,可奇遇获取,非公开,门派内排序,使用需求,正练效果ID,逆练效果ID,继承造诣加成比例,修习类型,突破盘ID,走火入魔内伤,走火入魔受伤部位,走火入魔伤害值,走火入魔气乱,可获得内力总量,每循环获得内力,循环目标类型,循环转化类型,每循环五行变化,特定格子,通用格子,命中值,闪避值,穿透,穿透抵抗,架势提气恢复,移动速度,破绽恢复,施展速度,封穴恢复,切换武器速度,攻击速度,内功比例,气乱恢复,毒抗,准备总进度,需求身体部位,脚力消耗,提气架势总消耗,基础内功比例,内功比例变化范围,穿透值,施展时额外距离,式消耗,武器耐久消耗,移动力消耗,最适武器ID,固定最佳武器ID,受伤部位攻击比例分布,总命中,每击伤害比例分布,有攻击封穴效果,有攻击破绽效果,毒素,装备破坏几率,增加移动力类型,增加破体特性,施展时增加移动速度,施展时增加移动速度百分比,移动冷却加成,施展时增加命中,脚力减少速度,脚力增加速度,移动消耗脚力,最大跳跃距离,跳跃准备帧,可部分跳跃,跳跃距离变化帧,跳跃距离变化持续,分数加成类型,分数加成,施展时增加外功穿透抵抗,施展时增加内功穿透抵抗,施展时增加闪避,反击伤害,外伤反弹率,内伤反弹率,持续帧,反弹距离,属性加成列表,外伤步骤,内伤步骤,致命伤步骤,心神伤步骤,可能真气策略列表,额外内力分配进度,循环加成技能列表,真气策略生成概率,无效突破加成类型,正练效果,逆练效果
0,沛然诀,0,沛然诀于内力收发引化之法中另辟蹊径，纳气不吐反复调炼，所谓：“博观而约取，厚积而薄发”，功力愈用愈多，越是消耗，越显精强。,0,内功,Invalid,1,0,5,144,false,false,0,属性2=20; 属性4=40; 属性5=40; 属性80=100,106,832,1,1,10,true,"0, 1",1,100,1620,12,-1,-1,1,"0, 0, 0, 0",4,"0, 0, 0, 0","0, 0, 0, 0","外:0, 内:0","外:0, 内:0","外:1, 内:1",0,0,0,0,0,0,0,0,"0, 0, 0, 0, 0, 0",0,,0,0,100,20,0,0,,0,0,-1,-1,"20, 20, 1, 20, 20, 20, 20",0,"0, 0, 0, 0",false,false,"0, 0, 0, 0, 0, 0, 0, 0, 0, 0, 0, 0",0,-1,,0,0,0,"0, 0, 0, 0",36,0,36,-1,-1,false,-1,-1,-1,0,0,0,"0, 0, 0, 0",0,0,0,0,0,,"0, 0, 0, 0, 0, 0, 0","0, 0, 0, 0, 0, 0, 0",30,5,"9, 15","0, 0, 0, 0, 12",,8,"0, 1, 2, 3, 16, 17, 41, 42, 43, 44, 45, 46",运用者受到的所有功法反噬伤害大幅降低,运用者受到的所有功法反噬伤害大幅降低
1,小纵跃功,0,小纵跃功乃是以连续的纵跃快速行动的粗浅轻功，虽然修习法门十分简单，但修习过程极长，非数十年寒暑不能练就，故而功法虽简，修习者却寥寥无几。,2,身法,Invalid,1,0,5,145,false,false,1,属性1=50; 属性2=50; 属性81=100,322,1048,1,2,0,false,"5, 6",1,100,0,0,-1,-1,0,"0, 0, 0, 0",0,"0, 0, 0, 0","0, 0, 0, 0","外:0, 内:0","外:0, 内:0","外:0, 内:0",0,0,0,0,0,0,0,0,"0, 0, 0, 0, 0, 0",4000,6,15,0,0,20,0,0,,0,0,-1,-1,"20, 20, 1, 20, 20, 20, 20",0,"0, 0, 0, 0",false,false,"0, 0, 0, 0, 0, 0, 0, 0, 0, 0, 0, 0",0,-1,,40,0,-50,"0, 0, 0, 0",36,0,72,-1,-1,false,-1,-1,-1,0,0,0,"0, 0, 0, 0",0,0,0,0,0,,"0, 0, 0, 0, 0, 10, 10","0, 0, 0, 0, 0, 10, 10",0,0,,"0, 0, 0, 0, 0",,0,"0, 1, 2, 3, 20, 19, 41, 42, 43, 44, 45, 46",以此身法移动时，有较高的几率不消耗脚力,以此身法移动时，有较高的几率不消耗脚力
2,水火硬气功,0,“阳火为动，阴水为静，二气升降反复，则人气血不绝”。水火硬气功乃江湖绝技，需于酷暑、严寒中磨炼十载方有小成，功成之后，修习者可一时不惧刀砍、枪刺、棍打、剑击，然阴阳二气相生相克，本是世间最难调配维系之物，此功虽有奇效，却并无久力。,3,绝技,Invalid,1,0,5,146,false,false,3,属性3=50; 属性4=50; 属性82=100,1739,1740,1,2,0,false,"0, 1",1,100,0,0,-1,-1,0,"0, 0, 0, 0",0,"0, 0, 0, 0","0, 0, 0, 0","外:0, 内:0","外:0, 内:0","外:0, 内:0",0,0,0,0,0,0,0,0,"0, 0, 0, 0, 0, 0",4500,list,0,35,50,25,0,0,list2,0,0,-1,-1,"20, 20, 1, 20, 20, 20, 20",0,"0, 0, 0, 0",false,false,"0, 0, 0, 0, 0, 0, 0, 0, 0, 0, 0, 0",0,-1,,0,0,0,"0, 0, 0, 0",36,0,36,-1,-1,false,-1,-1,-1,0,100,100,"100, 100, 100, 100",0,0,0,600,0,list3,"20, 20, 0, 0, 0, 0, 0","20, 20, 0, 0, 0, 0, 0",0,0,list,"0, 0, 0, 0, 0",loopBonusSkillList,0,"0, 1, 2, 3, 20, 19, 30, 31, 32",以此功法进行防御时，运用者受到的所有直接伤害大幅降低，最多可降低80%，但每次受到直接伤害后，此效果就会根据运用者所受直接伤害量下降，最低降至0%，持续直到战斗结束,以此功法进行防御时，运用者受到的所有直接伤害大幅降低，最多可降低80%，但每次受到直接伤害后，此效果就会根据运用者所受直接伤害量下降，最低降至0%，持续直到战斗结束
3,太祖长拳,0,太祖长拳共有三十二式，朴实无华，简单纯粹，虽然招式粗浅，却已含拳术至理，故而人称“百拳之母”。,1,拳掌,Invalid,1,0,5,147,false,false,2,属性0=40; 属性1=40; 属性2=20; 属性83=100,459,1185,1,8,0,false,"3, 4",1,100,0,0,-1,-1,0,"0, 0, 0, 0",0,"0, 0, 0, 0","0, 0, 0, 0","外:0, 内:0","外:0, 内:0","外:0, 内:0",0,0,0,0,0,0,0,0,"0, 0, 0, 0, 0, 0",15000,4,0,60,50,20,240,15,式6=2,0,0,273,-1,"30, 30, 1, 20, 20, 10, 10",60,"40, 40, 20, 0",false,true,"0, 0, 0, 0, 0, 0, 0, 0, 0, 0, 0, 0",50,-1,,0,0,0,"0, 0, 0, 0",36,0,36,-1,-1,false,-1,-1,-1,0,0,0,"0, 0, 0, 0",0,0,0,0,0,list3,"0, 0, 0, 10, 10, 0, 0","0, 0, 0, 10, 10, 0, 0",0,0,list,"0, 0, 0, 0, 0",loopBonusSkillList,0,"0, 1, 2, 3, 20, 19, 41, 42, 43, 44, 45, 46",以此功法击败敌人时，运用者在战斗结束后获得的威望大幅提高,以此功法击败敌人时，运用者在战斗结束后获得的威望大幅提高
4,静禅功,0,“无碍清净慧，皆因禅定生”。静禅功可令修习者清静安宁，祛除心中杂思，以达到心神合一，明心见性的开悟境界。,0,内功,Invalid,1,1,5,148,true,false,0,属性2=75; 属性5=25; 属性80=100; 属性63=100,0,726,1,0,0,true,2,1,100,90,12,-1,-1,1,"0, 1, 0, 1",1,"0, 0, 0, 0","0, 0, 0, 0","外:0, 内:0","外:0, 内:0","外:0, 内:0",0,0,0,0,0,0,0,0,"0, 0, 0, 0, 0, 1",0,list,0,0,100,25,0,0,list2,0,0,-1,-1,"20, 20, 1, 20, 20, 20, 20",0,"0, 0, 0, 0",false,false,"0, 0, 0, 0, 0, 0, 0, 0, 0, 0, 0, 0",0,-1,,0,0,0,"0, 0, 0, 0",36,0,36,-1,-1,false,-1,-1,-1,0,0,0,"0, 0, 0, 0",0,0,0,0,0,list3,"0, 0, 0, 0, 0, 0, 0","0, 0, 0, 0, 0, 0, 0",20,5,"0, 9","0, 3, 0, 3, 3",loopBonusSkillList,8,"16, 17",增加运用者的「少林派」功法的威力上限,降低运用者的「少林派」功法的发挥需求
5,罗汉功,1,罗汉功发于巨骨，以正阳气，可以扫除寒邪；纳于头角，以开慧眼，可以夜间视物。是由外壮而铄内劲的法门。,0,内功,Invalid,1,1,0,149,true,false,1,属性2=80; 属性3=35; 属性80=150; 属性63=150,1,727,1,2,1,false,"2, 0",1,150,180,24,0,1,1,"1, 0, 2, 0",0,"0, 0, 0, 0","0, 0, 0, 0","外:0, 内:0","外:1, 内:0","外:0, 内:0",0,0,0,0,0,0,0,0,"0, 0, 0, 0, 0, 0",0,list,0,0,40,25,0,0,list2,0,0,-1,-1,"20, 20, 1, 20, 20, 20, 20",0,"0, 0, 0, 0",false,false,"0, 0, 0, 0, 0, 0, 0, 0, 0, 0, 0, 0",0,-1,,0,0,0,"0, 0, 0, 0",36,0,36,-1,-1,false,-1,-1,-1,0,0,0,"0, 0, 0, 0",0,0,0,0,0,list3,"0, 0, 0, 0, 0, 0, 0","0, 0, 0, 0, 0, 0, 0",30,10,"16, 26","3, 0, 6, 0, 0","16, 19, 23, 24, 26, 28, 31, 32, 35",12,"16, 17",小幅增加运用者的「金刚」类功法的威力,降低运用者的「金刚」类功法的提气、架势消耗
6,心意气混元功,2,“心与意合，意与气合，气与力合”即心意气之混元功。混元功以平和自然之内息化作雄沉中正之外力，运功时虽心神俱寂，周身却隐隐有声。,0,内功,Invalid,1,1,0,150,true,false,2,属性2=70; 属性4=30; 属性5=30; 属性80=200; 属性63=200,2,728,2,0,2,true,"2, 0, 1",1,200,270,36,0,1,1,"0, 2, 1, 0",0,"0, 0, 0, 0","0, 0, 0, 0","外:0, 内:0","外:0, 内:1","外:0, 内:0",0,0,0,0,0,0,0,0,"0, 0, 0, 0, 0, 0",0,list,0,0,100,25,0,0,list2,0,0,-1,-1,"20, 20, 1, 20, 20, 20, 20",0,"0, 0, 0, 0",false,false,"0, 0, 0, 0, 0, 0, 0, 0, 0, 0, 0, 0",0,-1,,0,0,0,"0, 0, 0, 0",36,0,36,-1,-1,false,-1,-1,-1,0,0,0,"0, 0, 0, 0",0,0,0,0,0,list3,"0, 0, 0, 0, 0, 0, 0","0, 0, 0, 0, 0, 0, 0",40,15,"40, 40","0, 6, 3, 0, 0","16, 19, 23, 24, 26, 28, 31, 32, 35",16,"16, 17",当运用者的内力属性为「金刚」时，降低「紫霞」类功法对运用者造成的直接伤害、反噬伤害,当运用者的内力属性为「金刚」时，降低「纯阳」类功法对运用者造成的直接伤害、反噬伤害
7,无色禅功,3,无色禅功不殆于心，无相无迹，功力看似古井不波，实则却源源不断。正是：“空无边、识无边、无所有、非想非非想”之无所有而无所不有之妙境。,0,内功,Invalid,2,1,5,151,true,false,3,属性2=100; 属性5=45; 属性80=250; 属性63=250,3,729,2,0,3,true,2,2,250,360,48,-1,-1,2,"0, 2, 3, 1",0,"0, 0, 0, 1","0, 0, 0, 2","外:0, 内:0","外:0, 内:0","外:0, 内:0",0,0,0,0,0,0,0,0,"0, 0, 0, 0, 0, 0",0,list,0,0,100,25,0,0,list2,0,0,-1,-1,"20, 20, 1, 20, 20, 20, 20",0,"0, 0, 0, 0",false,false,"0, 0, 0, 0, 0, 0, 0, 0, 0, 0, 0, 0",0,-1,,0,0,0,"0, 0, 0, 0",36,0,36,-1,-1,false,-1,-1,-1,0,0,0,"0, 0, 0, 0",0,0,0,0,0,list3,"0, 0, 0, 0, 0, 0, 0","0, 0, 0, 0, 0, 0, 0",50,20,"2, 11","0, 6, 9, 3, 0",loopBonusSkillList,20,"16, 17",大幅增加运用者的「定力」上限，「定力」所增加的守心会根据运用者的精纯大幅提高,大幅增加运用者的「定力」上限，「定力」所增加的动心会根据运用者的精纯大幅提高
8,菩提心修法,4,菩提心乃是一切大乘佛法之根本，亦是以禅入武之诀要。以菩提心相摄持，方能化解杀人法门之戾气，臻至佛法与武学的更高境界。,0,内功,Invalid,2,1,0,152,true,false,4,属性2=110; 属性5=50; 属性80=300; 属性63=300,4,730,3,1,4,true,2,2,300,450,60,0,1,2,"0, 2, 1, 3",0,"0, 0, 0, 0","0, 0, 0, 0","外:0, 内:0","外:0, 内:0","外:0, 内:0",0,0,0,0,0,0,0,0,"2, 0, 0, 0, 0, 0",0,list,0,0,100,25,0,0,list2,0,0,-1,-1,"20, 20, 1, 20, 20, 20, 20",0,"0, 0, 0, 0",false,false,"0, 0, 0, 0, 0, 0, 0, 0, 0, 0, 0, 0",0,-1,,0,0,0,"0, 0, 0, 0",36,0,36,-1,-1,false,-1,-1,-1,0,0,0,"0, 0, 0, 0",0,0,0,0,0,list3,"0, 0, 0, 0, 0, 0, 0","0, 0, 0, 0, 0, 0, 0",70,25,"2, 11","0, 6, 3, 9, 0","16, 19, 23, 24, 26, 28, 31, 32, 35",24,"16, 17",将运用者的「玄阴」内力转化为「金刚」内力，转化的比例越多，运用者的「金刚」类功法的威力就提高越多；如果运用者原本没有「玄阴」内力，运用者不会被「玄阴」、「金刚」类功法命中要害,将运用者的「紫霞」内力转化为「金刚」内力，转化的比例越多，运用者的「金刚」类功法的威力就提高越多；如果运用者原本没有「紫霞」内力，运用者不会被「紫霞」、「金刚」类功法命中要害
9,杂阿含经,5,杂阿含经有千般法门，万种功力，无穷无尽。可以除魔怔，解未可解之困厄，可证一切奇思异想，悟未可悟之奥妙。,0,内功,Invalid,2,1,0,153,true,false,5,属性2=85; 属性4=35; 属性5=55; 属性80=350; 属性63=350,5,731,3,1,5,true,"2, 0, 1, 3, 4, 5, 6",2,350,540,72,0,1,2,"2, 0, 0, 2",2,"0, 0, 0, 0","0, 0, 0, 0","外:0, 内:0","外:0, 内:0","外:0, 内:0",1,1,0,0,0,0,0,0,"0, 1, 0, 0, 0, 0",0,list,0,0,60,25,0,0,list2,0,0,-1,-1,"20, 20, 1, 20, 20, 20, 20",0,"0, 0, 0, 0",false,false,"0, 0, 0, 0, 0, 0, 0, 0, 0, 0, 0, 0",0,-1,,0,0,0,"0, 0, 0, 0",36,0,36,-1,-1,false,-1,-1,-1,0,0,0,"0, 0, 0, 0",0,0,0,0,0,list3,"0, 0, 0, 0, 0, 0, 0","0, 0, 0, 0, 0, 0, 0",90,35,"1, 10","6, 0, 0, 6, 6","16, 19, 23, 24, 26, 28, 31, 32, 35",28,"16, 17",运用者的「混元」类功法也会被视为「金刚」类功法；运用者可在施展「金刚」类摧破功法的过程中，点击消耗最少5点，最多15点运用者的「护体」真气，增加「金刚」类摧破功法的攻击范围,运用者的「混元」类功法也会被视为「金刚」类功法；运用者可在施展「金刚」类摧破功法的过程中，点击消耗最少5点，最多15点运用者的「护体」真气，使该功法对敌人造成的直接伤害不会因状态效果降低
10,阿罗汉神功,6,形如枯槁力千斤，肉眼凡胎观精神，功力所至，伤痛消弭，百邪退避，诸般绝艺亦无师自通，无念自成，此即是阿罗汉神功。,0,内功,Invalid,3,1,0,154,true,false,6,属性2=60; 属性3=130; 属性80=400; 属性63=400,6,732,4,2,6,false,"2, 0, 1",3,400,630,84,0,1,3,"3, 0, 3, 3",0,"2, 2, 2, 0","0, 0, 0, 0","外:0, 内:0","外:0, 内:0","外:0, 内:0",0,0,0,0,0,0,0,0,"0, 0, 0, 0, 0, 0",0,list,0,0,40,25,0,0,list2,0,0,-1,-1,"20, 20, 1, 20, 20, 20, 20",0,"0, 0, 0, 0",false,false,"0, 0, 0, 0, 0, 0, 0, 0, 0, 0, 0, 0",0,-1,,0,0,0,"0, 0, 0, 0",36,0,36,-1,-1,false,-1,-1,-1,0,0,0,"0, 0, 0, 0",0,0,0,0,0,list3,"0, 0, 0, 0, 0, 0, 0","0, 0, 0, 0, 0, 0, 0",110,45,"7, 18","9, 0, 9, 9, 0","16, 19, 23, 24, 26, 28, 31, 32, 35",32,"16, 17",运用者的「佛学」造诣越高，运用者在战斗中进行「疗伤」时能够治愈的伤势标记就越多,运用者的「佛学」造诣越高，运用者在战斗中进行「驱毒」时能够驱除的毒素就越多
11,易筋经,7,达摩祖师所传，乃是强健筋骨，激发人身体无限潜力之无上外壮神功。正是：“易筋功已毕，便成金刚体。外感不能侵，饮食不为积”。,0,内功,Invalid,3,1,5,155,true,false,7,属性2=95; 属性3=110; 属性80=450; 属性63=450,7,733,4,2,7,false,"2, 0, 1, 3, 4, 5, 6",3,450,720,96,-1,-1,3,"2, 0, 5, 0",2,"0, 0, 0, 0","0, 0, 0, 0","外:2, 内:0","外:2, 内:0","外:1, 内:0",0,0,0,0,0,0,0,0,"0, 0, 0, 0, 0, 0",0,list,0,0,60,25,0,0,list2,0,0,-1,-1,"20, 20, 1, 20, 20, 20, 20",0,"0, 0, 0, 0",false,false,"0, 0, 0, 0, 0, 0, 0, 0, 0, 0, 0, 0",0,-1,,0,0,0,"0, 0, 0, 0",36,0,36,-1,-1,false,-1,-1,-1,0,0,0,"0, 0, 0, 0",0,0,0,0,0,list3,"0, 0, 0, 0, 0, 0, 0","0, 0, 0, 0, 0, 0, 0",130,60,"8, 17","6, 0, 15, 0, 6",loopBonusSkillList,36,"16, 17",战斗开始时，大幅增加运用者的「护体」真气；大幅提高运用者的「护体」真气在战斗中的获得量；大幅降低运用者的「护体」真气在战斗中的损耗量,战斗开始时，大幅减少敌人及其助战的同道的「护体」真气；大幅降低敌人的「护体」真气在战斗中的获得量；大幅提高敌人的「护体」真气在战斗中的损耗量
12,洗髓经,8,经云：“浃骨更洽髓，脱壳飞身去。渐几浑化天，末后究竟地”。洗髓经乃是达摩祖师所传之内涤元神，令人脱胎换骨的无上内壮神功。,0,内功,Invalid,3,1,5,156,true,true,8,属性2=110; 属性4=110; 属性80=500; 属性63=500,8,734,5,1,8,true,"2, 0, 1",3,500,810,108,-1,-1,3,"2, 2, 0, 3",2,"0, 0, 0, 0","0, 0, 0, 0","外:0, 内:2","外:0, 内:2","外:0, 内:1",0,0,0,0,0,0,0,0,"0, 0, 0, 0, 0, 0",0,list,0,0,100,25,0,0,list2,0,0,-1,-1,"20, 20, 1, 20, 20, 20, 20",0,"0, 0, 0, 0",false,false,"0, 0, 0, 0, 0, 0, 0, 0, 0, 0, 0, 0",0,-1,,0,0,0,"0, 0, 0, 0",36,0,36,-1,-1,false,-1,-1,-1,0,0,0,"0, 0, 0, 0",0,0,0,0,0,list3,"0, 0, 0, 0, 0, 0, 0","0, 0, 0, 0, 0, 0, 0",160,80,"8, 17","3, 6, 0, 9, 9",loopBonusSkillList,40,"16, 17",增加运用者所有的主要属性的上限，且运用者所受直接外伤重创伤害降低50%；如果运用者为童子之身，小幅提高运用者所有功法的威力，且可使运用者青春不老,战斗开始时，运用者的所有真气变化为初始值的2倍，且运用者所受非外伤的重创伤害加倍；如果运用者为童子之身，小幅提高运用者所有功法的威力，且可使运用者青春不老
13,丹田开合功,0,气沉下丹田，乃成混元力。丹田开合之功法，内修外炼兼而有之，是引元精经过大小周天运转而化为元气的秘诀。,0,内功,Invalid,1,2,1,157,true,false,0,属性2=50; 属性4=50; 属性80=100; 属性62=80; 属性63=80,9,735,1,0,0,true,1,1,100,90,12,1,1,1,"0, 1, 0, 2",0,"0, 0, 0, 0","0, 0, 0, 0","外:0, 内:0","外:0, 内:0","外:0, 内:0",0,0,1,1,0,0,0,0,"0, 0, 0, 0, 0, 0",0,list,0,0,100,25,0,0,list2,0,0,-1,-1,"20, 20, 1, 20, 20, 20, 20",0,"0, 0, 0, 0",false,false,"0, 0, 0, 0, 0, 0, 0, 0, 0, 0, 0, 0",0,-1,,0,0,0,"0, 0, 0, 0",36,0,36,-1,-1,false,-1,-1,-1,0,0,0,"0, 0, 0, 0",0,0,0,0,0,list3,"0, 0, 0, 0, 0, 0, 0","0, 0, 0, 0, 0, 0, 0",20,5,"0, 9","0, 3, 0, 6, 0","4, 7, 11, 12, 23, 24, 26, 28, 31, 32, 35",8,"16, 17",小幅增加运用者的「峨眉派」功法的威力上限,降低运用者的「峨眉派」功法的发挥需求
14,峨眉十二桩,1,十二桩功动静合一，阴阳相济，集道法、佛学、医术之奥妙于一体。不仅能够调理腑脏，增强内息，更能安定心神，修心养性。,0,内功,Invalid,1,2,1,158,true,false,1,属性2=60; 属性5=55; 属性80=150; 属性62=120; 属性63=120,10,736,1,0,1,true,"0, 1, 5, 6",1,150,180,24,1,1,1,"0, 2, 1, 0",0,"0, 0, 0, 0","0, 0, 1, 0","外:0, 内:0","外:0, 内:0","外:0, 内:0",0,0,0,0,0,0,0,0,"0, 0, 0, 0, 0, 0",0,list,0,0,70,25,0,0,list2,0,0,-1,-1,"20, 20, 1, 20, 20, 20, 20",0,"0, 0, 0, 0",false,false,"0, 0, 0, 0, 0, 0, 0, 0, 0, 0, 0, 0",0,-1,,0,0,0,"0, 0, 0, 0",36,0,36,-1,-1,false,-1,-1,-1,0,0,0,"0, 0, 0, 0",0,0,0,0,0,list3,"0, 0, 0, 0, 0, 0, 0","0, 0, 0, 0, 0, 0, 0",30,10,"16, 29","0, 6, 3, 0, 0","4, 7, 11, 12, 23, 24, 26, 28, 31, 32, 35",12,"16, 17",运用者的「紫霞」内力比例越高，运用者的御体、御气就提高越多,运用者的「紫霞」内力比例越高，运用者的破体、破气就提高越多
15,先天一元气功,2,先天一元气功正心明智，固本培元，功力用之不竭，生生不灭。乃是吸收天地间的先天一气而化为自身阳元的玄门正法。,0,内功,Invalid,1,2,1,159,true,false,2,属性2=50; 属性4=80; 属性80=200; 属性62=160; 属性63=160,11,737,2,1,2,true,"2, 0, 1",1,200,270,36,1,1,1,"2, 0, 1, 0",0,"0, 1, 0, 0","0, 0, 0, 0","外:0, 内:0","外:0, 内:0","外:0, 内:0",0,0,0,0,0,0,0,0,"0, 0, 0, 0, 0, 0",0,list,0,0,100,25,0,0,list2,0,0,-1,-1,"20, 20, 1, 20, 20, 20, 20",0,"0, 0, 0, 0",false,false,"0, 0, 0, 0, 0, 0, 0, 0, 0, 0, 0, 0",0,-1,,0,0,0,"0, 0, 0, 0",36,0,36,-1,-1,false,-1,-1,-1,0,0,0,"0, 0, 0, 0",0,0,0,0,0,list3,"0, 0, 0, 0, 0, 0, 0","0, 0, 0, 0, 0, 0, 0",40,15,"2, 11","6, 0, 3, 0, 0","4, 7, 11, 12, 23, 24, 26, 28, 31, 32, 35",16,"16, 17",运用者的「紫霞」类功法会对内力属性为「归元」的人物造成更多直接伤害、反噬伤害,运用者的「紫霞」类功法会对内力属性为「金刚」的人物造成更多直接伤害、反噬伤害
16,灵悟功,3,顺应天地自然而得“灵悟”，乃为灵悟功。灵悟功返本归元，似有似无，时而纵情，时而无欲，乃是内窥真我之法门。,0,内功,Invalid,2,2,5,160,true,false,3,属性2=65; 属性5=80; 属性80=250; 属性62=200; 属性63=200,12,738,2,0,3,true,2,2,250,360,48,-1,-1,2,"2, 0, 0, 2",2,"0, 0, 1, 0","0, 0, 2, 0","外:0, 内:0","外:0, 内:0","外:0, 内:0",0,0,0,0,0,0,0,0,"0, 0, 0, 0, 0, 0",0,list,0,0,100,25,0,0,list2,0,0,-1,-1,"20, 20, 1, 20, 20, 20, 20",0,"0, 0, 0, 0",false,false,"0, 0, 0, 0, 0, 0, 0, 0, 0, 0, 0, 0",0,-1,,0,0,0,"0, 0, 0, 0",36,0,36,-1,-1,false,-1,-1,-1,0,0,0,"0, 0, 0, 0",0,0,0,0,0,list3,"0, 0, 0, 0, 0, 0, 0","0, 0, 0, 0, 0, 0, 0",50,20,"0, 9","6, 0, 0, 6, 6",loopBonusSkillList,20,"16, 17",运用者至少拥有5个可用的式，且对方至少有一个封穴或破绽标记时：根据运用者的当前灵敏降低敌人破绽、封穴的消退速度，且运用者的当前灵敏会随时间持续消耗,敌人至少拥有5个可用的式，且运用者至少有一个封穴或破绽标记时：根据运用者的当前灵敏提高运用者破绽、封穴的消退速度，且运用者的当前灵敏会随时间持续消耗
17,莲花太玄功,4,“玄法证妙谛，坐卧莲花里，污秽不能染，风波不可欺”。莲花太玄功祛浊还清，纯粹自然。功成者面若朝霞，百害不侵。,0,内功,Invalid,2,2,1,161,true,false,4,属性2=50; 属性4=55; 属性5=55; 属性80=300; 属性62=240; 属性63=240,13,739,3,1,4,true,"2, 0, 1",2,300,450,60,1,1,2,"2, 3, 1, 0",0,"0, 0, 1, 0","0, 0, 0, 0","外:0, 内:0","外:0, 内:0","外:0, 内:0",1,1,0,0,0,0,0,0,"0, 0, 0, 0, 0, 0",0,list,0,0,100,25,0,0,list2,0,0,-1,-1,"20, 20, 1, 20, 20, 20, 20",0,"0, 0, 0, 0",false,false,"0, 0, 0, 0, 0, 0, 0, 0, 0, 0, 0, 0",0,-1,,0,0,0,"0, 0, 0, 0",36,0,36,-1,-1,false,-1,-1,-1,0,0,0,"0, 0, 0, 0",0,0,0,0,0,list3,"0, 0, 0, 0, 0, 0, 0","0, 0, 0, 0, 0, 0, 0",70,25,"7, 19","6, 9, 3, 0, 0","4, 7, 11, 12, 23, 24, 26, 28, 31, 32, 35",24,"16, 17",将运用者的「纯阳」内力转化为「紫霞」内力，转化的比例越多，运用者的「紫霞」类功法的威力就提高越多；如果运用者原本没有「纯阳」内力，运用者不会被「纯阳」、「紫霞」类功法命中要害,将运用者的「金刚」内力转化为「紫霞」内力，转化的比例越多，运用者的「紫霞」类功法的威力就提高越多；如果运用者原本没有「金刚」内力，运用者不会被「金刚」、「紫霞」类功法命中要害
18,普贤心经,5,普贤心经德无不周，调柔善顺，共有“十功”、“十忍”、“六伏”、“四通”等诸般法门，当真是：“宝威来赞娑婆化，灵感神通震大千”。,0,内功,Invalid,2,2,1,162,true,false,5,属性2=85; 属性4=45; 属性5=45; 属性80=350; 属性62=280; 属性63=280,14,740,3,0,5,true,"2, 0, 1",2,350,540,72,1,1,2,"1, 2, 3, 0",0,"0, 0, 0, 0","0, 0, 0, 0","外:0, 内:0","外:0, 内:0","外:0, 内:0",0,0,0,0,0,0,0,0,"0, 2, 0, 0, 0, 0",0,list,0,0,100,25,0,0,list2,0,0,-1,-1,"20, 20, 1, 20, 20, 20, 20",0,"0, 0, 0, 0",false,false,"0, 0, 0, 0, 0, 0, 0, 0, 0, 0, 0, 0",0,-1,,0,0,0,"0, 0, 0, 0",36,0,36,-1,-1,false,-1,-1,-1,0,0,0,"0, 0, 0, 0",0,0,0,0,0,list3,"0, 0, 0, 0, 0, 0, 0","0, 0, 0, 0, 0, 0, 0",90,35,"1, 10","3, 6, 9, 0, 0","4, 7, 11, 12, 23, 24, 26, 28, 31, 32, 35",28,"16, 17",运用者的「紫霞」内力比例越高，运用者的卸力、拆招、闪避、守心就提高越多,运用者的「紫霞」内力比例越高，运用者的力道、精妙、迅疾、动心就提高越多
19,坐忘玄功,6,坐忘玄功诀无定诀，式无定式，形无定形，意无定意，正是：“堕肢体，黜聪明，离形去知，同于大通，此谓坐忘”。,0,内功,Invalid,3,2,5,163,true,false,6,属性2=70; 属性5=120; 属性80=400; 属性62=320; 属性63=320,15,741,4,1,6,true,2,3,400,630,84,-1,-1,3,"0, 3, 0, 5",1,"1, 1, 1, 0","0, 0, 0, 0","外:1, 内:1","外:0, 内:0","外:0, 内:0",0,0,0,0,0,0,0,0,"0, 0, 0, 0, 0, 0",0,list,0,0,100,25,0,0,list2,0,0,-1,-1,"20, 20, 1, 20, 20, 20, 20",0,"0, 0, 0, 0",false,false,"0, 0, 0, 0, 0, 0, 0, 0, 0, 0, 0, 0",0,-1,,0,0,0,"0, 0, 0, 0",36,0,36,-1,-1,false,-1,-1,-1,0,0,0,"0, 0, 0, 0",0,0,0,0,0,list3,"0, 0, 0, 0, 0, 0, 0","0, 0, 0, 0, 0, 0, 0",110,45,"6, 15","0, 9, 0, 15, 3",loopBonusSkillList,32,"16, 17",小幅增加运用者的「紫霞」类功法的威力；可在施展「紫霞」类功法的过程中，点击消耗最少5点，最多15点运用者的「轻灵」真气，提高「紫霞」类功法50%的施展进度，最多将施展进度提高至75%,降低运用者的「紫霞」类功法的提气、架势消耗；可在施展「紫霞」类功法的过程中，点击消耗最少5点，最多15点运用者的「轻灵」真气，增加「紫霞」类功法的威力
20,大般涅槃法,7,诸法皆有生灭，神功亦复轮回，大般涅槃法寂而不败，死而后生，功力先衰而后盛，愈灭则愈强，几近佛陀无余涅槃之神通也。,0,内功,Invalid,3,2,1,164,true,true,7,属性2=80; 属性4=65; 属性5=60; 属性80=450; 属性62=360; 属性63=360,16,742,4,1,7,true,"2, 0, 1, 3, 4, 5, 6",3,450,720,96,1,1,3,"0, 0, 2, 4",3,"0, 0, 0, 0","0, 0, 1, 0","外:0, 内:0","外:0, 内:0","外:0, 内:0",0,0,0,0,0,0,2,2,"0, 0, 0, 0, 0, 0",0,list,0,0,100,25,0,0,list2,0,0,-1,-1,"20, 20, 1, 20, 20, 20, 20",0,"0, 0, 0, 0",false,false,"0, 0, 0, 0, 0, 0, 0, 0, 0, 0, 0, 0",0,-1,,0,0,0,"0, 0, 0, 0",36,0,36,-1,-1,false,-1,-1,-1,0,0,0,"0, 0, 0, 0",0,0,0,0,0,list3,"0, 0, 0, 0, 0, 0, 0","0, 0, 0, 0, 0, 0, 0",130,60,"6, 15","0, 0, 6, 12, 9","4, 7, 11, 12, 23, 24, 26, 28, 31, 32, 35",36,"16, 17",运用者所有前世的「名誉」越高，运用者所有功法的威力就提高越多；如果运用者拥有九世轮回善果，额外提高运用者所有功法的威力,运用者所有前世的「名誉」越低，运用者所有功法的威力就提高越多；如果运用者拥有九世轮回恶果，额外提高运用者所有功法的威力
21,铜人腧穴图经,0,铜人腧穴图经将人体三百五十四个穴名按十二经脉的顺序依次排列，并附有图解、针炙铜人像，乃是习武者寻穴辨脉的重要依据。,0,内功,Invalid,1,3,2,165,true,false,0,属性2=25; 属性5=75; 属性80=100; 属性58=100,17,743,1,0,0,true,"2, 0, 1, 3, 4, 5, 6",1,100,90,12,2,1,1,"0, 3, -1, 0",1,"0, 0, 0, 0","0, 0, 0, 0","外:0, 内:0","外:0, 内:1","外:0, 内:0",0,0,0,0,0,0,0,0,"0, 0, 0, 0, 0, 0",0,list,0,0,70,20,0,0,list2,0,0,-1,-1,"20, 20, 1, 20, 20, 20, 20",0,"0, 0, 0, 0",false,false,"0, 0, 0, 0, 0, 0, 0, 0, 0, 0, 0, 0",0,-1,,0,0,0,"0, 0, 0, 0",36,0,36,-1,-1,false,-1,-1,-1,0,0,0,"0, 0, 0, 0",0,0,0,0,0,list3,"0, 0, 0, 0, 0, 0, 0","0, 0, 0, 0, 0, 0, 0",30,0,"1, 10","0, 9, 0, 0, 3","4, 7, 11, 12, 16, 19, 26, 28, 31, 32, 35",8,"19, 16, 17",增加运用者的「百花谷」功法的威力上限,降低运用者的「百花谷」功法的发挥需求
22,九针十二原,1,九针十二原专修用针顺逆之法、诊脉望气之术、清浊运行之道，讲究“虚则实之，满则泄之”，因记载了九种针具、十二原穴而得名。,0,内功,Invalid,1,3,2,166,true,false,1,属性2=35; 属性5=80; 属性80=150; 属性58=150,18,744,1,0,1,true,"2, 0, 1, 3, 4, 5, 6",1,150,180,24,2,1,1,"0, 0, 3, -1",1,"0, 0, 0, 0","0, 0, 0, 0","外:0, 内:1","外:0, 内:0","外:0, 内:0",0,0,0,0,0,0,0,0,"0, 0, 0, 0, 0, 0",0,list,0,0,60,20,0,0,list2,0,0,-1,-1,"20, 20, 1, 20, 20, 20, 20",0,"0, 0, 0, 0",false,false,"0, 0, 0, 0, 0, 0, 0, 0, 0, 0, 0, 0",0,-1,,0,0,0,"0, 0, 0, 0",36,0,36,-1,-1,false,-1,-1,-1,0,0,0,"0, 0, 0, 0",0,0,0,0,0,list3,"0, 0, 0, 0, 0, 0, 0","0, 0, 0, 0, 0, 0, 0",40,0,"16, 32","0, 0, 9, 0, 3","4, 7, 11, 12, 16, 19, 26, 28, 31, 32, 35",12,"19, 16, 17",大幅提高运用者在战斗中「疗伤」的速度,大幅降低敌人在战斗中「疗伤」的速度
23,甲乙全篇,2,甲乙全篇乃各类医书之纲要，对人体血气之由来、经脉之起止、诸穴之位置、百病之生发等论述删繁就简，去芜存菁，继先人之所长，开未来之所往。,0,内功,Invalid,1,3,5,167,true,false,2,属性2=65; 属性5=65; 属性80=200; 属性58=200,19,745,2,1,2,true,1,1,200,270,36,-1,-1,1,"0, -1, 0, 3",1,"0, 0, 0, 0","0, 0, 0, 0","外:0, 内:0","外:0, 内:0","外:0, 内:0",0,0,0,0,0,0,1,1,"0, 0, 0, 0, 0, 0",0,list,0,0,100,20,0,0,list2,0,0,-1,-1,"20, 20, 1, 20, 20, 20, 20",0,"0, 0, 0, 0",false,false,"0, 0, 0, 0, 0, 0, 0, 0, 0, 0, 0, 0",0,-1,,0,0,0,"0, 0, 0, 0",36,0,36,-1,-1,false,-1,-1,-1,0,0,0,"0, 0, 0, 0",0,0,0,0,0,list3,"0, 0, 0, 0, 0, 0, 0","0, 0, 0, 0, 0, 0, 0",50,0,"0, 9","0, 0, 0, 9, 3",loopBonusSkillList,16,"19, 16, 17",减少运用者身体上的每个部位最多可被封闭的穴道数量,大幅减少运用者身体上的每个部位最多可被封闭的穴道数量，但如果运用者至少被封闭了3个穴道，运用者造成的直接内伤也会降低
24,内经灵枢篇,3,“法往古者，先知《针经》”。内经灵枢篇又称《黄帝针经》，经络、刺灸之说由此滥觞，其理深入浅出，涵盖广泛，乃医者用针之根基。,0,内功,Invalid,2,3,5,168,true,false,3,属性2=45; 属性5=100; 属性80=250; 属性58=250,20,746,2,1,3,true,1,2,250,360,48,-1,-1,2,"0, 0, 3, 1",2,"0, 0, 0, 0","0, 0, 0, 0","外:0, 内:1","外:0, 内:1","外:0, 内:1",0,0,0,0,0,0,0,0,"0, 0, 0, 0, 0, 0",0,list,0,0,100,20,0,0,list2,0,0,-1,-1,"20, 20, 1, 20, 20, 20, 20",0,"0, 0, 0, 0",false,false,"0, 0, 0, 0, 0, 0, 0, 0, 0, 0, 0, 0",0,-1,,0,0,0,"0, 0, 0, 0",36,0,36,-1,-1,false,-1,-1,-1,0,0,0,"0, 0, 0, 0",0,0,0,0,0,list3,"0, 0, 0, 0, 0, 0, 0","0, 0, 0, 0, 0, 0, 0",70,0,"2, 11","0, 0, 9, 3, 6",loopBonusSkillList,20,"19, 16, 17",大幅提高运用者在战斗中进行「疗伤」时能够治愈的伤势标记数量,大幅降低敌人在战斗中进行「疗伤」时能够治愈的伤势标记数量
25,金针伐脉功,4,金针伐脉功乃是以金针刺入人体诸穴之中，洗净骨髓，涤荡经脉，使人灵根固存，神府清畅，蕴气于内，御敌于外的奇术。,0,内功,Invalid,2,3,2,169,true,true,4,属性2=50; 属性5=110; 属性80=300; 属性58=300,21,747,3,1,4,true,"2, 0, 1, 3, 4, 5, 6",2,300,450,60,2,1,2,"0, 3, 0, 1",2,"0, 0, 0, 0","0, 0, 0, 0","外:0, 内:0","外:0, 内:0","外:0, 内:0",0,0,1,1,0,0,0,0,"0, 0, 0, 1, 0, 0",0,list,0,0,100,20,0,0,list2,0,0,-1,-1,"20, 20, 1, 20, 20, 20, 20",0,"0, 0, 0, 0",false,false,"0, 0, 0, 0, 0, 0, 0, 0, 0, 0, 0, 0",0,-1,,0,0,0,"0, 0, 0, 0",36,0,36,-1,-1,false,-1,-1,-1,0,0,0,"0, 0, 0, 0",0,0,0,0,0,list3,"0, 0, 0, 0, 0, 0, 0","0, 0, 0, 0, 0, 0, 0",90,0,"7, 20","0, 9, 0, 3, 6","4, 7, 11, 12, 16, 19, 26, 28, 31, 32, 35",24,"19, 16, 17",运用者至少有3个破绽或封穴时：根据运用者的当前根骨增加运用者的移动速度、攻击速度、施展速度、调息吐纳，且运用者的当前根骨会随时间持续消耗,敌人至少有3个破绽或封穴时：根据运用者的当前根骨减少敌人的移动速度、攻击速度、施展速度、调息吐纳，且运用者的当前根骨会随时间持续消耗
26,武当太和功,0,武当太和功以意催气，静中有动，讲求神气合一，身心相融，行走坐卧之时，皆可修炼，故为武当弟子稳固根基的重要法门。,0,内功,Invalid,1,4,5,170,true,false,0,属性2=35; 属性4=65; 属性80=100; 属性62=100,22,748,1,0,0,true,"0, 1",1,100,90,12,-1,-1,1,"0, 0, 1, 2",0,"0, 0, 0, 0","0, 0, 0, 0","外:0, 内:0","外:0, 内:0","外:0, 内:1",0,0,0,0,0,0,0,0,"0, 0, 0, 0, 0, 0",0,list,0,0,100,20,0,0,list2,0,0,-1,-1,"20, 20, 1, 20, 20, 20, 20",0,"0, 0, 0, 0",false,false,"0, 0, 0, 0, 0, 0, 0, 0, 0, 0, 0, 0",0,-1,,0,0,0,"0, 0, 0, 0",36,0,36,-1,-1,false,-1,-1,-1,0,0,0,"0, 0, 0, 0",0,0,0,0,0,list3,"0, 0, 0, 0, 0, 0, 0","0, 0, 0, 0, 0, 0, 0",20,5,"40, 40","0, 0, 3, 6, 0",loopBonusSkillList,8,"16, 17",增加运用者的「武当派」功法的威力上限,降低运用者的「武当派」功法的发挥需求
27,抱元守一,1,所谓：“纯素之道，唯神是守，守而勿失，与神为一”。抱元守一之法能去除心中杂念，使修习者达到精神内守、真气和顺的境界。,0,内功,Invalid,1,4,3,171,true,false,1,属性2=45; 属性4=70; 属性80=150; 属性62=150,23,749,1,0,1,true,"0, 1",1,150,180,24,3,1,1,"0, 0, 2, 1",0,"0, 0, 0, 0","0, 0, 0, 0","外:0, 内:1","外:0, 内:0","外:0, 内:0",0,0,0,0,0,0,0,0,"0, 0, 0, 0, 0, 0",0,list,0,0,100,20,0,0,list2,0,0,-1,-1,"20, 20, 1, 20, 20, 20, 20",0,"0, 0, 0, 0",false,false,"0, 0, 0, 0, 0, 0, 0, 0, 0, 0, 0, 0",0,-1,,0,0,0,"0, 0, 0, 0",36,0,36,-1,-1,false,-1,-1,-1,0,0,0,"0, 0, 0, 0",0,0,0,0,0,list3,"0, 0, 0, 0, 0, 0, 0","0, 0, 0, 0, 0, 0, 0",30,10,"0, 9","0, 0, 6, 3, 0","4, 7, 11, 12, 16, 19, 23, 24, 35",12,"16, 17",小幅增加运用者的「纯阳」类功法的威力,降低运用者的「纯阳」类功法的提气、架势消耗
28,一字混元桩,2,一字混元桩乃武当开派真人所传，修习时需独立守神，意沉丹田，如此，方能锻炼形、意、气、力，使形体不敝，精神不散。,0,内功,Invalid,1,4,5,172,true,false,2,属性2=65; 属性4=65; 属性80=200; 属性62=200,24,750,2,0,2,true,"0, 1, 5, 6",1,200,270,36,-1,-1,1,"0, 2, 0, 1",0,"0, 0, 0, 0","0, 0, 0, 0","外:0, 内:1","外:0, 内:1","外:0, 内:0",0,0,0,0,0,0,0,0,"0, 0, 0, 0, 0, 0",0,list,0,0,70,20,0,0,list2,0,0,-1,-1,"20, 20, 1, 20, 20, 20, 20",0,"0, 0, 0, 0",false,false,"0, 0, 0, 0, 0, 0, 0, 0, 0, 0, 0, 0",0,-1,,0,0,0,"0, 0, 0, 0",36,0,36,-1,-1,false,-1,-1,-1,0,0,0,"0, 0, 0, 0",0,0,0,0,0,list3,"0, 0, 0, 0, 0, 0, 0","0, 0, 0, 0, 0, 0, 0",40,15,"2, 11","0, 6, 0, 3, 0",loopBonusSkillList,16,"16, 17",运用者仅消耗提气时，会恢复等比例的架势,运用者仅消耗架势时，会恢复等比例的提气
29,罗天真诀十二桩,3,罗天，即天之最高处。罗天真诀十二桩刚柔并济，动静结合，能开通经络，补养诸脉，使阴阳平衡，真气自聚，故以无先无上、包罗诸天的大罗天为名。,0,内功,Invalid,2,4,3,173,true,false,3,属性2=55; 属性3=30; 属性4=60; 属性80=250; 属性62=250,25,751,2,0,3,true,"2, 0, 1, 5, 6",2,250,360,48,3,1,2,"2, 3, 1, 0",0,"0, 0, 0, 0","0, 0, 0, 0","外:0, 内:2","外:0, 内:1","外:0, 内:0",0,0,0,0,0,0,0,0,"0, 0, 0, 0, 0, 0",0,list,0,0,70,20,0,0,list2,0,0,-1,-1,"20, 20, 1, 20, 20, 20, 20",0,"0, 0, 0, 0",false,false,"0, 0, 0, 0, 0, 0, 0, 0, 0, 0, 0, 0",0,-1,,0,0,0,"0, 0, 0, 0",36,0,36,-1,-1,false,-1,-1,-1,0,0,0,"0, 0, 0, 0",0,0,0,0,0,list3,"0, 0, 0, 0, 0, 0, 0","0, 0, 0, 0, 0, 0, 0",50,20,"16, 35","6, 9, 3, 0, 0","4, 7, 11, 12, 16, 19, 23, 24, 35",20,"16, 17",将运用者的「紫霞」内力转化为「纯阳」内力，转化的比例越多，运用者的「纯阳」类功法的威力就提高越多；如果运用者原本没有「紫霞」内力，运用者不会被「紫霞」、「纯阳」类功法命中要害,将运用者的「玄阴」内力转化为「纯阳」内力，转化的比例越多，运用者的「纯阳」类功法的威力就提高越多；如果运用者原本没有「玄阴」内力，运用者不会被「玄阴」、「纯阳」类功法命中要害
30,洗髓金经,4,洗髓金经乃是导引行气之术，修习者能以真气冲刷经脉，修残补缺，去浊生清，使人耳聪目明，无所壅滞。,0,内功,Invalid,2,4,3,174,true,false,4,属性2=25; 属性3=45; 属性4=90; 属性80=300; 属性62=300,26,752,3,1,4,true,"2, 0, 1",2,300,450,60,3,1,2,"2, 0, 2, 2",0,"0, 0, 0, 0","0, 0, 0, 0","外:0, 内:0","外:0, 内:0","外:0, 内:0",0,0,0,0,0,0,0,0,"0, 0, 0, 2, 0, 0",0,list,0,0,100,20,0,0,list2,0,0,-1,-1,"20, 20, 1, 20, 20, 20, 20",0,"0, 0, 0, 0",false,false,"0, 0, 0, 0, 0, 0, 0, 0, 0, 0, 0, 0",0,-1,,0,0,0,"0, 0, 0, 0",36,0,36,-1,-1,false,-1,-1,-1,0,0,0,"0, 0, 0, 0",0,0,0,0,0,list3,"0, 0, 0, 0, 0, 0, 0","0, 0, 0, 0, 0, 0, 0",70,25,"1, 10","6, 0, 6, 6, 0","4, 7, 11, 12, 16, 19, 23, 24, 35",24,"16, 17",运用者的「纯阳」内力比例越高，运用者的卸力、拆招、闪避、守心就提高越多,运用者的「纯阳」内力比例越高，运用者的力道、精妙、迅疾、动心就提高越多
31,武当混元功,5,“混沌为一，元气之始”。武当混元功可使人收心入静，动合无形，精神专一，无欲无为，久之，则入虚极混沌之境，使阴阳之气自然而生。,0,内功,Invalid,2,4,5,175,true,false,5,属性2=75; 属性4=100; 属性80=350; 属性62=350,27,753,3,0,5,true,"2, 0, 3, 4",2,350,540,72,-1,-1,2,"1, 2, 3, 0",0,"0, 2, 0, 0","0, 1, 0, 0","外:0, 内:0","外:0, 内:0","外:0, 内:0",0,0,0,0,0,0,0,0,"0, 0, 0, 0, 0, 0",0,list,0,0,100,20,0,0,list2,0,0,-1,-1,"20, 20, 1, 20, 20, 20, 20",0,"0, 0, 0, 0",false,false,"0, 0, 0, 0, 0, 0, 0, 0, 0, 0, 0, 0",0,-1,,0,0,0,"0, 0, 0, 0",36,0,36,-1,-1,false,-1,-1,-1,0,0,0,"0, 0, 0, 0",0,0,0,0,0,list3,"0, 0, 0, 0, 0, 0, 0","0, 0, 0, 0, 0, 0, 0",90,35,"39, 23","3, 6, 9, 0, 0",loopBonusSkillList,28,"16, 17",如果敌人的攻击同时包含直接外伤和直接内伤，运用者受到的直接外伤降低60%,如果敌人的攻击同时包含直接外伤和直接内伤，运用者受到的直接内伤降低60%
32,太乙神功,6,相传太乙居于紫微垣中，司命之属皆从之。太乙神功又称“活神仙功”，乃是引动先天真气，回光注想的不二法门，能使修习者还丹至灵，成就仙身。,0,内功,Invalid,3,4,5,176,true,false,6,属性2=80; 属性4=110; 属性80=400; 属性62=400,28,754,4,1,6,true,"0, 1",3,400,630,84,-1,-1,3,"0, 3, 0, 4",2,"0, 0, 0, 0","1, 1, 1, 0","外:0, 内:0","外:1, 内:1","外:0, 内:0",0,0,0,0,0,0,0,0,"0, 0, 0, 0, 0, 0",0,list,0,0,100,20,0,0,list2,0,0,-1,-1,"20, 20, 1, 20, 20, 20, 20",0,"0, 0, 0, 0",false,false,"0, 0, 0, 0, 0, 0, 0, 0, 0, 0, 0, 0",0,-1,,0,0,0,"0, 0, 0, 0",36,0,36,-1,-1,false,-1,-1,-1,0,0,0,"0, 0, 0, 0",0,0,0,0,0,list3,"0, 0, 0, 0, 0, 0, 0","0, 0, 0, 0, 0, 0, 0",110,45,"6, 15","0, 9, 0, 12, 6",loopBonusSkillList,32,"16, 17",运用者的「道法」造诣越高，运用者在战斗中进行「疗伤」时能够治愈的伤势标记就越多,运用者的「道法」造诣越高，运用者在战斗中进行「驱毒」时能够驱除的毒素就越多
33,纯阳无极功,7,“古之仙者，炼日之精，身归纯阳，飞游太清”。纯阳无极功引神合气，化于无形，与大道同心，与自然同性，可令功成者百脉皆通，五气不绝。,0,内功,Invalid,3,4,3,177,true,false,7,属性2=55; 属性3=35; 属性4=115; 属性80=450; 属性62=450,29,755,4,1,7,true,"2, 0, 1",3,450,720,96,3,1,3,"3, 0, 3, 0",3,"0, 0, 0, 0","2, 2, 2, 0","外:0, 内:0","外:0, 内:0","外:0, 内:0",0,0,0,0,0,0,0,0,"0, 0, 0, 0, 0, 0",0,list,0,0,100,20,0,0,list2,0,0,-1,-1,"20, 20, 1, 20, 20, 20, 20",0,"0, 0, 0, 0",false,false,"0, 0, 0, 0, 0, 0, 0, 0, 0, 0, 0, 0",0,-1,,0,0,0,"0, 0, 0, 0",36,0,36,-1,-1,false,-1,-1,-1,0,0,0,"0, 0, 0, 0",0,0,0,0,0,list3,"0, 0, 0, 0, 0, 0, 0","0, 0, 0, 0, 0, 0, 0",130,60,"7, 21","9, 0, 9, 0, 9","4, 7, 11, 12, 16, 19, 23, 24, 35",36,"16, 17",运用者的内力属性为「纯阳」时，运用者所有的功法更难被「封禁」、「打断」；运用者受到「纯阳」、「金刚」、「紫霞」类功法的攻击时，直接重创伤害降低80%,运用者的内力属性为「纯阳」时，即使施展功法所需的身体部位已残毁，仍能继续施展，但功法威力降低；运用者受到「纯阳」、「金刚」、「紫霞」类功法的攻击时，如果该功法未能发挥十成威力，敌人会受到此功法的部分反噬伤害
34,元始先天功,8,元始者，混沌未分，乾坤未判；先天者，纯阳不变，生生不绝。元始先天功，乃于混沌内修炼纯阳本体之法，于一阳中化生天地万法之功，此功真妙无穷，若天与日，是先天之先，一炁元始，有道是：“一真返元，万神归一，真一守一，入吾神天”。,0,内功,Invalid,3,4,3,178,true,true,8,属性2=100; 属性4=120; 属性80=500; 属性62=500,1742,1743,5,1,8,true,"2, 0, 1",3,500,810,108,3,1,3,"1, 2, 1, 2",3,"0, 0, 0, 0","0, 0, 0, 0","外:1, 内:1","外:1, 内:1","外:0, 内:0",0,0,0,0,0,0,1,1,"0, 0, 0, 0, 0, 0",0,list,0,0,100,20,0,0,list2,0,0,-1,-1,"20, 20, 1, 20, 20, 20, 20",0,"0, 0, 0, 0",false,false,"0, 0, 0, 0, 0, 0, 0, 0, 0, 0, 0, 0",0,-1,,0,0,0,"0, 0, 0, 0",36,0,36,-1,-1,false,-1,-1,-1,0,0,0,"0, 0, 0, 0",0,0,0,0,0,list3,"0, 0, 0, 0, 0, 0, 0","0, 0, 0, 0, 0, 0, 0",160,80,"8, 23","6, 6, 6, 6, 3","4, 7, 11, 12, 16, 19, 23, 24, 35",40,"16, 17",战斗开始时，运用者获得相当于当前真气总数的先天罡气，敌人对运用者造成直接伤害时，敌人的攻击的内外功比例越不平均，先天罡气就能抵消其越多的直接伤害，消耗的先天罡气也会根据其内外功比例，增加运用者的提气、架势；运用者对敌人造成直接伤害时，先天罡气会稍稍恢复,战斗开始时，运用者获得相当于当前真气总数的后天罡气，运用者对敌人造成直接伤害时，运用者的攻击的内外功比例越平均，后天罡气就能增加其越多的直接伤害，消耗的后天罡气也会根据其内外功比例，减少敌人的提气、架势；敌人对运用者造成直接伤害时，后天罡气会稍稍恢复
35,吐浊纳清法,0,吐浊纳清法讲究“先吐后纳、吸念吐静、闭目冥心、摒杂除念”，如是修炼数次以后，便可调和诸脉，充盈丹田。,0,内功,Invalid,1,5,5,179,true,false,0,属性2=45; 属性3=55; 属性80=100; 属性62=80; 属性63=80,30,756,1,0,0,true,"2, 0, 1",1,100,90,12,-1,-1,3,"0, 0, 2, 0",1,"0, 0, 0, 0","0, 0, 0, 0","外:0, 内:0","外:0, 内:0","外:1, 内:0",0,0,0,0,0,0,0,0,"0, 0, 0, 0, 0, 0",0,list,0,0,40,15,0,0,list2,0,0,-1,-1,"20, 20, 1, 20, 20, 20, 20",0,"0, 0, 0, 0",false,false,"0, 0, 0, 0, 0, 0, 0, 0, 0, 0, 0, 0",0,-1,,0,0,0,"0, 0, 0, 0",36,0,36,-1,-1,false,-1,-1,-1,0,0,0,"0, 0, 0, 0",0,0,0,0,0,list3,"0, 0, 0, 0, 0, 0, 0","0, 0, 0, 0, 0, 0, 0",30,0,"0, 9","0, 0, 6, 0, 3",loopBonusSkillList,8,"19, 16, 17",小幅增加运用者的「元山派」功法的威力上限,降低运用者的「元山派」功法的发挥需求
36,小元山劲,1,小元山劲乃是元山弟子训练技击、运力的重要法门，修习时需以气发声，以声助力，虚实结合，刚柔有分。,0,内功,Invalid,1,5,4,180,true,false,1,属性2=50; 属性3=65; 属性80=150; 属性62=120; 属性63=120,31,757,1,2,1,false,"0, 1, 5, 6",1,150,180,24,4,1,1,"0, 2, 0, 1",0,"0, 0, 0, 0","0, 0, 0, 0","外:0, 内:0","外:0, 内:0","外:0, 内:0",0,0,0,0,1,0,0,0,"0, 0, 0, 0, 0, 0",0,list,0,0,70,15,0,0,list2,0,0,-1,-1,"20, 20, 1, 20, 20, 20, 20",0,"0, 0, 0, 0",false,false,"0, 0, 0, 0, 0, 0, 0, 0, 0, 0, 0, 0",0,-1,,0,0,0,"0, 0, 0, 0",36,0,36,-1,-1,false,-1,-1,-1,0,0,0,"0, 0, 0, 0",0,0,0,0,0,list3,"0, 0, 0, 0, 0, 0, 0","0, 0, 0, 0, 0, 0, 0",40,0,"1, 10","0, 6, 0, 3, 0","4, 7, 11, 12, 16, 19, 23, 24, 26, 28, 31, 32",12,"19, 16, 17",运用者的「归元」内力比例越高，运用者的御体、御气就提高越多,运用者的「归元」内力比例越高，运用者的破体、破气就提高越多
37,大元山劲,2,以力取巧，不过小胜；师法天地，方是大成。大元山劲合于物化，通于天地，功成者可知五行生克之道，明五行“亢乘”、“反侮”之用。,0,内功,Invalid,1,5,4,181,true,false,2,属性2=60; 属性3=70; 属性80=200; 属性62=160; 属性63=160,32,758,2,2,2,false,"2, 0, 1, 5, 6",1,200,270,36,4,1,1,"2, 0, 0, 1",0,"0, 0, 0, 0","0, 0, 0, 0","外:0, 内:0","外:0, 内:0","外:0, 内:0",0,1,0,0,0,0,0,0,"0, 0, 0, 0, 0, 0",0,list,0,0,60,15,0,0,list2,0,0,-1,-1,"20, 20, 1, 20, 20, 20, 20",0,"0, 0, 0, 0",false,false,"0, 0, 0, 0, 0, 0, 0, 0, 0, 0, 0, 0",0,-1,,0,0,0,"0, 0, 0, 0",36,0,36,-1,-1,false,-1,-1,-1,0,0,0,"0, 0, 0, 0",0,0,0,0,0,list3,"0, 0, 0, 0, 0, 0, 0","0, 0, 0, 0, 0, 0, 0",50,0,"16, 38","6, 0, 0, 3, 0","4, 7, 11, 12, 16, 19, 23, 24, 26, 28, 31, 32",16,"19, 16, 17",运用者的「归元」类功法会对内力属性为「玄阴」的人物造成更多直接伤害、反噬伤害,运用者的「归元」类功法会对内力属性为「紫霞」的人物造成更多直接伤害、反噬伤害
38,不念心诀,3,不念心诀讲求“念起即断，念起不随，念起即觉，觉之既无”，乃是息虑凝神，从而不起一念，观照明净的心法。,0,内功,Invalid,2,5,4,182,true,false,3,属性2=70; 属性3=75; 属性80=250; 属性62=200; 属性63=200,33,759,2,0,3,true,2,2,250,360,48,4,1,2,"2, 2, 0, 2",0,"0, 0, 0, 0","0, 0, 0, 0","外:0, 内:0","外:0, 内:0","外:1, 内:1",0,0,0,0,0,0,0,0,"0, 0, 1, 0, 0, 0",0,list,0,0,100,15,0,0,list2,0,0,-1,-1,"20, 20, 1, 20, 20, 20, 20",0,"0, 0, 0, 0",false,false,"0, 0, 0, 0, 0, 0, 0, 0, 0, 0, 0, 0",0,-1,,0,0,0,"0, 0, 0, 0",36,0,36,-1,-1,false,-1,-1,-1,0,0,0,"0, 0, 0, 0",0,0,0,0,0,list3,"0, 0, 0, 0, 0, 0, 0","0, 0, 0, 0, 0, 0, 0",70,0,"2, 11","6, 6, 0, 6, 0","4, 7, 11, 12, 16, 19, 23, 24, 26, 28, 31, 32",20,"19, 16, 17",将运用者的「金刚」内力转化为「归元」内力，转化的比例越多，运用者的「归元」类功法的威力就提高越多；如果运用者原本没有「金刚」内力，运用者不会被「金刚」、「归元」类功法命中要害,将运用者的「紫霞」内力转化为「归元」内力，转化的比例越多，运用者的「归元」类功法的威力就提高越多；如果运用者原本没有「紫霞」内力，运用者不会被「紫霞」、「归元」类功法命中要害
39,浑元无相功,4,“天无形，而万物以成；至精无象，而万物以化”。浑元无相功无形无相，执虚如盈，修习者不滞于物，不困于心，故能见实法惟一，真如不二。,0,内功,Invalid,2,5,4,183,true,true,4,属性2=80; 属性3=80; 属性80=300; 属性62=240; 属性63=240,34,760,3,1,4,true,"2, 0, 1, 5, 6",2,300,450,60,4,1,2,"0, 0, 2, 2",2,"0, 0, 0, 0","2, 2, 0, 0","外:0, 内:0","外:0, 内:0","外:0, 内:0",0,0,0,0,0,0,0,0,"0, 0, 0, 0, 0, 0",0,list,0,0,100,15,0,0,list2,0,0,-1,-1,"20, 20, 1, 20, 20, 20, 20",0,"0, 0, 0, 0",false,false,"0, 0, 0, 0, 0, 0, 0, 0, 0, 0, 0, 0",0,-1,,0,0,0,"0, 0, 0, 0",36,0,36,-1,-1,false,-1,-1,-1,0,0,0,"0, 0, 0, 0",0,0,0,0,0,list3,"0, 0, 0, 0, 0, 0, 0","0, 0, 0, 0, 0, 0, 0",90,0,"7, 22","0, 0, 6, 6, 6","4, 7, 11, 12, 16, 19, 23, 24, 26, 28, 31, 32",24,"19, 16, 17",运用者的「混元」类功法也会被视为「归元」类功法；运用者可在施展「归元」类摧破功法的过程中，点击消耗最少5点，最多15点运用者的「奇窍」真气，增加「归元」类摧破功法的攻击范围,运用者的「混元」类功法也会被视为「归元」类功法；运用者可在施展「归元」类摧破功法的过程中，点击消耗最少5点，最多15点运用者的「奇窍」真气，使该功法对敌人造成的直接伤害不会因状态效果降低
40,封口固气法,0,封口固气法乃是狮相门的独门气功，修习时需深吸一气，存于胸腹之间，而后运劲发力，破敌摧坚，虽可得一时之威，却不利内功修为。,0,内功,Invalid,1,6,5,184,true,false,0,属性3=130; 属性80=100,35,761,1,2,0,false,"2, 0, 1",1,100,90,12,-1,-1,1,"2, 0, 1, 0",0,"0, 0, 0, 0","0, 0, 0, 0","外:1, 内:0","外:1, 内:0","外:0, 内:0",0,0,0,0,0,0,0,0,"0, 0, 0, 0, 0, 0",0,list,0,0,30,15,0,0,list2,0,0,-1,-1,"20, 20, 1, 20, 20, 20, 20",0,"0, 0, 0, 0",false,false,"0, 0, 0, 0, 0, 0, 0, 0, 0, 0, 0, 0",0,-1,,0,0,0,"0, 0, 0, 0",36,0,36,-1,-1,false,-1,-1,-1,0,0,0,"0, 0, 0, 0",0,0,0,0,0,list3,"0, 0, 0, 0, 0, 0, 0","0, 0, 0, 0, 0, 0, 0",30,0,"3, 5","6, 0, 3, 0, 0",loopBonusSkillList,8,"0, 1, 2, 3, 19, 16, 17",增加运用者的「狮相门」功法的威力上限,降低运用者的「狮相门」功法的发挥需求
41,十三太保横练功,1,十三太保横练功乃是外练皮肉，内修筋骨的应敌之法，修习者以木棍击打胸背、铁砂锻炼指掌，功成后身如铁石，有刀枪不入之势，但因速求成效，常需以伤药辅助。,0,内功,Invalid,1,6,0,185,true,false,1,属性3=145; 属性80=150,36,762,1,2,1,false,"2, 0, 1, 3, 4, 5, 6",1,150,180,24,0,2,1,"0, 0, 2, 0",1,"1, 0, 0, 0","0, 0, 0, 0","外:0, 内:0","外:0, 内:0","外:0, 内:0",0,0,0,0,0,0,0,0,"0, 0, 0, 0, 0, 0",0,list,0,0,0,15,0,0,list2,0,0,-1,-1,"20, 20, 1, 20, 20, 20, 20",0,"0, 0, 0, 0",false,false,"0, 0, 0, 0, 0, 0, 0, 0, 0, 0, 0, 0",0,-1,,0,0,0,"0, 0, 0, 0",36,0,36,-1,-1,false,-1,-1,-1,0,0,0,"0, 0, 0, 0",0,0,0,0,0,list3,"0, 0, 0, 0, 0, 0, 0","0, 0, 0, 0, 0, 0, 0",40,0,"16, 24","0, 0, 6, 0, 3","46, 48, 52, 61, 63, 69",12,"0, 1, 2, 3, 19, 16, 17",运用者在本场战斗中受到敌人同一个功法的连续攻击时，每次均会累积降低运用者受到的伤害，最多累积3次,运用者在本场战斗中以同一个功法连续攻击敌人时，每次均会累积提高运用者造成的伤害，最多累积3次
42,铁鼎金身功,2,铁鼎金身功讲究昼夜苦修，运气于表，能使人筋骨皆硬，质比金石，及至如铁鼎、金身一般毫无破绽，难以动摇。,0,内功,Invalid,1,6,0,186,true,false,2,属性3=160; 属性80=200,37,763,2,2,2,false,"2, 0, 1, 3, 4, 5, 6",1,200,270,36,0,2,1,"1, 0, 2, 0",0,"0, 0, 0, 0","0, 0, 0, 0","外:0, 内:0","外:1, 内:0","外:0, 内:0",0,0,0,0,0,0,0,0,"0, 0, 0, 0, 0, 0",0,list,0,0,30,15,0,0,list2,0,0,-1,-1,"20, 20, 1, 20, 20, 20, 20",0,"0, 0, 0, 0",false,false,"0, 0, 0, 0, 0, 0, 0, 0, 0, 0, 0, 0",0,-1,,0,0,0,"0, 0, 0, 0",36,0,36,-1,-1,false,-1,-1,-1,0,0,0,"0, 0, 0, 0",0,0,0,0,0,list3,"0, 0, 0, 0, 0, 0, 0","0, 0, 0, 0, 0, 0, 0",50,0,"7, 18","3, 0, 6, 0, 0","46, 48, 52, 61, 63, 69",16,"0, 1, 2, 3, 19, 16, 17",减少运用者身体上的每个部位最多出现的破绽数量,大幅减少运用者身体上的每个部位最多出现的破绽数量，但如果运用者至少出现了3个破绽，运用者造成的直接外伤也会降低
43,光明狮子劲,3,光明狮子劲以身为弓，以体为箭，能聚全身劲力于一处，使人一举手一投足间皆有列缺之威、雷霆之力，宛如狮王怒吼，大放光明。,0,内功,Invalid,2,6,5,187,true,false,3,属性3=175; 属性80=250,38,764,2,2,3,false,"2, 0, 1, 3, 4, 5, 6",2,250,360,48,-1,-1,2,"2, 0, 0, 2",2,"1, 0, 0, 0","2, 0, 0, 0","外:0, 内:0","外:0, 内:0","外:0, 内:0",0,0,0,0,0,0,0,0,"0, 0, 0, 0, 0, 0",0,list,0,0,30,15,0,0,list2,0,0,-1,-1,"20, 20, 1, 20, 20, 20, 20",0,"0, 0, 0, 0",false,false,"0, 0, 0, 0, 0, 0, 0, 0, 0, 0, 0, 0",0,-1,,0,0,0,"0, 0, 0, 0",36,0,36,-1,-1,false,-1,-1,-1,0,0,0,"0, 0, 0, 0",0,0,0,0,0,list3,"0, 0, 0, 0, 0, 0, 0","0, 0, 0, 0, 0, 0, 0",70,0,"12, 14","6, 0, 0, 6, 6",loopBonusSkillList,20,"0, 1, 2, 3, 19, 16, 17",大幅增加运用者的「膂力」上限，「膂力」所增加的卸力会根据运用者的精纯大幅提高,大幅增加运用者的「膂力」上限，「膂力」所增加的力道会根据运用者的精纯大幅提高
44,大威勇神通,4,“铁骑绕龙城，弓鸣断绝鳞，虎狮奋风雷，威勇第一魁”。于冲锋陷阵，千百次血战中磨砺而出的神威，虽不拘于吐纳修为，却极重胆气与心境，非久经战阵之人不能精通。,0,内功,Invalid,2,6,0,188,true,true,4,属性3=190; 属性80=300,1710,1711,2,2,4,false,"2, 0, 1, 3, 4, 5, 6",2,300,450,60,0,2,2,"2, 0, 2, 2",0,"0, 0, 0, 0","0, 0, 0, 0","外:1, 内:0","外:1, 内:0","外:1, 内:0",0,0,0,0,0,0,0,0,"0, 0, 0, 0, 0, 0",0,list,0,0,0,15,0,0,list2,0,0,-1,-1,"20, 20, 1, 20, 20, 20, 20",0,"0, 0, 0, 0",false,false,"0, 0, 0, 0, 0, 0, 0, 0, 0, 0, 0, 0",0,-1,,0,0,0,"0, 0, 0, 0",36,0,36,-1,-1,false,-1,-1,-1,0,0,0,"0, 0, 0, 0",0,0,0,0,0,list3,"0, 0, 0, 0, 0, 0, 0","0, 0, 0, 0, 0, 0, 0",90,0,"6, 8","9, 0, 6, 3, 0","46, 48, 52, 61, 63, 69",24,"0, 1, 2, 3, 19, 16, 17",运用者至少有4个重创标记时：根据运用者的当前膂力降低敌人对运用者造成的直接重创伤害，且运用者的当前膂力会随时间逐渐消耗,敌人至少有4个重创标记时：根据运用者的当前膂力提高运用者对敌人造成的直接重创伤害，且运用者的当前膂力会随时间逐渐消耗
45,养志法,0,“有所欲，志存而思之。志者，欲之使也”。养志法乃是存志使欲，凝心固气，使人神志清明、思理通达的内家心法。,0,内功,Invalid,1,7,1,189,true,false,0,属性2=25; 属性5=75; 属性80=100; 属性54=80; 属性65=80,39,765,1,3,0,true,2,1,100,90,12,1,2,1,"1, 2, 0, 0",0,"0, 0, 0, 0","0, 0, 0, 1","外:0, 内:0","外:0, 内:0","外:0, 内:0",0,0,0,0,0,0,0,0,"0, 0, 0, 0, 0, 0",0,list,0,0,100,15,0,0,list2,0,0,-1,-1,"20, 20, 1, 20, 20, 20, 20",0,"0, 0, 0, 0",false,false,"0, 0, 0, 0, 0, 0, 0, 0, 0, 0, 0, 0",0,-1,,0,0,0,"0, 0, 0, 0",36,0,36,-1,-1,false,-1,-1,-1,0,0,0,"0, 0, 0, 0",0,0,0,0,0,list3,"0, 0, 0, 0, 0, 0, 0","0, 0, 0, 0, 0, 0, 0",20,5,"16, 27","3, 6, 0, 0, 0","40, 43, 61, 63, 69",8,"16, 17",增加运用者的「然山派」功法的威力上限,降低运用者的「然山派」功法的发挥需求
46,转圆法,1,转圆法用圆求合，与造化为始，转化接物，以观进退，以不测之智求混沌之道，故能有无穷之计。,0,内功,Invalid,1,7,5,190,true,false,1,属性1=25; 属性5=90; 属性80=150; 属性54=120; 属性65=120,40,766,1,3,1,true,2,1,150,180,24,-1,-1,1,"0, 0, 2, 1",0,"0, 0, 0, 0","0, 0, 0, 0","外:0, 内:0","外:0, 内:0","外:0, 内:0",0,0,0,1,0,0,0,0,"0, 0, 0, 0, 0, 0",0,list,0,0,100,15,0,0,list2,0,0,-1,-1,"20, 20, 1, 20, 20, 20, 20",0,"0, 0, 0, 0",false,false,"0, 0, 0, 0, 0, 0, 0, 0, 0, 0, 0, 0",0,-1,,0,0,0,"0, 0, 0, 0",36,0,36,-1,-1,false,-1,-1,-1,0,0,0,"0, 0, 0, 0",0,0,0,0,0,list3,"0, 0, 0, 0, 0, 0, 0","0, 0, 0, 0, 0, 0, 0",30,10,"40, 40","0, 0, 6, 3, 0",loopBonusSkillList,12,"16, 17",运用者的处世立场为中庸时，小幅增加运用者所有功法的威力；当运用者与敌人的处世立场相近时，小幅增加运用者所有功法的威力,运用者的处世立场为中庸时，小幅增加运用者所有功法的威力；当运用者与敌人的处世立场对立时，小幅增加运用者所有功法的威力
47,实意法,2,实意法讲究静心远虑，无为而求，精神固守，内视反听，修习者思之太虚，待神往来，可使五脏和通，可知阴阳造化。,0,内功,Invalid,1,7,1,191,true,false,2,属性4=25; 属性5=105; 属性80=200; 属性54=160; 属性65=160,41,767,2,3,2,true,2,1,200,270,36,1,2,1,"2, 1, 0, 0",0,"0, 0, 0, 0","0, 0, 0, 0","外:0, 内:1","外:0, 内:0","外:0, 内:0",0,0,0,0,0,0,0,0,"0, 0, 0, 0, 0, 0",0,list,0,0,100,15,0,0,list2,0,0,-1,-1,"20, 20, 1, 20, 20, 20, 20",0,"0, 0, 0, 0",false,false,"0, 0, 0, 0, 0, 0, 0, 0, 0, 0, 0, 0",0,-1,,0,0,0,"0, 0, 0, 0",36,0,36,-1,-1,false,-1,-1,-1,0,0,0,"0, 0, 0, 0",0,0,0,0,0,list3,"0, 0, 0, 0, 0, 0, 0","0, 0, 0, 0, 0, 0, 0",40,15,"2, 14","6, 3, 0, 0, 0","40, 43, 61, 63, 69",16,"16, 17",当运用者的内力属性为「紫霞」时，降低「归元」类功法对运用者造成的直接伤害、反噬伤害,当运用者的内力属性为「紫霞」时，降低「金刚」类功法对运用者造成的直接伤害、反噬伤害
48,损悦法,3,“悦者，知之也。损者，行之也”。损悦法效仿圣人，以无为待有德，观事之适然、物之成败，以为机危之决，故能使人辞不烦而心不虚，志不乱而意不邪。,0,内功,Invalid,2,7,5,192,true,false,3,属性2=35; 属性5=110; 属性80=250; 属性54=200; 属性65=200,42,768,2,3,3,true,2,2,250,360,48,-1,-1,2,"0, 2, 2, 2",0,"0, 0, 0, 2","0, 0, 0, 1","外:0, 内:0","外:0, 内:0","外:0, 内:0",0,0,0,0,0,0,0,0,"0, 0, 0, 0, 0, 0",0,list,0,0,100,15,0,0,list2,0,0,-1,-1,"20, 20, 1, 20, 20, 20, 20",0,"0, 0, 0, 0",false,false,"0, 0, 0, 0, 0, 0, 0, 0, 0, 0, 0, 0",0,-1,,0,0,0,"0, 0, 0, 0",36,0,36,-1,-1,false,-1,-1,-1,0,0,0,"0, 0, 0, 0",0,0,0,0,0,list3,"0, 0, 0, 0, 0, 0, 0","0, 0, 0, 0, 0, 0, 0",50,20,"0, 12","0, 6, 6, 6, 0",loopBonusSkillList,20,"16, 17",大幅增加运用者的「悟性」上限，「悟性」所增加的拆招会根据运用者的精纯大幅提高,大幅增加运用者的「悟性」上限，「悟性」所增加的精妙会根据运用者的精纯大幅提高
49,盛神法,4,五气者，志、思、神、心、德也。神为之长，心为之舍，德为之大，养神之所，归之于道。盛神法蕴养五气，化神于身，能使人同天合道，志虑不衰。,0,内功,Invalid,2,7,1,193,true,false,4,属性3=30; 属性5=130; 属性80=300; 属性54=240; 属性65=240,43,769,3,3,4,true,2,2,300,450,60,1,2,2,"2, 2, 0, 2",0,"0, 0, 0, 0","0, 0, 0, 0","外:0, 内:0","外:0, 内:0","外:0, 内:0",0,0,0,0,0,0,0,0,"0, 0, 0, 0, 1, 1",0,list,0,0,100,15,0,0,list2,0,0,-1,-1,"20, 20, 1, 20, 20, 20, 20",0,"0, 0, 0, 0",false,false,"0, 0, 0, 0, 0, 0, 0, 0, 0, 0, 0, 0",0,-1,,0,0,0,"0, 0, 0, 0",36,0,36,-1,-1,false,-1,-1,-1,0,0,0,"0, 0, 0, 0",0,0,0,0,0,list3,"0, 0, 0, 0, 0, 0, 0","0, 0, 0, 0, 0, 0, 0",70,25,"2, 14","6, 6, 0, 6, 0","40, 43, 61, 63, 69",24,"16, 17",运用者所有功法的威力会每个月不断增加并累积最多5次，但每次战斗结束后，这些增加的威力就会小幅减少,运用者每次战斗结束后，运用者所有功法的威力就会增加并累积最多10次，这些增加的威力会每个月不断减少
50,分威法,5,分威者，分人之威也。修炼分威法时需以意炼神，避高趋下，避实击虚，如兵无常势，水无常形，从而使志意坚固，神归其舍，动变见形，无能间者。,0,内功,Invalid,2,7,1,194,true,false,5,属性4=35; 属性5=140; 属性80=350; 属性54=280; 属性65=280,44,770,3,3,5,true,2,2,350,540,72,1,2,2,"2, 1, 3, 0",0,"0, 0, 0, 0","0, 2, 2, 0","外:0, 内:0","外:0, 内:0","外:0, 内:0",0,0,0,0,0,0,0,0,"0, 0, 0, 0, 0, 0",0,list,0,0,100,15,0,0,list2,0,0,-1,-1,"20, 20, 1, 20, 20, 20, 20",0,"0, 0, 0, 0",false,false,"0, 0, 0, 0, 0, 0, 0, 0, 0, 0, 0, 0",0,-1,,0,0,0,"0, 0, 0, 0",36,0,36,-1,-1,false,-1,-1,-1,0,0,0,"0, 0, 0, 0",0,0,0,0,0,list3,"0, 0, 0, 0, 0, 0, 0","0, 0, 0, 0, 0, 0, 0",90,35,"7, 19","6, 3, 9, 0, 0","40, 43, 61, 63, 69",28,"16, 17",运用者的「混元」类功法也会被视为「紫霞」类功法；运用者可在施展「紫霞」类摧破功法的过程中，点击消耗最少5点，最多15点运用者的「奇窍」真气，增加「紫霞」类摧破功法的攻击范围,运用者的「混元」类功法也会被视为「紫霞」类功法；运用者可在施展「紫霞」类摧破功法的过程中，点击消耗最少5点，最多15点运用者的「奇窍」真气，使该功法对敌人造成的直接伤害不会因状态效果降低
51,散势法,6,散势法内精五气，外视虚实，功成者威肃内盛，循间而动，随其志意，知其计谋，而不失分散之实，故得利害之决、权变之威。,0,内功,Invalid,3,7,1,195,true,false,6,属性2=40; 属性5=150; 属性80=400; 属性54=320; 属性65=320,45,771,4,3,6,true,2,3,400,630,84,1,2,3,"3, 0, 4, 0",2,"0, 0, 0, 2","0, 0, 0, 2","外:0, 内:1","外:0, 内:0","外:0, 内:0",0,0,0,0,0,0,0,0,"0, 0, 0, 0, 0, 0",0,list,0,0,100,15,0,0,list2,0,0,-1,-1,"20, 20, 1, 20, 20, 20, 20",0,"0, 0, 0, 0",false,false,"0, 0, 0, 0, 0, 0, 0, 0, 0, 0, 0, 0",0,-1,,0,0,0,"0, 0, 0, 0",36,0,36,-1,-1,false,-1,-1,-1,0,0,0,"0, 0, 0, 0",0,0,0,0,0,list3,"0, 0, 0, 0, 0, 0, 0","0, 0, 0, 0, 0, 0, 0",110,45,"15, 17","9, 0, 12, 0, 6","40, 43, 61, 63, 69",32,"16, 17",运用者的内力属性为「紫霞」时，运用者所有的功法更难被「封禁」、「打断」；运用者受到「紫霞」、「归元」、「玄阴」类功法的攻击时，直接重创伤害降低80%,运用者的内力属性为「紫霞」时，即使施展功法所需的身体部位已残毁，仍能继续施展，但功法威力降低；运用者受到「紫霞」、「归元」、「玄阴」类功法的攻击时，如果该功法未能发挥十成威力，敌人会受到此功法的部分反噬伤害
52,玄微真术,7,鬼谷子号玄微。玄微真术乃是鬼谷祖师亲传，其法鉴彼知此，以往观来，变化无穷，各有所归，可使人运筹帷幄，奇策百出，制胜无形，纵横天下。,0,内功,Invalid,3,7,5,196,true,true,7,属性4=45; 属性5=160; 属性80=450; 属性54=360; 属性65=360,46,772,4,3,7,true,2,3,450,720,96,-1,-1,3,"0, 3, 0, 3",3,"0, 0, 0, 0","0, 0, 0, 0","外:1, 内:1","外:1, 内:2","外:0, 内:0",0,0,0,0,0,0,0,0,"0, 0, 0, 0, 0, 0",0,list,0,0,100,15,0,0,list2,0,0,-1,-1,"20, 20, 1, 20, 20, 20, 20",0,"0, 0, 0, 0",false,false,"0, 0, 0, 0, 0, 0, 0, 0, 0, 0, 0, 0",0,-1,,0,0,0,"0, 0, 0, 0",36,0,36,-1,-1,false,-1,-1,-1,0,0,0,"0, 0, 0, 0",0,0,0,0,0,list3,"0, 0, 0, 0, 0, 0, 0","0, 0, 0, 0, 0, 0, 0",130,60,"39, 23","0, 9, 0, 9, 9",loopBonusSkillList,36,"16, 17",战斗开始时，大幅增加运用者的「奇窍」真气；大幅提高运用者的「奇窍」真气在战斗中的获得量；大幅降低运用者的「奇窍」真气在战斗中的损耗量,战斗开始时，大幅减少敌人及其助战的同道的「奇窍」真气；大幅降低敌人的「奇窍」真气在战斗中的获得量；大幅提高敌人的「奇窍」真气在战斗中的损耗量
53,天髓宝箓,8,“祖师灵文，真法消难：免山河水起之厄、免刀剑劫贼之厄、免生魂鬼聚之厄、免狂鬼咒诅之厄、免百万军阵之厄、免水火盗贼之厄”。习此宝箓，可洞彻玄功，超凡化圣，可解罪消愆，济世救人，得此庇护，可修真仙。,0,内功,Invalid,3,7,1,197,true,true,8,属性2=50; 属性5=170; 属性80=500; 属性54=400; 属性65=400,1746,1747,5,3,8,true,2,3,500,810,108,1,2,3,"1, 1, 1, 4",2,"0, 0, 0, 3","0, 0, 0, 3","外:0, 内:0","外:0, 内:0","外:0, 内:0",0,0,0,0,0,0,0,0,"0, 0, 0, 0, 0, 0",0,list,0,0,100,15,0,0,list2,0,0,-1,-1,"20, 20, 1, 20, 20, 20, 20",0,"0, 0, 0, 0",false,false,"0, 0, 0, 0, 0, 0, 0, 0, 0, 0, 0, 0",0,-1,,0,0,0,"0, 0, 0, 0",36,0,36,-1,-1,false,-1,-1,-1,0,0,0,"0, 0, 0, 0",0,0,0,0,0,list3,"0, 0, 0, 0, 0, 0, 0","0, 0, 0, 0, 0, 0, 0",160,80,"7, 39","3, 9, 3, 9, 3","40, 43, 61, 63, 69",40,"16, 17",战斗开始时，运用者以真元化出5道“灵文”可择机使用：神剑灵文，运用者立即获得6个可用蓄式；换舍灵文，运用者立即恢复所有提气、架势；伏藏灵文，运用者立即恢复所有脚力；引神灵文，运用者所有低于初始值的真气不可避免地倍增；驱六戊灵文，运用者所有功法的封禁时间立即结束。每道“灵文”，每场战斗可使用3次,战斗开始时，运用者以真元化出5道“秘文”可择机使用：神剑秘文，敌人立即失去6个可用蓄式；换舍秘文，敌人立即失去所有提气、架势；伏藏秘文，敌人立即失去所有脚力；引神秘文，敌人所有高于初始值的真气不可避免地减半；驱六戊秘文，敌人所有功法的封禁时间立即倍增。每道“秘文”，每场战斗可使用3次
54,璇女心诀,0,璇女心诀乃是璇女派的入门心法，修习时需双目垂帘，虚以待物，使听止于耳，心止于符。,0,内功,Invalid,1,8,2,198,true,false,0,属性4=65; 属性5=35; 属性80=100; 属性53=80; 属性62=80,47,773,1,0,0,true,"0, 1, 3, 4",1,100,90,12,2,2,1,"1, 2, 0, 0",0,"0, 0, 0, 1","0, 0, 0, 0","外:0, 内:0","外:0, 内:0","外:0, 内:0",0,0,0,0,0,0,0,0,"0, 0, 0, 0, 0, 0",0,list,0,0,100,20,0,0,list2,0,0,-1,-1,"20, 20, 1, 20, 20, 20, 20",0,"0, 0, 0, 0",false,false,"0, 0, 0, 0, 0, 0, 0, 0, 0, 0, 0, 0",0,-1,,0,0,0,"0, 0, 0, 0",36,0,36,-1,-1,false,-1,-1,-1,0,0,0,"0, 0, 0, 0",0,0,0,0,0,list3,"0, 0, 0, 0, 0, 0, 0","0, 0, 0, 0, 0, 0, 0",30,0,"9, 15","3, 6, 0, 0, 0","40, 43, 46, 48, 52, 63, 69",8,"19, 16, 17",增加运用者的「璇女派」功法的威力上限,降低运用者的「璇女派」功法的发挥需求
55,玉骨功,1,欲成仙者，先修根骨。玉骨功以丹田真气为根基，自然虚静，引清去浊，从而洁净经脉，敛气入骨。,0,内功,Invalid,1,8,2,199,true,false,1,属性4=70; 属性5=45; 属性80=150; 属性53=120; 属性62=120,48,774,1,1,1,true,"0, 1",1,150,180,24,2,2,1,"0, 1, 0, 2",0,"0, 0, 0, 0","0, 0, 0, 0","外:0, 内:0","外:0, 内:0","外:0, 内:0",0,0,0,0,0,1,0,0,"0, 0, 0, 0, 0, 0",0,list,0,0,100,20,0,0,list2,0,0,-1,-1,"20, 20, 1, 20, 20, 20, 20",0,"0, 0, 0, 0",false,false,"0, 0, 0, 0, 0, 0, 0, 0, 0, 0, 0, 0",0,-1,,0,0,0,"0, 0, 0, 0",36,0,36,-1,-1,false,-1,-1,-1,0,0,0,"0, 0, 0, 0",0,0,0,0,0,list3,"0, 0, 0, 0, 0, 0, 0","0, 0, 0, 0, 0, 0, 0",40,0,"16, 30","0, 3, 0, 6, 0","40, 43, 46, 48, 52, 63, 69",12,"19, 16, 17",运用者的「玄阴」内力比例越高，运用者的御体、御气就提高越多,运用者的「玄阴」内力比例越高，运用者的破体、破气就提高越多
56,望舒御月功,2,日称太阳，月为太阴。望舒御月功化象于表，凝神于中，藏阴于内，成功于外，修习者常觉终日清凉，不为阴气所伤。,0,内功,Invalid,1,8,2,200,true,false,2,属性1=75; 属性5=55; 属性80=200; 属性53=160; 属性62=160,49,775,2,0,2,true,"1, 5, 6",1,200,270,36,2,2,1,"0, 2, 1, 0",0,"0, 0, 0, 0","0, 0, 0, 1","外:0, 内:0","外:0, 内:0","外:0, 内:0",0,0,0,0,0,0,0,0,"0, 0, 0, 0, 0, 0",0,list,0,0,70,20,0,0,list2,0,0,-1,-1,"20, 20, 1, 20, 20, 20, 20",0,"0, 0, 0, 0",false,false,"0, 0, 0, 0, 0, 0, 0, 0, 0, 0, 0, 0",0,-1,,0,0,0,"0, 0, 0, 0",36,0,36,-1,-1,false,-1,-1,-1,0,0,0,"0, 0, 0, 0",0,0,0,0,0,list3,"0, 0, 0, 0, 0, 0, 0","0, 0, 0, 0, 0, 0, 0",50,0,"40, 40","0, 6, 3, 0, 0","40, 43, 46, 48, 52, 63, 69",16,"19, 16, 17",运用者的「玄阴」类功法会对内力属性为「纯阳」的人物造成更多直接伤害、反噬伤害,运用者的「玄阴」类功法会对内力属性为「归元」的人物造成更多直接伤害、反噬伤害
57,少阴一明珏,3,三阴离合，少阴为枢。少阴一明珏以阴成形，化育真神，功成者可散去周身热力而通诸经脉，乃至心息相依，杂念全无。,0,内功,Invalid,2,8,2,201,true,true,3,属性4=85; 属性5=60; 属性80=250; 属性53=200; 属性62=200,50,776,2,1,3,true,"2, 0, 1",2,250,360,48,2,2,2,"3, 2, 1, 0",0,"0, 0, 0, 1","0, 0, 0, 0","外:0, 内:0","外:0, 内:0","外:0, 内:0",0,0,1,1,0,0,0,0,"0, 0, 0, 0, 0, 0",0,list,0,0,100,20,0,0,list2,0,0,-1,-1,"20, 20, 1, 20, 20, 20, 20",0,"0, 0, 0, 0",false,false,"0, 0, 0, 0, 0, 0, 0, 0, 0, 0, 0, 0",0,-1,,0,0,0,"0, 0, 0, 0",36,0,36,-1,-1,false,-1,-1,-1,0,0,0,"0, 0, 0, 0",0,0,0,0,0,list3,"0, 0, 0, 0, 0, 0, 0","0, 0, 0, 0, 0, 0, 0",70,0,"11, 17","9, 6, 3, 0, 0","40, 43, 46, 48, 52, 63, 69",20,"19, 16, 17",大幅增加运用者的「根骨」上限，「根骨」所增加的御气会根据运用者的精纯大幅提高,大幅增加运用者的「根骨」上限，「根骨」所增加的破气会根据运用者的精纯大幅提高
58,西华真经,4,西华者，西王母也，女子之登仙得道者，咸所隶焉。西华真经效法西华之至妙、洞阴之极尊，清虚凝寂，湛体无为，可使人心不劳而力不费，神不乱而气不竭。,0,内功,Invalid,2,8,2,202,true,true,4,属性4=95; 属性5=65; 属性80=300; 属性53=240; 属性62=240,51,777,3,0,4,true,"2, 0, 1",2,300,450,60,2,2,2,"2, 0, 2, 2",0,"0, 0, 0, 0","0, 0, 0, 0","外:0, 内:1","外:0, 内:2","外:0, 内:0",0,0,0,0,0,0,0,0,"0, 0, 0, 0, 0, 0",0,list,0,0,100,20,0,0,list2,0,0,-1,-1,"20, 20, 1, 20, 20, 20, 20",0,"0, 0, 0, 0",false,false,"0, 0, 0, 0, 0, 0, 0, 0, 0, 0, 0, 0",0,-1,,0,0,0,"0, 0, 0, 0",36,0,36,-1,-1,false,-1,-1,-1,0,0,0,"0, 0, 0, 0",0,0,0,0,0,list3,"0, 0, 0, 0, 0, 0, 0","0, 0, 0, 0, 0, 0, 0",90,0,"0, 6","6, 0, 6, 6, 0","40, 43, 46, 48, 52, 63, 69",24,"19, 16, 17",运用者的「玄阴」内力比例越高，运用者的卸力、拆招、闪避、守心就提高越多,运用者的「玄阴」内力比例越高，运用者的力道、精妙、迅疾、动心就提高越多
59,帝女神功,5,帝女神功无意无为，不耽不著，外合自然，内练玄丹，功成者身心不妄，真道不失，面生玉光，体有金泽，宛如帝女乘灵舆，玄风下紫虚。,0,内功,Invalid,2,8,2,203,true,true,5,属性4=100; 属性5=75; 属性80=350; 属性53=280; 属性62=280,52,778,3,1,5,true,"0, 1, 5, 6",2,350,540,72,2,2,2,"2, 0, 0, 2",2,"0, 0, 0, 0","0, 0, 0, 0","外:1, 内:2","外:0, 内:0","外:0, 内:0",0,0,0,0,0,0,0,0,"0, 0, 0, 0, 0, 0",0,list,0,0,100,20,0,0,list2,0,0,-1,-1,"20, 20, 1, 20, 20, 20, 20",0,"0, 0, 0, 0",false,false,"0, 0, 0, 0, 0, 0, 0, 0, 0, 0, 0, 0",0,-1,,0,0,0,"0, 0, 0, 0",36,0,36,-1,-1,false,-1,-1,-1,0,0,0,"0, 0, 0, 0",0,0,0,0,0,list3,"0, 0, 0, 0, 0, 0, 0","0, 0, 0, 0, 0, 0, 0",110,0,"2, 8","6, 0, 0, 6, 6","40, 43, 46, 48, 52, 63, 69",28,"19, 16, 17",将运用者的「紫霞」内力转化为「玄阴」内力，转化的比例越多，运用者的「玄阴」类功法的威力就提高越多；如果运用者原本没有「紫霞」内力，运用者不会被「紫霞」、「玄阴」类功法命中要害,将运用者的「纯阳」内力转化为「玄阴」内力，转化的比例越多，运用者的「玄阴」类功法的威力就提高越多；如果运用者原本没有「纯阳」内力，运用者不会被「纯阳」、「玄阴」类功法命中要害
60,瑶池仙浴法,6,瑶池仙浴法乘阴化阳，寂感真神，动静相合，有无皆知，修习时八景合气，五云垂晖，如见寒风生玉树，凉气下瑶池，可令修习者开明聪察，守玄抱一，达于微妙，神气不离。,0,内功,Invalid,3,8,2,204,true,true,6,属性1=100; 属性4=90; 属性80=400; 属性53=320; 属性62=320,53,779,4,0,6,true,"5, 6",3,400,630,84,2,2,3,"2, 5, 0, 2",0,"0, 0, 0, 2","0, 0, 0, 2","外:0, 内:0","外:0, 内:0","外:0, 内:0",0,0,0,0,0,0,0,0,"0, 0, 0, 0, 0, 0",0,,0,0,100,20,0,0,,0,0,-1,-1,"20, 20, 1, 20, 20, 20, 20",0,"0, 0, 0, 0",false,false,"0, 0, 0, 0, 0, 0, 0, 0, 0, 0, 0, 0",0,-1,,0,0,0,"0, 0, 0, 0",36,0,36,-1,-1,false,-1,-1,-1,0,0,0,"0, 0, 0, 0",0,0,0,0,0,,"0, 0, 0, 0, 0, 0, 0","0, 0, 0, 0, 0, 0, 0",130,0,"7, 20","6, 15, 0, 6, 0","40, 43, 46, 48, 52, 63, 69",32,"19, 16, 17",小幅增加运用者的「玄阴」类功法的威力；可在施展「玄阴」类功法的过程中，点击消耗最少5点，最多15点运用者的「轻灵」真气，提高「玄阴」类功法50%的施展进度，最多将施展进度提高至75%,降低运用者的「玄阴」类功法的提气、架势消耗；可在施展「玄阴」类功法的过程中，点击消耗最少5点，最多15点运用者的「轻灵」真气，增加「玄阴」类功法的威力
61,太元玉女功,7,太元玉女非有非无，不皦不昧，乃天地之精、万物之始。太元玉女功乃是冲虚和气，练就身外之身的玄妙法门，修习者若能专气致柔，不移本性，便可分影散形，出无入虚。,0,内功,Invalid,3,8,5,205,true,true,7,属性4=125; 属性5=80; 属性80=450; 属性53=360; 属性62=360,54,780,4,1,7,true,"2, 0, 1",3,450,720,96,-1,-1,3,"0, 1, 2, 3",3,"0, 0, 0, 0","0, 0, 0, 0","外:0, 内:0","外:0, 内:0","外:0, 内:0",0,0,0,0,0,0,0,0,"1, 1, 1, 1, 0, 0",0,list,0,0,100,20,0,0,list2,0,0,-1,-1,"20, 20, 1, 20, 20, 20, 20",0,"0, 0, 0, 0",false,false,"0, 0, 0, 0, 0, 0, 0, 0, 0, 0, 0, 0",0,-1,,0,0,0,"0, 0, 0, 0",36,0,36,-1,-1,false,-1,-1,-1,0,0,0,"0, 0, 0, 0",0,0,0,0,0,list3,"0, 0, 0, 0, 0, 0, 0","0, 0, 0, 0, 0, 0, 0",160,0,"15, 17","0, 3, 6, 9, 9",,36,"19, 16, 17",战斗开始时，大幅增加运用者的「轻灵」真气；大幅提高运用者的「轻灵」真气在战斗中的获得量；大幅降低运用者的「轻灵」真气在战斗中的损耗量,战斗开始时，大幅减少敌人及其助战的同道的「轻灵」真气；大幅降低敌人的「轻灵」真气在战斗中的获得量；大幅提高敌人的「轻灵」真气在战斗中的损耗量
62,太阴一明珏,8,相传太阴一明珏乃是璇女峰上的天女所留，修习者可得太上之心，成就纯阴之体，乃至长生久视，返璞归真，百关解通，万神洞彻，故非脱质升仙、神清形正者不可为。,0,内功,Invalid,3,8,2,206,true,true,8,属性4=130; 属性5=90; 属性80=500; 属性53=400; 属性62=400,55,781,5,1,8,true,1,3,500,810,108,2,2,3,"3, 4, 0, 0",2,"0, 0, 0, 0","0, 0, 0, 0","外:1, 内:2","外:1, 内:1","外:0, 内:0",0,0,0,0,0,0,0,0,"0, 0, 0, 0, 0, 0",0,list,0,0,100,20,0,0,list2,0,0,-1,-1,"20, 20, 1, 20, 20, 20, 20",0,"0, 0, 0, 0",false,false,"0, 0, 0, 0, 0, 0, 0, 0, 0, 0, 0, 0",0,-1,,0,0,0,"0, 0, 0, 0",36,0,36,-1,-1,false,-1,-1,-1,0,0,0,"0, 0, 0, 0",0,0,0,0,0,list3,"0, 0, 0, 0, 0, 0, 0","0, 0, 0, 0, 0, 0, 0",200,0,"6, 8","9, 12, 0, 0, 6","40, 43, 46, 48, 52, 63, 69",40,"19, 16, 17",增加运用者所有的主要属性的上限，且运用者所受直接内伤重创伤害降低50%；如果运用者为童女之身，小幅提高运用者所有功法的威力，且可使运用者青春不老,战斗开始时，运用者的所有真气变化为初始值的2倍，且运用者所受非内伤的重创伤害加倍；如果运用者为童女之身，提高运用者所有功法的威力，且可使运用者青春不老
63,燔石锤锻篇,0,燔石锤锻篇述诸石之用，陈冶铸之理，既可格物致知，亦能强身锻体，乃是铸剑功法之根基所在。,0,内功,Invalid,1,9,5,207,true,false,0,属性3=70; 属性5=30; 属性80=100; 属性56=60; 属性57=60; 属性60=60; 属性61=60,56,782,1,4,0,false,"0, 1",1,100,90,12,-1,-1,1,"0, 0, 0, 2",1,"0, 0, 0, 0","0, 0, 0, 0","外:0, 内:0","外:1, 内:1","外:0, 内:0",0,0,0,0,0,0,0,0,"0, 0, 0, 0, 0, 0",0,list,0,0,30,20,0,0,list2,0,0,-1,-1,"20, 20, 1, 20, 20, 20, 20",0,"0, 0, 0, 0",false,false,"0, 0, 0, 0, 0, 0, 0, 0, 0, 0, 0, 0",0,-1,,0,0,0,"0, 0, 0, 0",36,0,36,-1,-1,false,-1,-1,-1,0,0,0,"0, 0, 0, 0",0,0,0,0,0,list3,"0, 0, 0, 0, 0, 0, 0","0, 0, 0, 0, 0, 0, 0",30,0,"9, 11","0, 0, 0, 6, 3",loopBonusSkillList,8,"19, 16, 17",增加运用者的「铸剑山庄」功法的威力上限,降低运用者的「铸剑山庄」功法的发挥需求
64,彰施乃服篇,1,相传越人“被发文身，以像鳞虫”，故不见伤害。彰施乃服篇中记载了各种颜色、衣裳的制法，修习者以五彩绘于身，可仿像灵物，不受侵害。,0,内功,Invalid,1,9,3,208,true,false,1,属性3=80; 属性5=35; 属性80=150; 属性56=90; 属性57=90; 属性60=90; 属性61=90,57,783,1,4,1,false,"0, 1, 3, 4, 5, 6",1,150,180,24,3,2,1,"0, 1, 2, 0",0,"0, 0, 0, 0","0, 1, 0, 0","外:0, 内:0","外:0, 内:0","外:0, 内:0",0,0,0,0,0,0,0,0,"0, 0, 0, 0, 0, 0",0,list,0,0,40,20,0,0,list2,0,0,-1,-1,"20, 20, 1, 20, 20, 20, 20",0,"0, 0, 0, 0",false,false,"0, 0, 0, 0, 0, 0, 0, 0, 0, 0, 0, 0",0,-1,,0,0,0,"0, 0, 0, 0",36,0,36,-1,-1,false,-1,-1,-1,0,0,0,"0, 0, 0, 0",0,0,0,0,0,list3,"0, 0, 0, 0, 0, 0, 0","0, 0, 0, 0, 0, 0, 0",40,0,"0, 2","0, 3, 6, 0, 0","40, 43, 46, 48, 52, 61, 69",12,"19, 16, 17",增加运用者所装备的「护具」的威力上限,降低运用者所装备的「护具」的发挥需求
65,五金佳兵篇,2,五金者，天下之金也；佳兵，犹言坚兵。五金佳兵篇以五行生克之理详解了各类金铁的性质、兵器的制法，能令修习者心手相应，运用自如。,0,内功,Invalid,1,9,3,209,true,false,2,属性3=90; 属性5=40; 属性80=200; 属性56=120; 属性57=120; 属性60=120; 属性61=120,58,784,2,4,2,false,"0, 1, 3, 4, 5, 6",1,200,270,36,3,2,1,"2, 1, 0, 0",0,"0, 0, 0, 0","0, 0, 0, 0","外:1, 内:0","外:0, 内:0","外:0, 内:0",0,0,0,0,0,0,0,0,"0, 0, 0, 0, 0, 0",0,list,0,0,30,20,0,0,list2,0,0,-1,-1,"20, 20, 1, 20, 20, 20, 20",0,"0, 0, 0, 0",false,false,"0, 0, 0, 0, 0, 0, 0, 0, 0, 0, 0, 0",0,-1,,0,0,0,"0, 0, 0, 0",36,0,36,-1,-1,false,-1,-1,-1,0,0,0,"0, 0, 0, 0",0,0,0,0,0,list3,"0, 0, 0, 0, 0, 0, 0","0, 0, 0, 0, 0, 0, 0",50,0,"16, 33","6, 3, 0, 0, 0","40, 43, 46, 48, 52, 61, 69",16,"19, 16, 17",当运用者的内力属性为「纯阳」时，降低「金刚」类功法对运用者造成的直接伤害、反噬伤害,当运用者的内力属性为「纯阳」时，降低「玄阴」类功法对运用者造成的直接伤害、反噬伤害
66,千锤百炼篇,3,正所谓：“精金百炼，在割能断”。千锤百炼篇劳力费神，修行不易，乃是以锤锻、砥砺等法除尽物中杂质，使成器精纯，色泽清明的奇法。,0,内功,Invalid,2,9,3,210,true,false,3,属性3=100; 属性5=45; 属性80=250; 属性56=150; 属性57=150; 属性60=150; 属性61=150,59,785,2,4,3,false,"0, 1, 3, 4, 5, 6",2,250,360,48,3,2,2,"0, 2, 2, 2",0,"2, 0, 2, 0","0, 0, 0, 0","外:0, 内:0","外:0, 内:0","外:0, 内:0",0,0,0,0,0,0,0,0,"0, 0, 0, 0, 0, 0",0,list,0,0,30,20,0,0,list2,0,0,-1,-1,"20, 20, 1, 20, 20, 20, 20",0,"0, 0, 0, 0",false,false,"0, 0, 0, 0, 0, 0, 0, 0, 0, 0, 0, 0",0,-1,,0,0,0,"0, 0, 0, 0",36,0,36,-1,-1,false,-1,-1,-1,0,0,0,"0, 0, 0, 0",0,0,0,0,0,list3,"0, 0, 0, 0, 0, 0, 0","0, 0, 0, 0, 0, 0, 0",70,0,"6, 8","0, 6, 6, 6, 0","40, 43, 46, 48, 52, 61, 69",20,"19, 16, 17",运用者的「兵器」精制次数越多，敌人对运用者造成的伤害就越低,运用者的「兵器」精制次数越多，运用者对敌人造成的伤害就越高
67,祭魂生威篇,4,相传古之名匠见金铁不销，则亲烁其身，断发剪爪以成物。祭魂生威篇详述以魂祭器，壮其威势的秘法，乃是铸剑山庄代代相传、默会不宣的无上心诀。,0,内功,Invalid,2,9,3,211,true,true,4,属性3=110; 属性5=50; 属性80=300; 属性56=180; 属性57=180; 属性60=180; 属性61=180,60,786,3,4,4,true,2,2,300,450,60,3,2,2,"3, 0, 0, 3",0,"0, 0, 0, 0","0, 0, 0, 0","外:1, 内:0","外:2, 内:0","外:0, 内:0",0,0,0,0,0,0,0,0,"0, 0, 0, 0, 0, 0",0,list,0,0,50,20,0,0,list2,0,0,-1,-1,"20, 20, 1, 20, 20, 20, 20",0,"0, 0, 0, 0",false,false,"0, 0, 0, 0, 0, 0, 0, 0, 0, 0, 0, 0",0,-1,,0,0,0,"0, 0, 0, 0",36,0,36,-1,-1,false,-1,-1,-1,0,0,0,"0, 0, 0, 0",0,0,0,0,0,list3,"0, 0, 0, 0, 0, 0, 0","0, 0, 0, 0, 0, 0, 0",90,0,"7, 21","9, 0, 0, 9, 0","40, 43, 46, 48, 52, 61, 69",24,"19, 16, 17",增加运用者所装备的「兵器」的威力上限,降低运用者所装备的「兵器」的发挥需求
68,封解出元篇,5,封解出元篇阐述解封禁制、破障铸元之法，剖析玄锁机关，亦探究心志枷锁。修习者可以自身元神铸入金铁竹石，与物合一，取万物本元为己用，化为至大威力，正所谓“解千钧之缚，启冲天之途”。,0,内功,Invalid,2,9,3,212,true,true,5,属性3=120; 属性5=55; 属性80=350; 属性56=210; 属性57=210; 属性60=210; 属性61=210,1737,1738,3,4,5,true,"2, 0, 1, 3, 4, 5, 6",2,350,540,72,3,2,2,"1, 1, 1, 1",2,"0, 0, 0, 0","0, 0, 0, 0","外:0, 内:0","外:0, 内:0","外:0, 内:0",0,0,0,0,2,2,0,0,"0, 0, 0, 0, 0, 0",0,list,0,0,70,20,0,0,list2,0,0,-1,-1,"20, 20, 1, 20, 20, 20, 20",0,"0, 0, 0, 0",false,false,"0, 0, 0, 0, 0, 0, 0, 0, 0, 0, 0, 0",0,-1,,0,0,0,"0, 0, 0, 0",36,0,36,-1,-1,false,-1,-1,-1,0,0,0,"0, 0, 0, 0",0,0,0,0,0,list3,"0, 0, 0, 0, 0, 0, 0","0, 0, 0, 0, 0, 0, 0",110,0,"39, 39","6, 6, 6, 0, 0","40, 43, 46, 48, 52, 61, 69",28,"19, 16, 17",运用者的战败标记总数超过战败条件的一半时：根据运用者的当前定力提高运用者所有兵器、护具的威力和兵器解封速度，且运用者的当前定力会随时间逐渐消耗,敌人的战败标记总数超过战败条件的一半时：根据运用者的当前定力降低敌人所有兵器、护具的威力和兵器解封速度，且运用者的当前定力会随时间逐渐消耗
69,岐黄要略,0,岐黄，即岐伯、黄帝，二人一问一答，乃成《黄帝内经》。岐黄要略摘引医术之要，可令修习者见微知著，事半功倍。,0,内功,Invalid,1,10,5,213,true,false,0,属性3=25; 属性4=25; 属性5=50; 属性80=100; 属性58=80; 属性59=80,61,787,1,5,0,true,"0, 1",1,100,90,12,-1,-1,1,"0, -1, 0, 3",1,"0, 0, 0, 0","0, 0, 0, 0","外:0, 内:0","外:0, 内:0","外:0, 内:0",0,0,0,0,0,0,0,0,"0, 0, 0, 0, 1, 0",0,list,0,0,50,20,0,0,list2,0,0,-1,-1,"20, 20, 1, 20, 20, 20, 20",0,"0, 0, 0, 0",false,false,"0, 0, 0, 0, 0, 0, 0, 0, 0, 0, 0, 0",0,-1,,0,0,0,"0, 0, 0, 0",36,0,36,-1,-1,false,-1,-1,-1,0,0,0,"0, 0, 0, 0",0,0,0,0,0,list3,"0, 0, 0, 0, 0, 0, 0","0, 0, 0, 0, 0, 0, 0",30,0,"3, 9","0, 0, 0, 9, 3",loopBonusSkillList,8,"19, 16, 17",增加运用者的「空桑派」功法的威力上限,降低运用者的「空桑派」功法的发挥需求
70,神农本草秘要,1,相传神农氏曾遍尝百草，以治民恙。神农本草秘要结合了《神农本草经》与空桑先祖的心得，详述草木平毒之性、佐使之用，故能养性命而治疾病。,0,内功,Invalid,1,10,4,214,true,false,1,属性3=30; 属性4=30; 属性5=55; 属性80=150; 属性58=120; 属性59=120,62,788,1,5,1,true,"2, 0, 1",1,150,180,24,4,2,1,"0, 3, -1, 0",1,"0, 0, 0, 0","0, 1, 0, 0","外:0, 内:0","外:0, 内:0","外:0, 内:0",0,0,0,0,0,0,0,0,"0, 0, 0, 0, 0, 0",0,list,0,0,50,20,0,0,list2,0,0,-1,-1,"20, 20, 1, 20, 20, 20, 20",0,"0, 0, 0, 0",false,false,"0, 0, 0, 0, 0, 0, 0, 0, 0, 0, 0, 0",0,-1,,0,0,0,"0, 0, 0, 0",36,0,36,-1,-1,false,-1,-1,-1,0,0,0,"0, 0, 0, 0",0,0,0,0,0,list3,"0, 0, 0, 0, 0, 0, 0","0, 0, 0, 0, 0, 0, 0",40,0,"5, 11","0, 9, 0, 0, 3","40, 43, 46, 48, 52, 61, 63",12,"19, 16, 17",提高运用者在战斗中「疗伤」与「驱毒」的速度；提高运用者在战斗中进行「疗伤」能够治愈的伤势标记数量与进行「驱毒」能够驱除的毒素数量,降低敌人在战斗中的「疗伤」与「驱毒」的速度；降低敌人在战斗中进行「疗伤」能够治愈的伤势标记数量与进行「驱毒」驱能够除的毒素数量
71,柴山青囊诀,2,青囊，即医者收纳医书时所用的青色小袋。柴山青囊诀语多高论，妙用不凡，详述养生治老、服丹守一之理，相传乃是柴山中的仙人所赐。,0,内功,Invalid,1,10,4,215,true,false,2,属性3=35; 属性4=35; 属性5=60; 属性80=200; 属性58=160; 属性59=160,63,789,2,5,2,true,"0, 1, 3, 4, 5, 6",1,200,270,36,4,2,1,"0, 0, 3, -1",1,"0, 0, 0, 0","0, 1, 0, 0","外:0, 内:0","外:0, 内:0","外:0, 内:0",0,0,0,0,0,0,0,0,"0, 0, 0, 0, 0, 0",0,list,0,0,50,20,0,0,list2,0,0,-1,-1,"20, 20, 1, 20, 20, 20, 20",0,"0, 0, 0, 0",false,false,"0, 0, 0, 0, 0, 0, 0, 0, 0, 0, 0, 0",0,-1,,0,0,0,"0, 0, 0, 0",36,0,36,-1,-1,false,-1,-1,-1,0,0,0,"0, 0, 0, 0",0,0,0,0,0,list3,"0, 0, 0, 0, 0, 0, 0","0, 0, 0, 0, 0, 0, 0",50,0,"16, 36","0, 0, 9, 0, 3","40, 43, 46, 48, 52, 61, 63",16,"19, 16, 17",运用者当前服食的丹药中，品级最高的5种丹药的品级总和越高，敌人对运用者造成的伤害就越低,运用者当前服食的丹药中，品级最高的5种丹药的品级总和越高，运用者对敌人造成的伤害就越高
72,蛟蛰四法,3,“龙蛇之蛰，以存身也；精义入神，以致用也”。蛟蛰四法效仿蛟龙蛰伏之姿，能助修习者养气存精，凝神绝虑，胎息固守，延年益寿。,0,内功,Invalid,2,10,4,216,true,false,3,属性3=40; 属性4=40; 属性5=65; 属性80=250; 属性58=200; 属性59=200,64,790,2,5,3,true,"2, 0, 1",2,250,360,48,4,2,2,"0, 2, 2, 2",0,"0, 1, 0, 0","0, 0, 0, 0","外:0, 内:0","外:0, 内:0","外:0, 内:0",0,0,0,0,0,0,1,1,"0, 0, 0, 0, 0, 0",0,list,0,0,70,20,0,0,list2,0,0,-1,-1,"20, 20, 1, 20, 20, 20, 20",0,"0, 0, 0, 0",false,false,"0, 0, 0, 0, 0, 0, 0, 0, 0, 0, 0, 0",0,-1,,0,0,0,"0, 0, 0, 0",36,0,36,-1,-1,false,-1,-1,-1,0,0,0,"0, 0, 0, 0",0,0,0,0,0,list3,"0, 0, 0, 0, 0, 0, 0","0, 0, 0, 0, 0, 0, 0",70,0,"7, 22","0, 6, 6, 6, 0","40, 43, 46, 48, 52, 61, 63",20,"19, 16, 17",大幅增加运用者的「体质」上限，「体质」所增加的御体会根据运用者的精纯大幅提高,大幅增加运用者的「体质」上限，「体质」所增加的破体会根据运用者的精纯大幅提高
73,九鼎功,4,禹铸九鼎，以承天休，天命不改，九鼎不移。九鼎功以药养形，以气存身，结合导引、辟谷、烧炼、服食之术，乃是追求天命长久、永生不灭的奇异法门。,0,内功,Invalid,2,10,4,217,true,false,4,属性3=45; 属性4=45; 属性5=70; 属性80=300; 属性58=240; 属性59=240,65,791,3,5,4,true,"2, 0, 1",2,300,450,60,4,2,2,"0, 1, 2, 3",0,"0, 0, 0, 0","0, 0, 0, 0","外:0, 内:0","外:1, 内:2","外:0, 内:0",0,0,0,0,0,0,0,0,"0, 0, 0, 0, 0, 0",0,list,0,0,100,20,0,0,list2,0,0,-1,-1,"20, 20, 1, 20, 20, 20, 20",0,"0, 0, 0, 0",false,false,"0, 0, 0, 0, 0, 0, 0, 0, 0, 0, 0, 0",0,-1,,0,0,0,"0, 0, 0, 0",36,0,36,-1,-1,false,-1,-1,-1,0,0,0,"0, 0, 0, 0",0,0,0,0,0,list3,"0, 0, 0, 0, 0, 0, 0","0, 0, 0, 0, 0, 0, 0",90,0,"15, 17","0, 3, 6, 9, 0","40, 43, 46, 48, 52, 61, 63",24,"19, 16, 17",运用者剩余的寿元越长，运用者所有功法的威力就增加越多，最多增加20%,运用者剩余的寿元越短，运用者所有功法的威力就增加越多，最多增加20%
74,金刚四加行法,0,加行，即入正道前勉力修行。金刚四加行法分为暖、顶、忍、世四法，修习者发虔诚心，修方便道，便可斩断烦恼，得四善根。,0,内功,Invalid,1,11,0,218,true,false,0,属性2=45; 属性3=55; 属性80=100; 属性63=100,66,792,1,6,0,true,"2, 0, 1",1,100,90,12,0,3,1,"2, 0, 1, 0",0,"0, 0, 0, 0","0, 0, 0, 0","外:1, 内:0","外:0, 内:0","外:0, 内:0",0,0,0,0,0,0,0,0,"0, 0, 0, 0, 0, 0",0,list,0,0,40,20,0,0,list2,0,0,-1,-1,"20, 20, 1, 20, 20, 20, 20",0,"0, 0, 0, 0",false,false,"0, 0, 0, 0, 0, 0, 0, 0, 0, 0, 0, 0",0,-1,,0,0,0,"0, 0, 0, 0",36,0,36,-1,-1,false,-1,-1,-1,0,0,0,"0, 0, 0, 0",0,0,0,0,0,list3,"0, 0, 0, 0, 0, 0, 0","0, 0, 0, 0, 0, 0, 0",20,5,"5, 14","6, 0, 3, 0, 0","88, 93, 108",8,"16, 17",增加运用者的「金刚宗」功法的威力上限,降低运用者的「金刚宗」功法的发挥需求
75,吐姆功,1,吐姆功乃是流传于雪域的入定之法，修习者结跏趺坐，凝神静思，久之，可觉内火自脐轮生发，充盈全身，从而不惧冰雪，不畏严寒。,0,内功,Invalid,1,11,0,219,true,false,1,属性2=35; 属性3=45; 属性4=35; 属性80=150; 属性63=150,67,793,1,6,1,true,"2, 0, 1",1,150,180,24,0,3,1,"1, 0, 0, 2",0,"0, 0, 0, 0","1, 0, 0, 0","外:0, 内:0","外:0, 内:0","外:0, 内:0",0,0,0,0,0,0,0,0,"0, 0, 0, 0, 0, 0",0,list,0,0,70,20,0,0,list2,0,0,-1,-1,"20, 20, 1, 20, 20, 20, 20",0,"0, 0, 0, 0",false,false,"0, 0, 0, 0, 0, 0, 0, 0, 0, 0, 0, 0",0,-1,,0,0,0,"0, 0, 0, 0",36,0,36,-1,-1,false,-1,-1,-1,0,0,0,"0, 0, 0, 0",0,0,0,0,0,list3,"0, 0, 0, 0, 0, 0, 0","0, 0, 0, 0, 0, 0, 0",30,10,"16, 25","3, 0, 0, 6, 0","88, 93, 108",12,"16, 17",运用者的「金刚」内力比例越高，运用者的御体、御气就提高越多,运用者的「金刚」内力比例越高，运用者的破体、破气就提高越多
76,三密合应法,2,三密者：身密、口密、意密。三密合应，谓众生之三密与佛无别。修此法时需身结印契，口诵真言，意观本尊，从而清净三业，得四威仪。,0,内功,Invalid,1,11,0,220,true,false,2,属性2=40; 属性3=50; 属性4=40; 属性80=200; 属性63=200,68,794,2,6,2,true,"2, 0, 1",1,200,270,36,0,3,1,"1, 2, 0, 0",0,"1, 0, 0, 0","0, 0, 0, 0","外:0, 内:0","外:0, 内:0","外:0, 内:0",0,0,0,0,0,0,0,0,"0, 0, 0, 0, 0, 0",0,list,0,0,70,20,0,0,list2,0,0,-1,-1,"20, 20, 1, 20, 20, 20, 20",0,"0, 0, 0, 0",false,false,"0, 0, 0, 0, 0, 0, 0, 0, 0, 0, 0, 0",0,-1,,0,0,0,"0, 0, 0, 0",36,0,36,-1,-1,false,-1,-1,-1,0,0,0,"0, 0, 0, 0",0,0,0,0,0,list3,"0, 0, 0, 0, 0, 0, 0","0, 0, 0, 0, 0, 0, 0",40,15,"40, 40","3, 6, 0, 0, 0","88, 93, 108",16,"16, 17",运用者的「金刚」类功法会对内力属性为「紫霞」的人物造成更多直接伤害、反噬伤害,运用者的「金刚」类功法会对内力属性为「纯阳」的人物造成更多直接伤害、反噬伤害
77,宝瓶气功法,3,宝瓶气功法以色身为瓶，佛风为气，讲求气存丹田，缓慢生发，观想空性，周而复始，从而以意御气，纳清去浊，洗涤脉轮，遍除垢障。,0,内功,Invalid,2,11,5,221,true,false,3,属性2=30; 属性3=65; 属性4=50; 属性80=250; 属性63=250,69,795,2,6,3,true,"2, 0, 1",2,250,360,48,-1,-1,2,"2, 2, 0, 2",0,"0, 0, 0, 0","0, 0, 0, 0","外:0, 内:0","外:2, 内:1","外:0, 内:0",0,0,0,0,0,0,0,0,"0, 0, 0, 0, 0, 0",0,list,0,0,100,20,0,0,list2,0,0,-1,-1,"20, 20, 1, 20, 20, 20, 20",0,"0, 0, 0, 0",false,false,"0, 0, 0, 0, 0, 0, 0, 0, 0, 0, 0, 0",0,-1,,0,0,0,"0, 0, 0, 0",36,0,36,-1,-1,false,-1,-1,-1,0,0,0,"0, 0, 0, 0",0,0,0,0,0,list3,"0, 0, 0, 0, 0, 0, 0","0, 0, 0, 0, 0, 0, 0",50,20,"3, 12","6, 6, 0, 6, 0",loopBonusSkillList,20,"16, 17",敌人至少有3个真气标记时：根据运用者的当前悟性持续降低敌人的卸力、拆招、闪避、守心，且运用者的当前悟性会随时间逐渐消耗,运用者至少有3个真气标记时：根据运用者的当前悟性持续提高运用者的卸力、拆招、闪避、守心，且运用者的当前悟性会随时间逐渐消耗
78,金刚灌顶功,4,引金刚真气由顶轮倾泻而下，至于中脉，宛如甘露入心、醍醐灌顶，从而明心见性，破除魔障，来去自由，无滞无碍，是为金刚灌顶功。,0,内功,Invalid,2,11,0,222,true,false,4,属性2=80; 属性3=80; 属性80=300; 属性63=300,70,796,3,6,4,true,"2, 0, 1",2,300,450,60,0,3,2,"3, 1, 2, 0",0,"1, 0, 0, 0","0, 0, 0, 0","外:0, 内:0","外:0, 内:0","外:0, 内:0",0,0,0,0,1,1,0,0,"0, 0, 0, 0, 0, 0",0,list,0,0,60,20,0,0,list2,0,0,-1,-1,"20, 20, 1, 20, 20, 20, 20",0,"0, 0, 0, 0",false,false,"0, 0, 0, 0, 0, 0, 0, 0, 0, 0, 0, 0",0,-1,,0,0,0,"0, 0, 0, 0",36,0,36,-1,-1,false,-1,-1,-1,0,0,0,"0, 0, 0, 0",0,0,0,0,0,list3,"0, 0, 0, 0, 0, 0, 0","0, 0, 0, 0, 0, 0, 0",70,25,"5, 14","9, 3, 6, 0, 0","88, 93, 108",24,"16, 17",运用者的「金刚」内力比例越高，运用者的卸力、拆招、闪避、守心就提高越多,运用者的「金刚」内力比例越高，运用者的力道、精妙、迅疾、动心就提高越多
79,大日经,5,大日经以“菩提心为因，大悲为根，方便为究竟”，修习者可以无上光明击破外道，摧坏烦恼，知法无异辙，殊途同归。,0,内功,Invalid,2,11,0,223,true,false,5,属性2=65; 属性3=55; 属性4=55; 属性80=350; 属性63=350,71,797,3,6,5,true,"2, 0, 1",2,350,540,72,0,3,2,"0, 0, 2, 2",2,"0, 0, 0, 0","0, 0, 0, 0","外:0, 内:0","外:0, 内:0","外:0, 内:0",0,0,0,0,2,2,0,0,"0, 0, 0, 0, 0, 0",0,list,0,0,100,20,0,0,list2,0,0,-1,-1,"20, 20, 1, 20, 20, 20, 20",0,"0, 0, 0, 0",false,false,"0, 0, 0, 0, 0, 0, 0, 0, 0, 0, 0, 0",0,-1,,0,0,0,"0, 0, 0, 0",36,0,36,-1,-1,false,-1,-1,-1,0,0,0,"0, 0, 0, 0",0,0,0,0,0,list3,"0, 0, 0, 0, 0, 0, 0","0, 0, 0, 0, 0, 0, 0",90,35,"4, 13","0, 0, 6, 6, 6","88, 93, 108",28,"16, 17",将运用者的「归元」内力转化为「金刚」内力，转化的比例越多，运用者的「金刚」类功法的威力就提高越多；如果运用者原本没有「归元」内力，运用者不会被「归元」、「金刚」类功法命中要害,将运用者的「纯阳」内力转化为「金刚」内力，转化的比例越多，运用者的「金刚」类功法的威力就提高越多；如果运用者原本没有「纯阳」内力，运用者不会被「纯阳」、「金刚」类功法命中要害
80,金刚顶经,6,摧灭四魔，恒常不坏，故名“金刚”；最胜无上，故名“顶”。金刚顶经含无边显密教义，乃诸经中最高者，能使人离一切虚伪，成无上之智。,0,内功,Invalid,3,11,0,224,true,false,6,属性2=55; 属性3=75; 属性4=60; 属性80=400; 属性63=400,72,798,4,6,6,true,"2, 0, 1",3,400,630,84,0,3,3,"4, 0, 3, 2",0,"0, 0, 0, 0","0, 0, 0, 0","外:1, 内:1","外:2, 内:1","外:0, 内:0",0,0,0,0,0,0,0,0,"0, 0, 0, 0, 0, 0",0,list,0,0,100,20,0,0,list2,0,0,-1,-1,"20, 20, 1, 20, 20, 20, 20",0,"0, 0, 0, 0",false,false,"0, 0, 0, 0, 0, 0, 0, 0, 0, 0, 0, 0",0,-1,,0,0,0,"0, 0, 0, 0",36,0,36,-1,-1,false,-1,-1,-1,0,0,0,"0, 0, 0, 0",0,0,0,0,0,list3,"0, 0, 0, 0, 0, 0, 0","0, 0, 0, 0, 0, 0, 0",110,45,"7, 18","12, 0, 9, 6, 0","88, 93, 108",32,"16, 17",小幅增加运用者的「金刚」类功法的威力；可在施展「金刚」类功法的过程中，点击消耗最少5点，最多15点运用者的「护体」真气，提高「金刚」类功法50%的施展进度，最多将施展进度提高至75%,降低运用者的「金刚」类功法的提气、架势消耗；可在施展「金刚」类功法的过程中，点击消耗最少5点，最多15点运用者的「护体」真气，增加「金刚」类功法的威力
81,摩诃迦罗护法功,7,摩诃迦罗又称大黑天，乃是大日如来之化身，威德广大，能伏一切邪魔。摩诃迦罗护法功以正见为火，本心为剑，能清静六根，断除邪障，如得诸天护持，万神归仰。,0,内功,Invalid,3,11,0,225,true,true,7,属性0=110; 属性2=35; 属性3=60; 属性80=450; 属性63=450,73,799,4,6,7,true,"2, 0, 1",3,450,720,96,0,3,3,"2, 2, 4, 1",0,"2, 0, 0, 0","2, 0, 0, 0","外:0, 内:0","外:1, 内:0","外:0, 内:0",0,0,0,0,0,0,0,0,"0, 0, 0, 0, 0, 0",0,list,0,0,70,20,0,0,list2,0,0,-1,-1,"20, 20, 1, 20, 20, 20, 20",0,"0, 0, 0, 0",false,false,"0, 0, 0, 0, 0, 0, 0, 0, 0, 0, 0, 0",0,-1,,0,0,0,"0, 0, 0, 0",36,0,36,-1,-1,false,-1,-1,-1,0,0,0,"0, 0, 0, 0",0,0,0,0,0,list3,"0, 0, 0, 0, 0, 0, 0","0, 0, 0, 0, 0, 0, 0",130,60,"8, 17","6, 6, 12, 3, 0","88, 93, 108",36,"16, 17",运用者的内力属性为「金刚」时，运用者所有的功法更难被「封禁」、「打断」；运用者受到「金刚」、「紫霞」、「归元」类功法的攻击时，直接重创伤害降低80%,运用者的内力属性为「金刚」时，即使施展功法所需的身体部位已残毁，仍能继续施展，但功法威力降低；运用者受到「金刚」、「紫霞」、「归元」类功法的攻击时，如果该功法未能发挥十成威力，敌人会受到此功法的部分反噬伤害
82,无上瑜伽法,8,瑜伽即相应，行者三密相合，自性不离，与佛相应，故称瑜伽。无上瑜伽法修五相应，证圆通果，凝神入定，至三摩地，可令功成者诸幻尽灭，觉心不动，故为最胜无上之法门。,0,内功,Invalid,3,11,0,226,true,true,8,属性2=40; 属性3=140; 属性4=40; 属性80=500; 属性63=500,74,800,5,6,8,true,"2, 0, 1, 3, 4, 5, 6",3,500,810,108,0,3,3,"0, 0, 3, 3",3,"0, 0, 0, 0","1, 0, 0, 0","外:0, 内:0","外:2, 内:2","外:0, 内:0",0,0,0,0,0,0,0,0,"0, 0, 0, 0, 0, 0",0,list,0,0,50,20,0,0,list2,0,0,-1,-1,"20, 20, 1, 20, 20, 20, 20",0,"0, 0, 0, 0",false,false,"0, 0, 0, 0, 0, 0, 0, 0, 0, 0, 0, 0",0,-1,,0,0,0,"0, 0, 0, 0",36,0,36,-1,-1,false,-1,-1,-1,0,0,0,"0, 0, 0, 0",0,0,0,0,0,list3,"0, 0, 0, 0, 0, 0, 0","0, 0, 0, 0, 0, 0, 0",160,80,"8, 17","0, 0, 9, 9, 9","88, 93, 108",40,"16, 17",运用者的战败标记总数超过战败条件的一半时，大幅提高运用者的真气在战斗中的获得量，且运用者不会再出现破绽,运用者的战败标记总数超过战败条件的一半时，大幅降低运用者的真气在战斗中的损耗量，且运用者不会再出现封穴
83,引毒术,0,引毒术乃是五仙弟子入门时的必修心法，修习时需将双手浸泡于毒液之中，初时以小毒，其后乃至常毒、大毒，若能引毒入体而不伤己身，则功法大成。,0,内功,Invalid,1,12,1,227,true,false,0,属性1=25; 属性3=25; 属性5=50; 属性80=100; 属性59=100,75,801,1,5,0,false,"3, 4",1,100,90,12,1,3,1,"0, 0, 0, 2",1,"0, 0, 0, 0","0, 0, 0, 0","外:0, 内:0","外:0, 内:0","外:1, 内:1",0,0,0,0,0,0,0,0,"0, 0, 0, 0, 0, 0",0,list,0,0,70,15,0,0,list2,0,0,-1,-1,"20, 20, 1, 20, 20, 20, 20",0,"0, 0, 0, 0",false,false,"0, 0, 0, 0, 0, 0, 0, 0, 0, 0, 0, 0",0,-1,,0,0,0,"0, 0, 0, 0",36,0,36,-1,-1,false,-1,-1,-1,0,0,0,"0, 0, 0, 0",0,0,0,0,0,list3,"0, 0, 0, 0, 0, 0, 0","0, 0, 0, 0, 0, 0, 0",30,0,"40, 40","0, 0, 0, 6, 3","77, 93, 108",8,"19, 16, 17",增加运用者的「五仙教」功法的威力上限,降低运用者的「五仙教」功法的发挥需求
84,黄仙法,1,黄仙功效仿金蛇，气通下元，出于两阴之交，止于三脉之会，能将毒质寄藏运转于肚腹之中，不使妄行。,0,内功,Invalid,1,12,1,228,true,false,1,属性1=40; 属性4=40; 属性5=35; 属性80=150; 属性59=150,76,802,1,5,1,false,1,1,150,180,24,1,3,1,"0, 2, 1, 0",0,"0, 0, 1, 0","0, 0, 0, 0","外:0, 内:0","外:0, 内:0","外:0, 内:0",0,0,0,0,0,0,0,0,"0, 0, 0, 0, 0, 0",0,list,0,0,40,15,0,0,list2,0,0,-1,-1,"20, 20, 1, 20, 20, 20, 20",0,"0, 0, 0, 0",false,false,"0, 0, 0, 0, 0, 0, 0, 0, 0, 0, 0, 0",0,-1,,0,0,0,"0, 0, 0, 0",36,0,36,-1,-1,false,-1,-1,-1,0,0,0,"0, 0, 0, 0",0,0,0,0,0,list3,"0, 0, 0, 0, 0, 0, 0","0, 0, 0, 0, 0, 0, 0",40,0,"5, 14","0, 6, 3, 0, 0","77, 93, 108",12,"19, 16, 17",大幅提高运用者在战斗「驱毒」的速度,大幅降低敌人在战斗「驱毒」的速度
85,赤仙法,2,赤仙法经走太阴，力出少商，可使修习者诸气和顺，阴阳相调，宛如朱蟾一般散毒于表，借以御敌。,0,内功,Invalid,1,12,1,229,true,false,2,属性0=70; 属性5=60; 属性80=200; 属性59=200,77,803,2,5,2,false,"0, 1, 3, 4",1,200,270,36,1,3,1,"2, 0, 0, 1",0,"0, 0, 1, 0","0, 0, 0, 0","外:0, 内:0","外:0, 内:0","外:0, 内:0",0,0,0,0,0,0,0,0,"0, 0, 0, 0, 0, 0",0,list,0,0,70,15,0,0,list2,0,0,-1,-1,"20, 20, 1, 20, 20, 20, 20",0,"0, 0, 0, 0",false,false,"0, 0, 0, 0, 0, 0, 0, 0, 0, 0, 0, 0",0,-1,,0,0,0,"0, 0, 0, 0",36,0,36,-1,-1,false,-1,-1,-1,0,0,0,"0, 0, 0, 0",0,0,0,0,0,list3,"0, 0, 0, 0, 0, 0, 0","0, 0, 0, 0, 0, 0, 0",50,0,"16, 28","6, 0, 0, 3, 0","77, 93, 108",16,"19, 16, 17",小幅增加运用者的「紫霞」类功法的威力,降低运用者的「紫霞」类功法的提气、架势消耗
86,黑仙法,3,黑仙法上连肝脉，下接脾经，有藏血育气、滋养百骸之用，可令功成者筋骨强健，清浊有分，运化得源，不受邪侵。,0,内功,Invalid,2,12,1,230,true,false,3,属性3=80; 属性5=65; 属性80=250; 属性59=250,78,804,2,5,3,false,"0, 1, 5, 6",2,250,360,48,1,3,2,"3, 0, 3, 0",0,"0, 0, 0, 0","2, 0, 2, 0","外:0, 内:0","外:0, 内:0","外:0, 内:0",0,0,0,0,0,0,0,0,"0, 0, 0, 0, 0, 0",0,list,0,0,60,15,0,0,list2,0,0,-1,-1,"20, 20, 1, 20, 20, 20, 20",0,"0, 0, 0, 0",false,false,"0, 0, 0, 0, 0, 0, 0, 0, 0, 0, 0, 0",0,-1,,0,0,0,"0, 0, 0, 0",36,0,36,-1,-1,false,-1,-1,-1,0,0,0,"0, 0, 0, 0",0,0,0,0,0,list3,"0, 0, 0, 0, 0, 0, 0","0, 0, 0, 0, 0, 0, 0",70,0,"4, 13","9, 0, 9, 0, 0","77, 93, 108",20,"19, 16, 17",大幅提高运用者在战斗中进行「驱毒」时能够驱除的毒素数量,大幅降低敌人在战斗中进行「驱毒」时能够驱除的毒素数量
87,青仙法,4,“心者，君主之官也，所以任物者为之心”。青仙法法效青仙，术取敏捷，务修四体，通于心脉，修习者神清气爽，飘然超逸，有如青蛛络幕，乘风凌云。,0,内功,Invalid,2,12,1,231,true,false,4,属性1=90; 属性5=70; 属性80=300; 属性59=300,79,805,3,5,4,false,"3, 4",2,300,450,60,1,3,2,"0, 3, 0, 3",0,"0, 0, 0, 0","0, 0, 0, 0","外:0, 内:0","外:0, 内:0","外:0, 内:0",2,2,0,0,0,0,0,0,"0, 0, 0, 0, 0, 0",0,list,0,0,70,15,0,0,list2,0,0,-1,-1,"20, 20, 1, 20, 20, 20, 20",0,"0, 0, 0, 0",false,false,"0, 0, 0, 0, 0, 0, 0, 0, 0, 0, 0, 0",0,-1,,0,0,0,"0, 0, 0, 0",36,0,36,-1,-1,false,-1,-1,-1,0,0,0,"0, 0, 0, 0",0,0,0,0,0,list3,"0, 0, 0, 0, 0, 0, 0","0, 0, 0, 0, 0, 0, 0",90,0,"3, 12","0, 9, 0, 9, 0","77, 93, 108",24,"19, 16, 17",将运用者的「玄阴」内力转化为「紫霞」内力，转化的比例越多，运用者的「紫霞」类功法的威力就提高越多；如果运用者原本没有「玄阴」内力，运用者不会被「玄阴」、「紫霞」类功法命中要害,将运用者的「归元」内力转化为「紫霞」内力，转化的比例越多，运用者的「紫霞」类功法的威力就提高越多；如果运用者原本没有「归元」内力，运用者不会被「归元」、「紫霞」类功法命中要害
88,离魂功,5,离魂功修法怪诞，不同寻常，修习者运功时常有离奇之言、蹊跷之举，如同解神出窍，魂体分离，诡谲多变，以一当百。,0,内功,Invalid,2,12,5,232,true,true,5,属性1=75; 属性5=100; 属性80=350; 属性59=350,80,806,3,5,5,false,2,2,350,540,72,-1,-1,2,"1, 0, 0, 3",2,"0, 1, 0, 0","0, 2, 0, 0","外:0, 内:0","外:0, 内:0","外:0, 内:0",0,0,0,0,0,0,0,0,"0, 0, 0, 0, 0, 0",0,list,0,0,100,15,0,0,list2,0,0,-1,-1,"20, 20, 1, 20, 20, 20, 20",0,"0, 0, 0, 0",false,false,"0, 0, 0, 0, 0, 0, 0, 0, 0, 0, 0, 0",0,-1,,0,0,0,"0, 0, 0, 0",36,0,36,-1,-1,false,-1,-1,-1,0,0,0,"0, 0, 0, 0",0,0,0,0,0,list3,"0, 0, 0, 0, 0, 0, 0","0, 0, 0, 0, 0, 0, 0",110,0,"39, 23","3, 0, 0, 9, 6",loopBonusSkillList,28,"19, 16, 17",敌人至少被种下2只蛊虫时：根据运用者的当前体质减少敌人的所有毒素抵抗，且运用者的当前体质会随时间逐渐消耗,运用者至少被种下2只蛊虫时：根据运用者的当前体质增加运用者的所有毒素抵抗，且运用者的当前体质会随时间逐渐消耗
89,百邪体大法,6,百邪，即众毒之谓也。百邪体大法汇聚世间诸邪，能以阴毒之气养人之真形，使人精气充塞，神魂清明，灾殃奔散，群鬼摧精。,0,内功,Invalid,3,12,1,233,true,true,6,属性3=40; 属性4=40; 属性5=110; 属性80=400; 属性59=400,81,807,4,5,6,false,"2, 0, 1, 3, 4, 5, 6",3,400,630,84,1,3,3,"3, 3, 3, 0",0,"0, 0, 2, 0","0, 0, 2, 0","外:0, 内:0","外:0, 内:1","外:0, 内:0",0,0,0,0,0,0,0,0,"0, 0, 0, 0, 0, 0",0,list,0,0,100,15,0,0,list2,0,0,-1,-1,"20, 20, 1, 20, 20, 20, 20",0,"0, 0, 0, 0",false,false,"0, 0, 0, 0, 0, 0, 0, 0, 0, 0, 0, 0",0,-1,,0,0,0,"0, 0, 0, 0",36,0,36,-1,-1,false,-1,-1,-1,0,0,0,"0, 0, 0, 0",0,0,0,0,0,list3,"0, 0, 0, 0, 0, 0, 0","0, 0, 0, 0, 0, 0, 0",130,0,"7, 19","9, 9, 9, 0, 0","77, 93, 108",32,"19, 16, 17",运用者的负面「特性」越多，运用者所有功法的威力就提高越多,敌人的正面「特性」越多，敌人所有功法的威力就降低越多
90,界青四象图,0,四象者，天之分野，统御四方。界青四象图以星辰运转对应九州分布，修习者需步走三垣，脚转四象，直至穿风行云，虚实兼顾，方为大成。,0,内功,Invalid,1,13,2,234,true,false,0,属性1=60; 属性5=40; 属性80=100; 属性54=100,82,808,1,0,0,true,"0, 1, 5, 6",1,100,90,12,2,3,1,"0, 1, 0, 2",0,"0, 0, 0, 0","0, 0, 1, 0","外:0, 内:0","外:0, 内:0","外:0, 内:0",0,0,0,0,0,0,0,0,"0, 0, 0, 0, 0, 0",0,list,0,0,70,20,0,0,list2,0,0,-1,-1,"20, 20, 1, 20, 20, 20, 20",0,"0, 0, 0, 0",false,false,"0, 0, 0, 0, 0, 0, 0, 0, 0, 0, 0, 0",0,-1,,0,0,0,"0, 0, 0, 0",36,0,36,-1,-1,false,-1,-1,-1,0,0,0,"0, 0, 0, 0",0,0,0,0,0,list3,"0, 0, 0, 0, 0, 0, 0","0, 0, 0, 0, 0, 0, 0",30,0,"5, 14","0, 3, 0, 6, 0","77, 88, 108",8,"19, 16, 17",增加运用者的「界青门」功法的威力上限,降低运用者的「界青门」功法的发挥需求
91,天园养气法,1,“苑南十三星曰天园，植果菜之所也”。天元养气法养元气于丹田，如植果蔬于玄苑，能使真气不断累积，枝繁叶茂。,0,内功,Invalid,1,13,2,235,true,false,1,属性4=65; 属性5=50; 属性80=150; 属性54=150,83,809,1,0,1,true,"0, 1",1,150,180,24,2,3,1,"0, 2, 1, 0",0,"0, 0, 0, 0","0, 0, 0, 0","外:0, 内:0","外:0, 内:0","外:0, 内:0",1,1,0,0,0,0,0,0,"0, 0, 0, 0, 0, 0",0,list,0,0,100,20,0,0,list2,0,0,-1,-1,"20, 20, 1, 20, 20, 20, 20",0,"0, 0, 0, 0",false,false,"0, 0, 0, 0, 0, 0, 0, 0, 0, 0, 0, 0",0,-1,,0,0,0,"0, 0, 0, 0",36,0,36,-1,-1,false,-1,-1,-1,0,0,0,"0, 0, 0, 0",0,0,0,0,0,list3,"0, 0, 0, 0, 0, 0, 0","0, 0, 0, 0, 0, 0, 0",40,0,"16, 31","0, 6, 3, 0, 0","77, 88, 108",12,"19, 16, 17",小幅增加运用者的「玄阴」类功法的威力,降低运用者的「玄阴」类功法的提气、架势消耗
92,东壁十二卷书,2,“东壁图书府，西园翰墨林”。东壁十二卷书详述阴阳循环、五行生克之道，理极幽玄，文辞浅近，相传乃是先贤从壁星运行中悟得。,0,内功,Invalid,1,13,2,236,true,false,2,属性1=60; 属性5=70; 属性80=200; 属性54=200,84,810,2,1,2,true,"2, 0, 1, 5, 6",1,200,270,36,2,3,1,"0, 0, 2, 1",0,"0, 0, 0, 0","0, 0, 1, 0","外:0, 内:0","外:0, 内:0","外:0, 内:0",0,0,0,0,0,0,0,0,"0, 0, 0, 0, 0, 0",0,list,0,0,100,20,0,0,list2,0,0,-1,-1,"20, 20, 1, 20, 20, 20, 20",0,"0, 0, 0, 0",false,false,"0, 0, 0, 0, 0, 0, 0, 0, 0, 0, 0, 0",0,-1,,0,0,0,"0, 0, 0, 0",36,0,36,-1,-1,false,-1,-1,-1,0,0,0,"0, 0, 0, 0",0,0,0,0,0,list3,"0, 0, 0, 0, 0, 0, 0","0, 0, 0, 0, 0, 0, 0",50,0,"5, 14","0, 0, 6, 3, 0","77, 88, 108",16,"19, 16, 17",当运用者的内力属性为「玄阴」时，降低「纯阳」类功法对运用者造成的直接伤害、反噬伤害,当运用者的内力属性为「玄阴」时，降低「归元」类功法对运用者造成的直接伤害、反噬伤害
93,步天歌,3,步天歌句中有图，言下见象，或丰或约，无失无余，乃是将诸天星象形于文字，镌刻灵台，从而清神澄心，形无其形，如同漫步于九天之上的奇妙功法。,0,内功,Invalid,2,13,5,237,true,false,3,属性1=70; 属性5=75; 属性80=250; 属性54=250,85,811,2,0,3,true,"5, 6",2,250,360,48,-1,-1,2,"1, 3, 2, 0",0,"0, 0, 2, 0","0, 0, 1, 0","外:0, 内:0","外:0, 内:0","外:0, 内:0",0,0,0,0,0,0,0,0,"0, 0, 0, 0, 0, 0",0,list,0,0,70,20,0,0,list2,0,0,-1,-1,"20, 20, 1, 20, 20, 20, 20",0,"0, 0, 0, 0",false,false,"0, 0, 0, 0, 0, 0, 0, 0, 0, 0, 0, 0",0,-1,,0,0,0,"0, 0, 0, 0",36,0,36,-1,-1,false,-1,-1,-1,0,0,0,"0, 0, 0, 0",0,0,0,0,0,list3,"0, 0, 0, 0, 0, 0, 0","0, 0, 0, 0, 0, 0, 0",70,0,"3, 12","3, 9, 6, 0, 0",loopBonusSkillList,20,"19, 16, 17",大幅增加运用者的「灵敏」上限，「灵敏」所增加的闪避会根据运用者的精纯大幅提高,大幅增加运用者的「灵敏」上限，「灵敏」所增加的迅疾会根据运用者的精纯大幅提高
94,玄冥真经,4,玄冥乃北方之神，主杀戮。所谓：“玄冥掌雪，群物严节”，玄冥真经上应北斗，暗藏杀机，能以极寒之真气发无穷之威能，于反掌之间定一人之命数。,0,内功,Invalid,2,13,2,238,true,true,4,属性4=80; 属性5=80; 属性80=300; 属性54=300,86,812,3,1,4,true,"0, 1",2,300,450,60,2,3,2,"3, 2, 0, 1",0,"0, 0, 0, 0","0, 0, 0, 0","外:0, 内:0","外:0, 内:0","外:0, 内:0",0,0,0,0,0,0,0,0,"0, 0, 2, 0, 0, 0",0,list,0,0,100,20,0,0,list2,0,0,-1,-1,"20, 20, 1, 20, 20, 20, 20",0,"0, 0, 0, 0",false,false,"0, 0, 0, 0, 0, 0, 0, 0, 0, 0, 0, 0",0,-1,,0,0,0,"0, 0, 0, 0",36,0,36,-1,-1,false,-1,-1,-1,0,0,0,"0, 0, 0, 0",0,0,0,0,0,list3,"0, 0, 0, 0, 0, 0, 0","0, 0, 0, 0, 0, 0, 0",90,0,"7, 20","9, 6, 0, 3, 0","77, 88, 108",24,"19, 16, 17",将运用者的「金刚」内力转化为「玄阴」内力，转化的比例越多，运用者的「玄阴」类功法的威力就增加越多；如果运用者原本没有「金刚」内力，运用者不会被「金刚」、「玄阴」类功法命中要害,将运用者的「归元」内力转化为「玄阴」内力，转化的比例越多，运用者的「玄阴」类功法的威力就增加越多；如果运用者原本没有「归元」内力，运用者不会被「归元」、「玄阴」类功法命中要害
95,乙巳遗参,5,“门之所召，随类毕臻。应之所授，待感斯发。无情尚尔，况在人乎”。乙巳遗参化用自唐朝道士李淳风所著之《乙巳占》，乃察观天象而悉知人世，感应生死而化转物我之法。,0,内功,Invalid,2,13,2,239,true,true,5,属性4=65; 属性5=110; 属性80=350; 属性54=350,87,813,3,1,5,true,"2, 0",2,350,540,72,2,3,2,"0, 1, 2, 3",0,"0, 0, 0, 0","0, 0, 0, 0","外:0, 内:0","外:0, 内:0","外:0, 内:0",0,0,2,2,0,0,0,0,"0, 0, 0, 0, 0, 0",0,list,0,0,100,20,0,0,list2,0,0,-1,-1,"20, 20, 1, 20, 20, 20, 20",0,"0, 0, 0, 0",false,false,"0, 0, 0, 0, 0, 0, 0, 0, 0, 0, 0, 0",0,-1,,0,0,0,"0, 0, 0, 0",36,0,36,-1,-1,false,-1,-1,-1,0,0,0,"0, 0, 0, 0",0,0,0,0,0,list3,"0, 0, 0, 0, 0, 0, 0","0, 0, 0, 0, 0, 0, 0",110,0,"4, 13","0, 3, 6, 9, 0","77, 88, 108",28,"19, 16, 17",运用者的「混元」类功法也会被视为「玄阴」类功法；运用者可在施展「玄阴」类摧破功法的过程中，点击消耗最少5点，最多15点运用者的「轻灵」真气，增加「玄阴」类摧破功法的攻击范围,运用者的「混元」类功法也会被视为「玄阴」类功法；运用者可在施展「玄阴」类摧破功法的过程中，点击消耗最少5点，最多15点运用者的「轻灵」真气，使该功法对敌人造成的直接伤害不会因状态效果降低
96,浑天星图,6,“茫茫地理，粲烂天文，四灵垂象，万类群分”。浑天星图揆测天行，推考星次，察天窥时，以明人事，功成者映满天星斗于方寸之中，故能趋吉避凶，天机尽知。,0,内功,Invalid,3,13,2,240,true,true,6,属性1=60; 属性5=130; 属性80=400; 属性54=400,88,814,4,1,6,true,"0, 1",3,400,630,84,2,3,3,"3, 4, 0, 0",2,"0, 0, 1, 0","0, 0, 0, 0","外:0, 内:0","外:0, 内:0","外:0, 内:0",2,2,0,0,0,0,0,0,"0, 0, 0, 0, 0, 0",0,list,0,0,100,20,0,0,list2,0,0,-1,-1,"20, 20, 1, 20, 20, 20, 20",0,"0, 0, 0, 0",false,false,"0, 0, 0, 0, 0, 0, 0, 0, 0, 0, 0, 0",0,-1,,0,0,0,"0, 0, 0, 0",36,0,36,-1,-1,false,-1,-1,-1,0,0,0,"0, 0, 0, 0",0,0,0,0,0,list3,"0, 0, 0, 0, 0, 0, 0","0, 0, 0, 0, 0, 0, 0",130,0,"8, 17","9, 12, 0, 0, 6","77, 88, 108",32,"19, 16, 17",运用者的内力属性为「玄阴」时，运用者所有的功法更难被「封禁」、「打断」；运用者受到「玄阴」、「纯阳」、「金刚」类功法的攻击时，直接重创伤害降低80%,运用者的内力属性为「玄阴」时，即使施展功法所需的身体部位已残毁，仍能继续施展，但功法威力降低；运用者受到「玄阴」、「纯阳」、「金刚」类功法的攻击时，如果该功法未能发挥十成威力，敌人会受到此功法的部分反噬伤害
97,遍体火漆法,0,遍体火漆法因地制宜，以火为漆，乃是将热漆涂抹全身，使人动心忍性，强健筋骨，能耐热火而不受邪侵的法门。,0,内功,Invalid,1,14,3,241,true,false,0,属性0=40; 属性3=60; 属性80=100; 属性55=80; 属性64=80,89,815,1,2,0,false,"2, 0, 1, 3, 4, 5, 6",1,100,90,12,3,3,1,"2, 1, 0, 0",0,"0, 0, 0, 0","1, 0, 0, 0","外:0, 内:0","外:0, 内:0","外:0, 内:0",0,0,0,0,0,0,0,0,"0, 0, 0, 0, 0, 0",0,list,0,0,30,25,0,0,list2,0,0,-1,-1,"20, 20, 1, 20, 20, 20, 20",0,"0, 0, 0, 0",false,false,"0, 0, 0, 0, 0, 0, 0, 0, 0, 0, 0, 0",0,-1,,0,0,0,"0, 0, 0, 0",36,0,36,-1,-1,false,-1,-1,-1,0,0,0,"0, 0, 0, 0",0,0,0,0,0,list3,"0, 0, 0, 0, 0, 0, 0","0, 0, 0, 0, 0, 0, 0",30,0,"3, 12","6, 3, 0, 0, 0","77, 88, 93, 108",8,"19, 16, 17",增加运用者的「伏龙坛」功法的威力上限,降低运用者的「伏龙坛」功法的发挥需求
98,伏龙吞火功,1,火者，阳之精也。伏龙吞火功乃是伏龙坛代代相传的苦修之法，功成者可吞火入腹，化阳为精，气藏丹田，亢而不毁。,0,内功,Invalid,1,14,3,242,true,false,1,属性0=50; 属性3=65; 属性80=150; 属性55=120; 属性64=120,90,816,1,0,1,true,"2, 0, 1",1,150,180,24,3,3,1,"1, 0, 2, 0",0,"0, 0, 0, 0","1, 0, 0, 0","外:0, 内:0","外:0, 内:0","外:0, 内:0",0,0,0,0,0,0,0,0,"0, 0, 0, 0, 0, 0",0,list,0,0,40,25,0,0,list2,0,0,-1,-1,"20, 20, 1, 20, 20, 20, 20",0,"0, 0, 0, 0",false,false,"0, 0, 0, 0, 0, 0, 0, 0, 0, 0, 0, 0",0,-1,,0,0,0,"0, 0, 0, 0",36,0,36,-1,-1,false,-1,-1,-1,0,0,0,"0, 0, 0, 0",0,0,0,0,0,list3,"0, 0, 0, 0, 0, 0, 0","0, 0, 0, 0, 0, 0, 0",40,0,"16, 34","3, 0, 6, 0, 0","77, 88, 93, 108",12,"19, 16, 17",运用者的「纯阳」内力比例越高，运用者的御体、御气就提高越多,运用者的「纯阳」内力比例越高，运用者的破体、破气就提高越多
99,离火真气,2,“炎光在离，火为威德”。离火真气以火炼形，烧尽浊秽，光辉熊熊，炎气烈烈，其至者，可令金玉成灰，江水枯涸。,0,内功,Invalid,1,14,3,243,true,false,2,属性0=85; 属性4=45; 属性80=200; 属性55=160; 属性64=160,91,817,2,1,2,true,"0, 1",1,200,270,36,3,3,1,"2, 0, 0, 1",0,"0, 0, 0, 0","0, 0, 0, 0","外:1, 内:1","外:0, 内:0","外:0, 内:0",0,0,0,0,0,0,0,0,"0, 0, 0, 0, 0, 0",0,list,0,0,100,25,0,0,list2,0,0,-1,-1,"20, 20, 1, 20, 20, 20, 20",0,"0, 0, 0, 0",false,false,"0, 0, 0, 0, 0, 0, 0, 0, 0, 0, 0, 0",0,-1,,0,0,0,"0, 0, 0, 0",36,0,36,-1,-1,false,-1,-1,-1,0,0,0,"0, 0, 0, 0",0,0,0,0,0,list3,"0, 0, 0, 0, 0, 0, 0","0, 0, 0, 0, 0, 0, 0",50,0,"5, 14","6, 0, 0, 3, 0","77, 88, 93, 108",16,"19, 16, 17",运用者的「纯阳」类功法会对内力属性为「金刚」的人物造成更多直接伤害、反噬伤害,运用者的「纯阳」类功法会对内力属性为「玄阴」的人物造成更多直接伤害、反噬伤害
100,小玉阳神功,3,小玉阳神功养心炼气，中正亨通，能开通经脉，补养真元，使修习者精气相继，源源不断，光明内蕴，真阳充满。,0,内功,Invalid,2,14,3,244,true,false,3,属性4=65; 属性5=80; 属性80=250; 属性55=200; 属性64=200,92,818,2,1,3,true,"0, 1",2,250,360,48,3,3,2,"0, 2, 2, 2",0,"2, 2, 0, 0","0, 0, 0, 0","外:0, 内:0","外:0, 内:0","外:0, 内:0",0,0,0,0,0,0,0,0,"0, 0, 0, 0, 0, 0",0,list,0,0,100,25,0,0,list2,0,0,-1,-1,"20, 20, 1, 20, 20, 20, 20",0,"0, 0, 0, 0",false,false,"0, 0, 0, 0, 0, 0, 0, 0, 0, 0, 0, 0",0,-1,,0,0,0,"0, 0, 0, 0",36,0,36,-1,-1,false,-1,-1,-1,0,0,0,"0, 0, 0, 0",0,0,0,0,0,list3,"0, 0, 0, 0, 0, 0, 0","0, 0, 0, 0, 0, 0, 0",70,0,"4, 13","0, 6, 6, 6, 0","77, 88, 93, 108",20,"19, 16, 17",运用者的摧破功法每有1段命中敌人的要害时，消除运用者的1个破绽标记、1个点穴标记、1个失神标记,敌人的摧破功法每有1段命中运用者的要害时，消除运用者的1个破绽标记、1个点穴标记、1个失神标记
101,狂龙吞象功,4,狂龙吞象功性如真火，明德皓然，刚猛炽烈，阳气外盛，功成者可以邪养正，凝精炼神，如同狂龙之吞象，烈火之得薪。,0,内功,Invalid,2,14,3,245,true,false,4,属性0=160; 属性80=300; 属性55=240; 属性64=240,93,819,3,2,4,false,"2, 0, 1, 5, 6",2,300,450,60,3,3,2,"3, 3, 0, 0",0,"0, 0, 0, 0","0, 0, 0, 0","外:2, 内:1","外:0, 内:0","外:0, 内:0",0,0,0,0,0,0,0,0,"0, 0, 0, 0, 0, 0",0,list,0,0,60,25,0,0,list2,0,0,-1,-1,"20, 20, 1, 20, 20, 20, 20",0,"0, 0, 0, 0",false,false,"0, 0, 0, 0, 0, 0, 0, 0, 0, 0, 0, 0",0,-1,,0,0,0,"0, 0, 0, 0",36,0,36,-1,-1,false,-1,-1,-1,0,0,0,"0, 0, 0, 0",0,0,0,0,0,list3,"0, 0, 0, 0, 0, 0, 0","0, 0, 0, 0, 0, 0, 0",90,0,"3, 12","9, 9, 0, 0, 0","77, 88, 93, 108",24,"19, 16, 17",将运用者的「归元」内力转化为「纯阳」内力，转化的比例越多，运用者的「纯阳」类功法的威力就提高越多；如果运用者原本没有「归元」内力，运用者不会被「归元」、「纯阳」类功法命中要害,将运用者的「金刚」内力转化为「纯阳」内力，转化的比例越多，运用者的「纯阳」类功法的威力就提高越多；如果运用者原本没有「金刚」内力，运用者不会被「金刚」、「纯阳」类功法命中要害
102,九龙归一功,5,所谓：“玄生万物，九九归一”，九为阳之极。此法以周身真气为龙，化而御之，运功时龙吟阵阵，若听风雨，有感心应转、阴阳互生之用，故谓之曰“九龙归一”。,0,内功,Invalid,2,14,3,246,true,true,5,属性0=100; 属性3=75; 属性80=350; 属性55=280; 属性64=280,94,820,3,1,5,false,"2, 0, 1, 3, 4, 5, 6",2,350,540,72,3,3,2,"2, 0, 2, 2",0,"0, 0, 0, 0","0, 0, 0, 0","外:0, 内:0","外:0, 内:0","外:0, 内:0",0,0,0,0,1,1,0,0,"1, 0, 0, 0, 0, 0",0,list,0,0,70,25,0,0,list2,0,0,-1,-1,"20, 20, 1, 20, 20, 20, 20",0,"0, 0, 0, 0",false,false,"0, 0, 0, 0, 0, 0, 0, 0, 0, 0, 0, 0",0,-1,,0,0,0,"0, 0, 0, 0",36,0,36,-1,-1,false,-1,-1,-1,0,0,0,"0, 0, 0, 0",0,0,0,0,0,list3,"0, 0, 0, 0, 0, 0, 0","0, 0, 0, 0, 0, 0, 0",110,0,"7, 21","6, 0, 6, 6, 0","77, 88, 93, 108",28,"19, 16, 17",运用者的「混元」类功法也会被视为「纯阳」类功法；运用者可在施展「纯阳」类摧破功法的过程中，点击消耗最少5点，最多15点运用者的「摧破」真气，增加「纯阳」类摧破功法的攻击范围,运用者的「混元」类功法也会被视为「纯阳」类功法；运用者可在施展「纯阳」类摧破功法的过程中，点击消耗最少5点，最多15点运用者的「摧破」真气，使该功法对敌人造成的直接伤害不会因状态效果降低
103,入魔功,6,魔，即迷离者。入魔功动如阳炎，灼烧万物，功成者愈是伤残，愈是愤怒，心火炽盛，状若狂魔，将生死置之度外，故而伟力超凡。,0,内功,Invalid,3,14,3,247,true,true,6,属性0=110; 属性3=80; 属性80=400; 属性55=320; 属性64=320,95,821,4,3,6,true,2,3,400,630,84,3,3,3,"5, 3, 1, 0",0,"1, 0, 0, 0","0, 0, 0, 0","外:2, 内:2","外:0, 内:0","外:0, 内:0",0,0,0,0,0,0,0,0,"0, 0, 0, 0, 0, 0",0,list,0,0,70,25,0,0,list2,0,0,-1,-1,"20, 20, 1, 20, 20, 20, 20",0,"0, 0, 0, 0",false,false,"0, 0, 0, 0, 0, 0, 0, 0, 0, 0, 0, 0",0,-1,,0,0,0,"0, 0, 0, 0",36,0,36,-1,-1,false,-1,-1,-1,0,0,0,"0, 0, 0, 0",0,0,0,0,0,list3,"0, 0, 0, 0, 0, 0, 0","0, 0, 0, 0, 0, 0, 0",130,0,"6, 15","15, 9, 3, 0, 0","77, 88, 93, 108",32,"19, 16, 17",运用者的重创标记越多，敌人对运用者造成的直接伤害就越低,运用者的重创标记越多，运用者对敌人造成的直接直接伤害就越高
104,大玉阳神功,7,玉为石之魂，玉阳即阳之魂。大玉阳神功威能外显，如日中天，修习者“呼翕九阳，抱一含元，引新吐故，云饮露餐”，可臻于至刚至纯、解浊还真之境。,0,内功,Invalid,3,14,3,248,true,true,7,属性0=125; 属性4=80; 属性80=450; 属性55=360; 属性64=360,96,822,4,1,7,true,"0, 1",3,450,720,96,3,3,3,"3, 0, 2, 3",1,"0, 2, 0, 0","0, 2, 0, 0","外:1, 内:0","外:0, 内:0","外:0, 内:0",0,0,0,0,0,0,0,0,"0, 0, 0, 0, 0, 0",0,list,0,0,100,25,0,0,list2,0,0,-1,-1,"20, 20, 1, 20, 20, 20, 20",0,"0, 0, 0, 0",false,false,"0, 0, 0, 0, 0, 0, 0, 0, 0, 0, 0, 0",0,-1,,0,0,0,"0, 0, 0, 0",36,0,36,-1,-1,false,-1,-1,-1,0,0,0,"0, 0, 0, 0",0,0,0,0,0,list3,"0, 0, 0, 0, 0, 0, 0","0, 0, 0, 0, 0, 0, 0",160,0,"6, 15","9, 0, 6, 9, 3","77, 88, 93, 108",36,"19, 16, 17",小幅增加运用者的「纯阳」类功法的威力；可在施展「纯阳」类功法的过程中，点击消耗最少5点，最多15点运用者的奇窍真气，提高「纯阳」类功法50%的施展进度，最多将施展进度提高至75%,降低运用者的「纯阳」类功法的提气、架势消耗；可在施展「纯阳」类功法的过程中，点击消耗最少5点，最多15点运用者的「奇窍」真气，增加「纯阳」类功法的威力
105,犼母功,0,血犼教以邪为道，以犼为尊，犼母功效仿神犼之姿，诡怪奇异，血犼教诸般心法皆发源于此。,0,内功,Invalid,1,15,4,249,true,false,0,属性0=60; 属性1=40; 属性80=100; 属性59=80; 属性65=80,97,823,1,0,0,false,"0, 1, 5, 6",1,100,90,12,4,3,1,"2, 1, 0, 0",0,"0, 0, 0, 0","0, 0, 0, 0","外:0, 内:0","外:0, 内:0","外:0, 内:0",0,0,0,0,1,1,0,0,"0, 0, 0, 0, 0, 0",0,list,0,0,40,25,0,0,list2,0,0,-1,-1,"20, 20, 1, 20, 20, 20, 20",0,"0, 0, 0, 0",false,false,"0, 0, 0, 0, 0, 0, 0, 0, 0, 0, 0, 0",0,-1,,0,0,0,"0, 0, 0, 0",36,0,36,-1,-1,false,-1,-1,-1,0,0,0,"0, 0, 0, 0",0,0,0,0,0,list3,"0, 0, 0, 0, 0, 0, 0","0, 0, 0, 0, 0, 0, 0",30,0,"3, 12","6, 3, 0, 0, 0","77, 88, 93",8,"19, 16, 17",增加运用者的「血犼教」功法的威力上限,降低运用者的「血犼教」功法的发挥需求
106,黑尸四诀,1,死者“魂气归于天，形魄归于地”，四体渐冷，阴气乃生。黑尸四诀乃是以尸首助人修炼的法门，修习者纳尸气于身，体表常见黑色斑痕。,0,内功,Invalid,1,15,4,250,true,false,1,属性0=70; 属性1=45; 属性80=150; 属性59=120; 属性65=120,98,824,1,3,1,false,2,1,150,180,24,4,3,1,"1, 0, 2, 0",0,"0, 0, 0, 0","0, 0, 0, 0","外:1, 内:0","外:0, 内:0","外:0, 内:0",0,0,0,0,0,0,0,0,"0, 0, 0, 0, 0, 0",0,list,0,0,60,25,0,0,list2,0,0,-1,-1,"20, 20, 1, 20, 20, 20, 20",0,"0, 0, 0, 0",false,false,"0, 0, 0, 0, 0, 0, 0, 0, 0, 0, 0, 0",0,-1,,0,0,0,"0, 0, 0, 0",36,0,36,-1,-1,false,-1,-1,-1,0,0,0,"0, 0, 0, 0",0,0,0,0,0,list3,"0, 0, 0, 0, 0, 0, 0","0, 0, 0, 0, 0, 0, 0",40,0,"5, 14","3, 0, 6, 0, 0","77, 88, 93",12,"19, 16, 17",小幅增加运用者的「归元」类功法的威力,降低运用者的「归元」类功法的提气、架势消耗
107,邪鬼功,2,反正为邪，散形为鬼。邪鬼功能以恶鬼之邪气养生人之神魂，令修习者精神离形，散而为变，宛如野鬼一般魂游魄散，各归其真。,0,内功,Invalid,1,15,4,251,true,false,2,属性0=80; 属性4=50; 属性80=200; 属性59=160; 属性65=160,99,825,2,3,2,true,2,1,200,270,36,4,3,1,"1, 0, 0, 2",0,"0, 1, 0, 0","0, 0, 0, 0","外:0, 内:0","外:0, 内:0","外:0, 内:0",0,0,0,0,0,0,0,0,"0, 0, 0, 0, 0, 0",0,list,0,0,70,25,0,0,list2,0,0,-1,-1,"20, 20, 1, 20, 20, 20, 20",0,"0, 0, 0, 0",false,false,"0, 0, 0, 0, 0, 0, 0, 0, 0, 0, 0, 0",0,-1,,0,0,0,"0, 0, 0, 0",36,0,36,-1,-1,false,-1,-1,-1,0,0,0,"0, 0, 0, 0",0,0,0,0,0,list3,"0, 0, 0, 0, 0, 0, 0","0, 0, 0, 0, 0, 0, 0",50,0,"16, 37","3, 0, 0, 6, 0","77, 88, 93",16,"19, 16, 17",当运用者的内力属性为「归元」时，降低「玄阴」类功法对运用者造成的直接伤害、反噬伤害,当运用者的内力属性为「归元」时，降低「紫霞」类功法对运用者造成的直接伤害、反噬伤害
108,三毒无明咒,3,三毒，即贪、嗔、痴。三毒无明咒以七情为盾，六欲为兵，由无明而生我执，修习者可以心驭己，爆发潜能。,0,内功,Invalid,2,15,5,252,true,true,3,属性0=90; 属性3=55; 属性80=250; 属性59=200; 属性65=200,100,826,2,3,3,false,2,2,250,360,48,-1,-1,2,"2, 2, 0, 2",0,"2, 0, 0, 0","1, 0, 0, 0","外:0, 内:0","外:0, 内:0","外:0, 内:0",0,0,0,0,0,0,0,0,"0, 0, 0, 0, 0, 0",0,list,0,0,70,25,0,0,list2,0,0,-1,-1,"20, 20, 1, 20, 20, 20, 20",0,"0, 0, 0, 0",false,false,"0, 0, 0, 0, 0, 0, 0, 0, 0, 0, 0, 0",0,-1,,0,0,0,"0, 0, 0, 0",36,0,36,-1,-1,false,-1,-1,-1,0,0,0,"0, 0, 0, 0",0,0,0,0,0,list3,"0, 0, 0, 0, 0, 0, 0","0, 0, 0, 0, 0, 0, 0",70,0,"3, 12","6, 6, 0, 6, 0",loopBonusSkillList,20,"19, 16, 17",运用者的「心情」越愉悦，运用者所有功法的威力就增加越多,运用者的「心情」越痛苦，运用者所有功法的威力就增加越多
109,太阴炼形,4,生者主阳，死者主阴。太阴炼形能借天地之精华，将阴气化入经脉、腑脏之中，达到养气存形，非人非鬼的境界。,0,内功,Invalid,2,15,4,253,true,true,4,属性3=95; 属性4=65; 属性80=300; 属性59=240; 属性65=240,101,827,3,1,4,true,"2, 0, 1, 3, 4, 5, 6",2,300,450,60,4,3,2,"2, 2, 2, 0",0,"0, 0, 0, 0","0, 0, 0, 0","外:2, 内:0","外:1, 内:0","外:0, 内:0",0,0,0,0,0,0,0,0,"0, 0, 0, 0, 0, 0",0,list,0,0,70,25,0,0,list2,0,0,-1,-1,"20, 20, 1, 20, 20, 20, 20",0,"0, 0, 0, 0",false,false,"0, 0, 0, 0, 0, 0, 0, 0, 0, 0, 0, 0",0,-1,,0,0,0,"0, 0, 0, 0",36,0,36,-1,-1,false,-1,-1,-1,0,0,0,"0, 0, 0, 0",0,0,0,0,0,list3,"0, 0, 0, 0, 0, 0, 0","0, 0, 0, 0, 0, 0, 0",90,0,"3, 12","6, 6, 6, 0, 0","77, 88, 93",24,"19, 16, 17",将运用者的「纯阳」内力转化为「归元」内力，转化的比例越多，运用者的「归元」类功法的威力就提高越多；如果运用者原本没有「纯阳」内力，运用者不会被「纯阳」、「归元」类功法命中要害,将运用者的「玄阴」内力转化为「归元」内力，转化的比例越多，运用者的「归元」类功法的威力就提高越多；如果运用者原本没有「玄阴」内力，运用者不会被「玄阴」、「归元」类功法命中要害
110,五阴大法,5,五阴，即“色、受、想、行、识”，此五蕴阴盖善法，故而得名。五阴大法以五阴为根基、烦恼为饵食，及至大成，则可识色相不空，诸恶不灭。,0,内功,Invalid,2,15,4,254,true,true,5,属性0=60; 属性1=55; 属性4=60; 属性80=350; 属性59=280; 属性65=280,102,828,3,3,5,true,2,2,350,540,72,4,3,2,"0, 0, 2, 2",2,"0, 2, 2, 0","0, 0, 0, 0","外:0, 内:0","外:0, 内:0","外:0, 内:0",0,0,0,0,0,0,0,0,"0, 0, 0, 0, 0, 0",0,list,0,0,100,25,0,0,list2,0,0,-1,-1,"20, 20, 1, 20, 20, 20, 20",0,"0, 0, 0, 0",false,false,"0, 0, 0, 0, 0, 0, 0, 0, 0, 0, 0, 0",0,-1,,0,0,0,"0, 0, 0, 0",36,0,36,-1,-1,false,-1,-1,-1,0,0,0,"0, 0, 0, 0",0,0,0,0,0,list3,"0, 0, 0, 0, 0, 0, 0","0, 0, 0, 0, 0, 0, 0",110,0,"4, 13","0, 0, 6, 6, 6","77, 88, 93",28,"19, 16, 17",运用者的「归元」内力比例越高，运用者的卸力、拆招、闪避、守心就提高越多,运用者的「归元」内力比例越高，运用者的力道、精妙、迅疾、动心就提高越多
111,童子血炼法,6,“童子者，人神至精也”。童子血炼法弃清就浊，不离于垢，引恶归元，血污其身，乃是以邪气化为阳神，从而使人功满忘形、通凡入圣的奇术。,0,内功,Invalid,3,15,4,255,true,true,6,属性0=40; 属性3=90; 属性4=60; 属性80=400; 属性59=320; 属性65=320,103,829,4,2,6,false,"2, 0, 1, 3, 4, 5, 6",3,400,630,84,4,3,3,"4, 3, 0, 2",0,"0, 0, 0, 0","0, 1, 0, 0","外:0, 内:0","外:0, 内:0","外:0, 内:0",0,0,0,0,2,2,0,0,"0, 0, 0, 0, 0, 0",0,list,0,0,70,25,0,0,list2,0,0,-1,-1,"20, 20, 1, 20, 20, 20, 20",0,"0, 0, 0, 0",false,false,"0, 0, 0, 0, 0, 0, 0, 0, 0, 0, 0, 0",0,-1,,0,0,0,"0, 0, 0, 0",36,0,36,-1,-1,false,-1,-1,-1,0,0,0,"0, 0, 0, 0",0,0,0,0,0,list3,"0, 0, 0, 0, 0, 0, 0","0, 0, 0, 0, 0, 0, 0",130,0,"7, 22","12, 9, 0, 6, 0","77, 88, 93",32,"19, 16, 17",小幅增加运用者的「归元」类功法的威力；可在施展「归元」类功法的过程中，点击消耗最少5点，最多15点运用者的「摧破」真气，提高「归元」类功法50%的施展进度，最多将施展进度提高至75%,降低运用者的「归元」类功法的提气、架势消耗；可在施展「归元」类功法的过程中，点击消耗最少5点，最多15点运用者的「摧破」真气，增加「归元」类功法的威力
112,血犼邪经,7,血犼邪经观于不净，成于颠倒，见苦则乐，见魔则喜，乃血犼教不传之秘。功成者离于世间正邪、凡俗好恶，不以无明为困、罪业为扰，好似脱出樊笼，豁然开朗。,0,内功,Invalid,3,15,4,256,true,true,7,属性0=110; 属性3=45; 属性5=50; 属性80=450; 属性59=360; 属性65=360,104,830,4,1,7,true,"2, 0, 1",3,450,720,96,4,3,3,"3, 2, 3, 0",1,"0, 1, 0, 0","0, 0, 0, 0","外:0, 内:0","外:0, 内:0","外:0, 内:0",0,0,2,2,0,0,0,0,"0, 0, 0, 0, 0, 0",0,list,0,0,100,25,0,0,list2,0,0,-1,-1,"20, 20, 1, 20, 20, 20, 20",0,"0, 0, 0, 0",false,false,"0, 0, 0, 0, 0, 0, 0, 0, 0, 0, 0, 0",0,-1,,0,0,0,"0, 0, 0, 0",36,0,36,-1,-1,false,-1,-1,-1,0,0,0,"0, 0, 0, 0",0,0,0,0,0,list3,"0, 0, 0, 0, 0, 0, 0","0, 0, 0, 0, 0, 0, 0",160,0,"6, 15","9, 6, 9, 0, 3","77, 88, 93",36,"19, 16, 17",运用者的内力属性为「归元」时，运用者所有的功法更难被「封禁」、「打断」；运用者受到「归元」、「玄阴」、「纯阳」类功法的攻击时，直接重创伤害降低80%,运用者的内力属性为「归元」时，即使施展功法所需的身体部位已残毁，仍能继续施展，但功法威力降低；运用者受到「归元」、「玄阴」、「纯阳」类功法的攻击时，如果该功法未能发挥十成威力，敌人会受到此功法的部分反噬伤害
113,血童大法,8,“一念嗔心起，百万障门开”。此法嗜血断善，阴邪无比，可令修习者良知尽失，无恶不作，从而功力大增，暴虐异常，宛如赤子之心皆为血染，故名“血童大法”。,0,内功,Invalid,3,15,4,257,true,true,8,属性0=130; 属性5=90; 属性80=500; 属性59=400; 属性65=400,105,831,5,1,8,true,"2, 0, 1",3,500,810,108,4,3,3,"3, 0, 0, 4",2,"0, 0, 0, 0","0, 0, 0, 0","外:2, 内:1","外:1, 内:1","外:0, 内:0",0,0,0,0,0,0,0,0,"0, 0, 0, 0, 0, 0",0,list,0,0,100,25,0,0,list2,0,0,-1,-1,"20, 20, 1, 20, 20, 20, 20",0,"0, 0, 0, 0",false,false,"0, 0, 0, 0, 0, 0, 0, 0, 0, 0, 0, 0",0,-1,,0,0,0,"0, 0, 0, 0",36,0,36,-1,-1,false,-1,-1,-1,0,0,0,"0, 0, 0, 0",0,0,0,0,0,list3,"0, 0, 0, 0, 0, 0, 0","0, 0, 0, 0, 0, 0, 0",200,0,"6, 15","9, 0, 0, 12, 6","77, 88, 93",40,"19, 16, 17",战斗开始时，大幅增加运用者的「摧破」真气；大幅提高运用者的「摧破」真气在战斗中的获得量；大幅降低运用者的「摧破」真气在战斗中的损耗量,战斗开始时，大幅减少敌人及其助战的同道的「摧破」真气；大幅降低敌人的「摧破」真气在战斗中的获得量；大幅提高敌人的「摧破」真气在战斗中的损耗量
114,穿纵功,0,穿纵功乃是一套察危见机、防身避险的步法，修习者需奔走于摇动的木桩之中，而不使其稍触己身，及至从容自如，则此功大成。,2,身法,Invalid,1,1,5,258,true,false,9,属性1=25; 属性2=75; 属性81=100; 属性63=100,227,953,1,2,0,false,"5, 6",1,100,0,0,-1,-1,0,"0, 0, 0, 0",0,"0, 0, 0, 0","0, 0, 0, 0","外:0, 内:0","外:0, 内:0","外:0, 内:0",0,0,0,0,0,0,0,0,"0, 0, 0, 0, 0, 0",4000,6,15,0,0,25,0,0,list2,0,0,-1,-1,"20, 20, 1, 20, 20, 20, 20",0,"0, 0, 0, 0",false,false,"0, 0, 0, 0, 0, 0, 0, 0, 0, 0, 0, 0",0,-1,,40,0,-50,"0, 0, 0, 0",36,0,72,-1,-1,false,-1,-1,6,0,0,0,"0, 0, 0, 0",0,0,0,0,0,list3,"0, 0, 0, 0, 0, 20, 20","0, 0, 0, 0, 0, 0, 0",0,0,list,"0, 0, 0, 0, 0",loopBonusSkillList,0,"20, 19, 17, 29",此身法持续期间，运用者运起「护体」功法时，提高运用者的移动速度,此身法持续期间，运用者运起「护体」功法时，降低敌人的移动速度
115,壁虎游墙功,1,壁虎游墙功最重掌、指、踵、踝之功力，功成者手足如有吸力，可优游从容地如壁虎一般游走于高墙立壁之上。,2,身法,Invalid,1,1,0,259,true,false,10,属性1=30; 属性2=85; 属性81=150; 属性63=150,228,954,1,2,1,false,"1, 5, 6",1,150,0,0,-1,-1,0,"0, 0, 0, 0",0,"0, 0, 0, 0","0, 0, 0, 0","外:0, 内:0","外:0, 内:0","外:0, 内:0",0,0,0,0,0,0,0,0,"0, 0, 0, 0, 0, 0",6000,6,15,0,30,25,0,0,list2,0,0,-1,-1,"20, 20, 1, 20, 20, 20, 20",0,"0, 0, 0, 0",false,false,"0, 0, 0, 0, 0, 0, 0, 0, 0, 0, 0, 0",0,-1,,50,0,-50,"0, 0, 0, 0",36,0,72,-1,-1,false,-1,-1,3,0,0,0,"0, 0, 0, 0",0,0,0,0,0,list3,"0, 0, 0, 0, 0, 30, 30","0, 0, 0, 0, 0, 0, 0",0,0,list,"0, 0, 0, 0, 0",loopBonusSkillList,0,"20, 19, 17, 29",此身法持续期间，运用者的「护体」功法的威力提高，持续直到该「护体」功法结束,此身法持续期间，敌人的「护体」功法的威力降低，持续直到该「护体」功法结束
116,轻身术,2,轻身术乃少林弟子在每日的负重登高、奔走中练成，修习者形意相合，持之以恒，久而久之，便可身轻步捷，奔走如飞。,2,身法,Invalid,1,1,0,260,true,false,11,属性1=35; 属性2=95; 属性81=200; 属性63=200,229,955,2,0,2,true,"1, 5, 6",1,200,0,0,-1,-1,0,"0, 0, 0, 0",0,"0, 0, 0, 0","0, 0, 0, 0","外:0, 内:0","外:0, 内:0","外:0, 内:0",0,0,0,0,0,0,0,0,"0, 0, 0, 0, 0, 0",4000,6,25,0,50,25,0,0,list2,0,0,-1,-1,"20, 20, 1, 20, 20, 20, 20",0,"0, 0, 0, 0",false,false,"0, 0, 0, 0, 0, 0, 0, 0, 0, 0, 0, 0",0,-1,,30,0,0,"0, 0, 0, 0",72,0,2800,10,6000,false,0,-1,0,0,0,0,"0, 0, 0, 0",0,0,0,0,0,list3,"0, 0, 0, 0, 0, 20, 20","0, 0, 0, 0, 0, 20, 20",0,0,list,"0, 0, 0, 0, 0",loopBonusSkillList,0,"20, 19, 29",以此身法前进时，运用者需积蓄力量一次性移动1距离，随后向运用者施加一个提高脚力恢复速度与增加提气、架势恢复的增益状态,以此身法后退时，运用者需积蓄力量一次性移动1距离，随后向运用者施加一个提高脚力恢复速度与增加提气、架势恢复的增益状态
117,大翻腾术,3,大翻腾术讲究以腰带身，身随腰转，停则止步，动则翻腾，运用者心无杂念，翻转不停，身形如一，皆似满月。,2,身法,Invalid,2,1,0,261,true,false,12,属性1=45; 属性2=100; 属性81=250; 属性63=250,230,956,2,2,3,false,"0, 1, 5, 6",2,250,0,0,-1,-1,0,"0, 0, 0, 0",0,"0, 0, 0, 0","0, 0, 0, 0","外:0, 内:0","外:0, 内:0","外:0, 内:0",0,0,0,0,0,0,0,0,"0, 0, 0, 0, 0, 0",6000,6,15,0,0,25,0,0,list2,0,0,-1,-1,"20, 20, 1, 20, 20, 20, 20",0,"0, 0, 0, 0",false,false,"0, 0, 0, 0, 0, 0, 0, 0, 0, 0, 0, 0",0,-1,,0,0,-25,"500, 0, 0, 0",36,0,36,-1,-1,false,-1,-1,0,0,0,0,"0, 0, 0, 0",0,0,0,0,0,list3,"0, 0, 0, 0, 0, 50, 50","0, 0, 0, 0, 0, 0, 0",0,0,list,"0, 0, 0, 0, 0",loopBonusSkillList,0,"20, 19, 17",此身法持续期间，每当运用者以「长兵」类兵器击中敌人，恢复运用者的脚力,此身法持续期间，每当运用者以「长兵」类兵器击中敌人，损耗敌人的脚力
118,九图六座像,4,九图六座像由少林僧人自打坐之法中悟出。欲行此法，需摒弃杂念，双掌合十，回真破妄，时时显现入定打座之姿态。,2,身法,Invalid,2,1,0,262,true,false,13,属性2=160; 属性81=300; 属性63=300,231,957,3,8,4,true,"0, 1, 2, 3, 4, 5, 6",2,300,0,0,-1,-1,0,"0, 0, 0, 0",0,"0, 0, 0, 0","0, 0, 0, 0","外:0, 内:0","外:0, 内:0","外:0, 内:0",0,0,0,0,0,0,0,0,"0, 0, 0, 0, 0, 0",8000,6,15,0,30,25,0,0,list2,0,0,-1,-1,"20, 20, 1, 20, 20, 20, 20",0,"0, 0, 0, 0",false,false,"0, 0, 0, 0, 0, 0, 0, 0, 0, 0, 0, 0",0,-1,,0,0,-25,"400, 400, 0, 0",36,0,36,-1,-1,false,-1,-1,4,0,0,0,"0, 0, 0, 0",0,0,0,0,0,list3,"0, 0, 0, 0, 0, 50, 50","0, 0, 0, 0, 0, 0, 0",0,25,list,"0, 0, 0, 0, 0",loopBonusSkillList,0,"20, 17",此身法持续期间，运用者的「护体」功法的持续时间提高，但「护体」功法的威力大幅降低，持续直到该「护体」功法结束,此身法持续期间，运用者的「护体」功法的持续时间降低，但「护体」功法的威力大幅提高，持续直到该「护体」功法结束
119,一苇渡江,5,相传达摩祖师西来之时，曾投一苇于水中，而后立于苇上，渡过大江。一苇渡江不工方位走转，不借来去之势，不随风波而动，不落凡尘之下。,2,身法,Invalid,2,1,5,263,true,false,14,属性1=50; 属性2=125; 属性81=350; 属性63=350,232,958,3,1,5,true,"1, 5, 6",2,350,0,0,-1,-1,0,"0, 0, 0, 0",0,"0, 0, 0, 0","0, 0, 0, 0","外:0, 内:0","外:0, 内:0","外:0, 内:0",0,0,0,0,0,0,0,0,"0, 0, 0, 0, 0, 0",8000,6,20,0,50,25,0,0,list2,0,0,-1,-1,"20, 20, 1, 20, 20, 20, 20",0,"0, 0, 0, 0",false,false,"0, 0, 0, 0, 0, 0, 0, 0, 0, 0, 0, 0",0,-1,,90,0,-50,"0, 0, 0, 0",36,0,72,-1,-1,false,-1,-1,0,0,0,0,"0, 0, 0, 0",0,0,0,0,0,list3,"0, 0, 0, 0, 0, 35, 35","0, 0, 0, 0, 0, 35, 35",55,0,list,"0, 0, 0, 0, 0",loopBonusSkillList,0,"19, 29",此身法持续期间：敌人无法消除运用者的身法、脚力；敌人无法阻止运用者移动；运用者的移动速度不会因状态效果降低,此身法持续期间：敌人无法消除运用者的身法、脚力；敌人无法阻止运用者移动；敌人的移动速度不会因状态效果提高
120,弹腿缩地,0,弹腿缩地讲究运转灵活、粘而不滞，运用者腿发内劲，步若弹出，有仙人缩地成寸、视远为近之姿，故而得名。,2,身法,Invalid,1,2,1,264,true,false,8,属性1=35; 属性2=45; 属性5=20; 属性81=100; 属性62=80; 属性63=80,233,959,1,2,0,false,"5, 6",1,100,0,0,-1,-1,0,"0, 0, 0, 0",0,"0, 0, 0, 0","0, 0, 0, 0","外:0, 内:0","外:0, 内:0","外:0, 内:0",0,0,0,0,0,0,0,0,"0, 0, 0, 0, 0, 0",4000,6,10,0,40,25,0,0,list,0,0,-1,-1,"20, 20, 1, 20, 20, 20, 20",0,"0, 0, 0, 0",false,false,"0, 0, 0, 0, 0, 0, 0, 0, 0, 0, 0, 0",0,-1,,0,0,-25,"0, 0, 300, 0",36,0,36,-1,-1,false,-1,-1,7,0,0,0,"0, 0, 0, 0",0,0,0,0,0,list2,"0, 0, 0, 0, 0, 10, 10","0, 0, 0, 0, 0, 10, 10",0,0,list3,"0, 0, 0, 0, 0",,0,"20, 19",此身法持续期间，只要敌人没有能够改变化解方式的效果，运用者的所有兵器攻击均会以迅疾为命中,此身法持续期间，只要敌人没有能够改变命中方式的效果，敌人的所有兵器攻击均可被运用者以闪避化解
121,白猿飞纵术,1,白猿飞纵术乃是峨眉祖师效仿白猿而创的身法，运用者步履轻疾，腾转若飞，提气一纵，可达七尺。,2,身法,Invalid,1,2,1,265,true,false,9,属性1=80; 属性2=35; 属性81=150; 属性62=120; 属性63=120,234,960,1,2,1,false,"0, 1, 5, 6",1,150,0,0,-1,-1,0,"0, 0, 0, 0",0,"0, 0, 0, 0","0, 0, 0, 0","外:0, 内:0","外:0, 内:0","外:0, 内:0",0,0,0,0,0,0,0,0,"0, 0, 0, 0, 0, 0",6000,6,25,0,40,25,0,0,list,0,0,-1,-1,"20, 20, 1, 20, 20, 20, 20",0,"0, 0, 0, 0",false,false,"0, 0, 0, 0, 0, 0, 0, 0, 0, 0, 0, 0",0,-1,,25,0,0,"0, 0, 0, 0",72,0,2800,10,6000,false,0,-1,3,0,0,0,"0, 0, 0, 0",0,0,0,0,0,list2,"0, 0, 0, 10, 10, 10, 10","0, 0, 0, 10, 10, 10, 10",0,0,list3,"0, 0, 0, 0, 0",loopBonusSkillList,0,"20, 19, 29",以此身法前进时，运用者需积蓄力量一次性移动1距离，随后运用者立即无需准备地对敌人进行1次兵器攻击,以此身法后退时，运用者需积蓄力量一次性移动1距离，随后运用者立即无需准备地对敌人进行1次兵器攻击
122,行无定踪,2,行无定踪讲究快慢相间、进退相连，其法以斜取正、弧中求直，可谓：“视则有，动则走，击则空，攻则无”。,2,身法,Invalid,1,2,5,266,true,false,10,属性1=50; 属性2=50; 属性5=30; 属性81=200; 属性62=160; 属性63=160,235,961,2,7,2,false,"5, 6",1,200,0,0,-1,-1,0,"0, 0, 0, 0",0,"0, 0, 0, 0","0, 0, 0, 0","外:0, 内:0","外:0, 内:0","外:0, 内:0",0,0,0,0,0,0,0,0,"0, 0, 0, 0, 0, 0",4000,6,15,0,60,25,0,0,list,0,0,-1,-1,"20, 20, 1, 20, 20, 20, 20",0,"0, 0, 0, 0",false,false,"0, 0, 0, 0, 0, 0, 0, 0, 0, 0, 0, 0",0,-1,,60,0,-50,"0, 0, 0, 0",36,0,72,-1,-1,false,-1,-1,0,0,0,0,"0, 0, 0, 0",0,0,0,0,0,list2,"0, 0, 0, 0, 0, 20, 20","0, 0, 0, 0, 0, 20, 20",0,0,list3,"0, 0, 0, 0, 0",loopBonusSkillList,0,"20, 19, 29",此身法持续期间，每当运用者以「对刺」类兵器击中敌人，恢复运用者的脚力,此身法持续期间，每当运用者以「对刺」类兵器击中敌人，损耗敌人的脚力
123,玉女挪莲,3,玉女挪莲步法轻柔，飘然迷离，运转随化，行止不定，运用者举手投足间，好似玉手轻拂水中莲，波纹不曾起，花叶自相怜。,2,身法,Invalid,2,2,1,267,true,false,11,属性1=85; 属性2=60; 属性81=250; 属性62=200; 属性63=200,236,962,2,0,3,true,"1, 5, 6",2,250,0,0,-1,-1,0,"0, 0, 0, 0",0,"0, 0, 0, 0","0, 0, 0, 0","外:0, 内:0","外:0, 内:0","外:0, 内:0",0,0,0,0,0,0,0,0,"0, 0, 0, 0, 0, 0",6000,6,20,0,70,25,0,0,list,0,0,-1,-1,"20, 20, 1, 20, 20, 20, 20",0,"0, 0, 0, 0",false,false,"0, 0, 0, 0, 0, 0, 0, 0, 0, 0, 0, 0",0,-1,,0,8,-50,"0, 0, 0, 0",36,0,72,-1,-1,false,-1,-1,0,0,0,0,"0, 0, 0, 0",0,0,0,0,0,list2,"0, 0, 0, 0, 0, 25, 25","0, 0, 0, 0, 0, 25, 25",0,0,list3,"0, 0, 0, 0, 0",loopBonusSkillList,0,"20, 19, 29",此身法持续期间，运用者每累积前进1距离时，将运用者的3个不可用的式与敌人的3个运用者可用的式交换,此身法持续期间，运用者每累积后退1距离时，将运用者的3个不可用的式与敌人的3个运用者可用的式交换
124,星女掷灵梭,4,星女掷灵梭讲究“避实击虚，顶随相用，出手即让，未收即随”，运用者身步有章，忽来忽往，如同飞梭一般使人眼花缭乱。,2,身法,Invalid,2,2,1,268,true,false,12,属性1=90; 属性2=35; 属性5=35; 属性81=300; 属性62=240; 属性63=240,237,963,3,7,4,false,"5, 6",2,300,0,0,-1,-1,0,"0, 0, 0, 0",0,"0, 0, 0, 0","0, 0, 0, 0","外:0, 内:0","外:0, 内:0","外:0, 内:0",0,0,0,0,0,0,0,0,"0, 0, 0, 0, 0, 0",4000,6,15,0,50,25,0,0,list,0,0,-1,-1,"20, 20, 1, 20, 20, 20, 20",0,"0, 0, 0, 0",false,false,"0, 0, 0, 0, 0, 0, 0, 0, 0, 0, 0, 0",0,-1,,0,0,-25,"0, 0, 500, 0",36,0,36,-1,-1,false,-1,-1,11,0,0,0,"0, 0, 0, 0",0,0,0,0,0,list2,"0, 0, 0, 0, 0, 35, 35","0, 0, 0, 0, 0, 35, 35",0,0,list3,"0, 0, 0, 0, 0",loopBonusSkillList,0,"20, 19",此身法持续期间，每当运用者兵器攻击击中敌人，运用者就会向运用者的攻击范围的中心变化0.2的距离，此变化不作为移动，而作为敌我距离的变化，不会引发各类移动效果,此身法持续期间，每当敌人兵器攻击击中运用者，运用者就会向运用者的攻击范围的中心变化0.2的距离，此变化不作为移动，而作为敌我距离的变化，不会引发各类移动效果
125,千潭印月步,5,千潭印月步虚实相生、变化自然，其步法宛如池中倒影，扑朔迷离，有迹而无形，正所谓：“月印千潭，只此一月，步踏千潭，只此一步”。,2,身法,Invalid,2,2,1,269,true,false,13,属性1=100; 属性2=75; 属性81=350; 属性62=280; 属性63=280,238,964,3,7,5,true,"5, 6",2,350,0,0,-1,-1,0,"0, 0, 0, 0",0,"0, 0, 0, 0","0, 0, 0, 0","外:0, 内:0","外:0, 内:0","外:0, 内:0",0,0,0,0,0,0,0,0,"0, 0, 0, 0, 0, 0",6000,6,20,0,60,25,0,0,list,0,0,-1,-1,"20, 20, 1, 20, 20, 20, 20",0,"0, 0, 0, 0",false,false,"0, 0, 0, 0, 0, 0, 0, 0, 0, 0, 0, 0",0,-1,,90,0,-50,"0, 0, 0, 0",36,0,72,-1,-1,false,-1,-1,0,0,0,0,"0, 0, 0, 0",0,0,0,0,0,list2,"0, 0, 0, 0, 0, 45, 45","0, 0, 0, 0, 0, 45, 45",0,0,list3,"0, 0, 0, 0, 0",loopBonusSkillList,0,"20, 19, 29",此身法持续期间，运用者每次以兵器攻击击中敌人，都会使运用者兵器攻击的冷却时间累积降低，持续直到此身法结束,此身法持续期间，敌人每次以兵器攻击击中运用者，都会使敌人兵器攻击的冷却时间累积提高，持续直到此身法结束
126,金顶飞仙,6,金顶飞仙道法自然，刚柔并济，相传乃是峨眉先祖观金顶流丹、明辉照雪时所创，运用者可纵身入空，乘风而上，不知其所从来，亦不知其所归去。,2,身法,Invalid,3,2,1,270,true,true,14,属性1=120; 属性2=70; 属性81=400; 属性62=320; 属性63=320,239,965,4,1,6,true,"0, 1, 2, 3, 4, 5, 6",3,400,0,0,-1,-1,0,"0, 0, 0, 0",0,"0, 0, 0, 0","0, 0, 0, 0","外:0, 内:0","外:0, 内:0","外:0, 内:0",0,0,0,0,0,0,0,0,"0, 0, 0, 0, 0, 0",6000,6,35,0,70,25,0,0,list,0,0,-1,-1,"20, 20, 1, 20, 20, 20, 20",0,"0, 0, 0, 0",false,false,"0, 0, 0, 0, 0, 0, 0, 0, 0, 0, 0, 0",0,-1,,0,7,0,"0, 0, 0, 0",72,0,7200,40,8000,true,18,6,11,0,0,0,"0, 0, 0, 0",0,0,0,0,0,list2,"0, 0, 0, 0, 0, 45, 45","0, 0, 0, 0, 0, 45, 45",0,45,list3,"0, 0, 0, 0, 0",loopBonusSkillList,0,"20, 29",以此身法前进时，运用者需积蓄力量，积蓄的力量越多，运用者前进的距离就越远，最多前进4距离，且运用者前进的距离越远，就为运用者施加一个效果越强的提高运用者力道、精妙、迅疾的增益状态,以此身法后退时，运用者需积蓄力量，积蓄的力量越多，运用者后退的距离就越远，最多后退4距离，且运用者后退的距离越远，就为运用者施加一个效果越强的提高运用者力道、精妙、迅疾的增益状态
127,提针法,0,提针法本是医者从运针之道中悟出，运用者气、意通达，步履轻移，有如轻提金针一般小巧灵活。,2,身法,Invalid,1,3,5,271,true,false,5,属性1=50; 属性2=25; 属性5=25; 属性81=100; 属性58=100,240,966,1,7,0,false,"5, 6",1,100,0,0,-1,-1,0,"0, 0, 0, 0",0,"0, 0, 0, 0","0, 0, 0, 0","外:0, 内:0","外:0, 内:0","外:0, 内:0",0,0,0,0,0,0,0,0,"0, 0, 0, 0, 0, 0",4000,6,15,0,50,20,0,0,list,0,0,-1,-1,"20, 20, 1, 20, 20, 20, 20",0,"0, 0, 0, 0",false,false,"0, 0, 0, 0, 0, 0, 0, 0, 0, 0, 0, 0",0,-1,,40,0,-50,"0, 0, 0, 0",36,0,72,-1,-1,false,-1,-1,0,0,0,0,"0, 0, 0, 0",0,0,0,0,0,list2,"0, 0, 0, 0, 0, 10, 10","0, 0, 0, 0, 0, 10, 10",0,0,list3,"0, 0, 0, 0, 0",loopBonusSkillList,0,"20, 19, 29",此身法持续期间，如果运用者的兵器能够打出施展功法或功法特殊效果所需要的式，运用者拥有的「拿」式、「撩」式、「御」式可相互替代使用,此身法持续期间，每当敌人获得「拿」式、「撩」式、「御」式时，如果运用者可以使用这些式，敌人获得的式有较高的几率转移给运用者
128,牵牛环身步,1,牵牛环身步姿态柔美，婉转蹁跹，运用者招招相接，步步相连，可如牵牛花茎一般环绕敌身，乱人心神。,2,身法,Invalid,1,3,2,272,true,false,6,属性1=55; 属性2=30; 属性5=30; 属性81=150; 属性58=150,241,967,1,7,1,false,"5, 6",1,150,0,0,-1,-1,0,"0, 0, 0, 0",0,"0, 0, 0, 0","0, 0, 0, 0","外:0, 内:0","外:0, 内:0","外:0, 内:0",0,0,0,0,0,0,0,0,"0, 0, 0, 0, 0, 0",6000,6,10,0,60,20,0,0,list,0,0,-1,-1,"20, 20, 1, 20, 20, 20, 20",0,"0, 0, 0, 0",false,false,"0, 0, 0, 0, 0, 0, 0, 0, 0, 0, 0, 0",0,-1,,0,0,-25,"0, 0, 0, 150",36,0,36,-1,-1,false,-1,-1,0,0,0,0,"0, 0, 0, 0",0,0,0,0,0,list2,"0, 0, 0, 0, 0, 15, 15","0, 0, 0, 0, 0, 15, 15",0,0,list3,"0, 0, 0, 0, 0",loopBonusSkillList,0,"20, 19",此身法持续期间，每当运用者以「箫笛」类兵器击中敌人，恢复运用者的脚力,此身法持续期间，每当运用者以「箫笛」类兵器击中敌人，损耗敌人的脚力
129,飞针穿梭术,2,飞针穿梭术讲究乘虚蹈隙、手眼合一，运用者每出一针，则步伐越快，好似以飞针牵引之力穿梭于敌人的一举手、一投足之中。,2,身法,Invalid,1,3,2,273,true,false,7,属性1=60; 属性2=35; 属性5=35; 属性81=200; 属性58=200,242,968,2,7,2,false,"5, 6",1,200,0,0,-1,-1,0,"0, 0, 0, 0",0,"0, 0, 0, 0","0, 0, 0, 0","外:0, 内:0","外:0, 内:0","外:0, 内:0",0,0,0,0,0,0,0,0,"0, 0, 0, 0, 0, 0",4000,6,15,0,70,20,0,0,list,0,0,-1,-1,"20, 20, 1, 20, 20, 20, 20",0,"0, 0, 0, 0",false,false,"0, 0, 0, 0, 0, 0, 0, 0, 0, 0, 0, 0",0,-1,,0,6,-50,"0, 0, 0, 0",36,0,72,-1,-1,false,-1,-1,8,0,0,0,"0, 0, 0, 0",0,0,0,0,0,list2,"0, 0, 0, 0, 0, 20, 20","0, 0, 0, 0, 0, 20, 20",0,0,list3,"0, 0, 0, 0, 0",loopBonusSkillList,0,"20, 19, 29",此身法持续期间，每当运用者以「针匣」类兵器击中敌人，恢复运用者的脚力,此身法持续期间，每当运用者以「针匣」类兵器击中敌人，损耗敌人的脚力
130,御针行,3,御针行与百花谷弟子出针、用针之法相辅相成，能在出针之际，以意使形，随针而起，运针之时，以形合意，随针而行。,2,身法,Invalid,2,3,2,274,true,false,8,属性1=65; 属性2=40; 属性5=40; 属性81=250; 属性58=250,243,969,2,7,3,true,"5, 6",2,250,0,0,-1,-1,0,"0, 0, 0, 0",0,"0, 0, 0, 0","0, 0, 0, 0","外:0, 内:0","外:0, 内:0","外:0, 内:0",0,0,0,0,0,0,0,0,"0, 0, 0, 0, 0, 0",6000,6,30,0,70,20,0,0,list,0,0,-1,-1,"20, 20, 1, 20, 20, 20, 20",0,"0, 0, 0, 0",false,false,"0, 0, 0, 0, 0, 0, 0, 0, 0, 0, 0, 0",0,-1,,0,4,0,"0, 0, 0, 0",72,0,5600,20,4000,false,0,-1,0,0,0,0,"0, 0, 0, 0",0,0,0,0,0,list2,"0, 0, 0, 0, 0, 25, 25","0, 0, 0, 0, 0, 25, 25",0,0,list3,"0, 0, 0, 0, 0",loopBonusSkillList,0,"20, 19, 29",以此身法前进时，运用者需积蓄力量一次性移动2距离，随后运用者获得2次变招机会,以此身法后退时，运用者需积蓄力量一次性移动2距离，随后运用者获得2次变招机会
131,踏雪寻梅,4,踏雪寻梅轻捷自然，盈盈如飞，能令人落地无声，足不沾尘，纵使行走于茫茫白雪之上，亦不留一丝痕迹。,2,身法,Invalid,2,3,2,275,true,false,9,属性1=70; 属性2=45; 属性5=45; 属性81=300; 属性58=300,244,970,3,7,4,true,"5, 6",2,300,0,0,-1,-1,0,"0, 0, 0, 0",0,"0, 0, 0, 0","0, 0, 0, 0","外:0, 内:0","外:0, 内:0","外:0, 内:0",0,0,0,0,0,0,0,0,"0, 0, 0, 0, 0, 0",8000,6,20,0,60,20,0,0,list,0,0,-1,-1,"20, 20, 1, 20, 20, 20, 20",0,"0, 0, 0, 0",false,false,"0, 0, 0, 0, 0, 0, 0, 0, 0, 0, 0, 0",0,-1,,80,0,-50,"0, 0, 0, 0",36,0,72,-1,-1,false,-1,-1,0,0,0,0,"0, 0, 0, 0",0,0,0,0,0,list2,"0, 0, 0, 0, 0, 35, 35","0, 0, 0, 0, 0, 35, 35",0,0,list3,"0, 0, 0, 0, 0",loopBonusSkillList,0,"20, 19, 29",此身法持续期间，增加运用者对敌人造成的封穴的级别,此身法持续期间，降低敌人对运用者造成的封穴的级别
132,金盏悬丝,5,金盏悬丝灵活巧妙，意活神具，宛如以游丝牵系金盏浮灯一般细致纤微，变幻出奇，步法微微牵引之下，危难无不瓦解，苦痛无不消弭。,2,身法,Invalid,2,3,2,276,true,true,10,属性1=75; 属性2=50; 属性5=50; 属性81=350; 属性58=350,245,971,3,7,5,true,"5, 6",2,350,0,0,-1,-1,0,"0, 0, 0, 0",0,"0, 0, 0, 0","0, 0, 0, 0","外:0, 内:0","外:0, 内:0","外:0, 内:0",0,0,0,0,0,0,0,0,"0, 0, 0, 0, 0, 0",6000,6,15,0,70,20,0,0,list,0,0,-1,-1,"20, 20, 1, 20, 20, 20, 20",0,"0, 0, 0, 0",false,false,"0, 0, 0, 0, 0, 0, 0, 0, 0, 0, 0, 0",0,-1,,0,0,-25,"0, 500, 0, 0",36,0,36,-1,-1,false,-1,-1,0,0,0,0,"0, 0, 0, 0",0,0,0,0,0,list2,"0, 0, 0, 0, 0, 45, 45","0, 0, 0, 0, 0, 45, 45",0,0,list3,"0, 0, 0, 0, 0",loopBonusSkillList,0,"20, 19",此身法持续期间，运用者在对敌人进行攻击时，会对敌人先进行一次随着作用次数逐渐减弱的精妙命中，如果敌人未能将此精妙化解，随机大幅恶化敌人的1个伤势,此身法持续期间，运用者在受到敌人的攻击时，会对敌人先进行一次随着作用次数逐渐减弱的精妙命中，如果敌人未能将此精妙化解，随机大幅恶化敌人的1个伤势
133,芝兰玉步,6,所谓：“导气令和，引体令柔”。芝兰玉步虽为身法，实为引体导气之奇术，可化浊取清、扶危救死，纯以精纯内气而驱动。,2,身法,Invalid,3,3,5,277,true,true,11,属性1=80; 属性2=55; 属性5=55; 属性81=400; 属性58=400,246,972,4,7,6,true,"5, 6",3,400,0,0,-1,-1,0,"0, 0, 0, 0",0,"0, 0, 0, 0","0, 0, 0, 0","外:0, 内:0","外:0, 内:0","外:0, 内:0",0,0,0,0,0,0,0,0,"0, 0, 0, 0, 0, 0",6000,6,35,0,70,20,0,0,list,0,0,-1,-1,"20, 20, 1, 20, 20, 20, 20",0,"0, 0, 0, 0",false,false,"0, 0, 0, 0, 0, 0, 0, 0, 0, 0, 0, 0",0,-1,,50,0,0,"0, 0, 0, 0",72,0,6400,30,6000,false,36,6,0,0,0,0,"0, 0, 0, 0",0,0,0,0,0,list2,"0, 0, 0, 0, 0, 55, 55","0, 0, 0, 0, 0, 55, 55",0,0,list3,"0, 0, 0, 0, 0",loopBonusSkillList,0,"20, 19, 29",以此身法前进时，运用者需积蓄力量一次性移动3距离，随后运用者身上的某个随机部位的伤势标记会减少2个,以此身法后退时，运用者需积蓄力量一次性移动3距离，随后运用者身上的某个随机部位的伤势标记会减少2个
134,万花听雨式,7,万花听雨式繁复精巧，绝无重复，运用者步和声律，移转不停，如同细雨霖铃，摇花飞絮，可谓：“无边细雨轻似梦，自在飞花逐水流”。,2,身法,Invalid,3,3,2,278,true,true,12,属性1=85; 属性2=60; 属性5=60; 属性81=450; 属性58=450,247,973,4,7,7,true,"0, 1, 2, 3, 4, 5, 6",3,450,0,0,-1,-1,0,"0, 0, 0, 0",0,"0, 0, 0, 0","0, 0, 0, 0","外:0, 内:0","外:0, 内:0","外:0, 内:0",0,0,0,0,0,0,0,0,"0, 0, 0, 0, 0, 0",4000,6,20,0,70,20,0,0,list,0,0,-1,-1,"20, 20, 1, 20, 20, 20, 20",0,"0, 0, 0, 0",false,false,"0, 0, 0, 0, 0, 0, 0, 0, 0, 0, 0, 0",0,-1,,0,0,-25,"0, 0, 0, 375",36,0,36,-1,-1,false,-1,-1,0,0,0,0,"0, 0, 0, 0",0,0,0,0,0,list2,"0, 0, 0, 0, 0, 70, 70","0, 0, 0, 0, 0, 70, 70",0,0,list3,"0, 0, 0, 0, 0",loopBonusSkillList,0,"20, 19",此身法持续期间：运用者的动心不会被任何效果降低；运用者受到的所有提高动心的功法、状态效果大幅提高；敌人心韵激荡的持续时间大幅提高,此身法持续期间：敌人的动心不会被任何效果提高；敌人受到的所有降低动心的功法、状态效果大幅提高；运用者心韵激荡的持续时间大幅降低
135,五步梅花桩,0,五步梅花桩乃近身搏击之步法，修习者需于攒聚如梅花的径寸木桩上两两互博，及至进中有退、行东就西，则功法大成。,2,身法,Invalid,1,4,5,279,true,false,9,属性1=30; 属性2=40; 属性3=30; 属性81=100; 属性62=100,248,974,1,7,0,false,"5, 6",1,100,0,0,-1,-1,0,"0, 0, 0, 0",0,"0, 0, 0, 0","0, 0, 0, 0","外:0, 内:0","外:0, 内:0","外:0, 内:0",0,0,0,0,0,0,0,0,"0, 0, 0, 0, 0, 0",6000,6,10,0,60,20,0,0,list,0,0,-1,-1,"20, 20, 1, 20, 20, 20, 20",0,"0, 0, 0, 0",false,false,"0, 0, 0, 0, 0, 0, 0, 0, 0, 0, 0, 0",0,-1,,0,0,-25,"150, 150, 150, 0",36,0,36,-1,-1,false,-1,-1,3,0,0,0,"0, 0, 0, 0",0,0,0,0,0,list2,"0, 0, 0, 0, 0, 10, 10","0, 0, 0, 0, 0, 10, 10",0,0,list3,"0, 0, 0, 0, 0",loopBonusSkillList,0,"20, 19",此身法持续期间，如果运用者攻击敌人时的命中低于敌人的化解，大幅提高运用者击中敌人的几率,此身法持续期间，如果敌人攻击运用者时的命中低于运用者的化解，大幅降低敌人击中运用者的几率
136,八卦步,1,八卦步讲究步履圆转，开合自如，随机应变，奇正相生，乃是一套以方位之运转抢占先机的身法。,2,身法,Invalid,1,4,5,280,true,false,10,属性1=35; 属性2=45; 属性3=35; 属性81=150; 属性62=150,249,975,1,7,1,false,"5, 6",1,150,0,0,-1,-1,0,"0, 0, 0, 0",0,"0, 0, 0, 0","0, 0, 0, 0","外:0, 内:0","外:0, 内:0","外:0, 内:0",0,0,0,0,0,0,0,0,"0, 0, 0, 0, 0, 0",6000,6,15,0,60,20,0,0,list,0,0,-1,-1,"20, 20, 1, 20, 20, 20, 20",0,"0, 0, 0, 0",false,false,"0, 0, 0, 0, 0, 0, 0, 0, 0, 0, 0, 0",0,-1,,50,0,-50,"0, 0, 0, 0",36,0,72,-1,-1,false,-1,-1,0,0,0,0,"0, 0, 0, 0",0,0,0,0,0,list2,"0, 0, 0, 0, 0, 15, 15","0, 0, 0, 0, 0, 15, 15",0,0,list3,"0, 0, 0, 0, 0",loopBonusSkillList,0,"20, 19, 29",此身法持续期间，如果运用者运起「护体」功法，降低敌人的架势恢复,此身法持续期间，如果运用者运起「护体」功法，降低敌人的提气恢复
137,云环步,2,云环步形随意动，意在形先，环环相扣，步步相连，身姿飘摇如云雾无形，步履轻灵若飞鹤无影。,2,身法,Invalid,1,4,5,281,true,false,11,属性1=75; 属性2=55; 属性81=200; 属性62=200,250,976,2,7,2,true,"5, 6",1,200,0,0,-1,-1,0,"0, 0, 0, 0",0,"0, 0, 0, 0","0, 0, 0, 0","外:0, 内:0","外:0, 内:0","外:0, 内:0",0,0,0,0,0,0,0,0,"0, 0, 0, 0, 0, 0",4000,6,15,0,70,20,0,0,list,0,0,-1,-1,"20, 20, 1, 20, 20, 20, 20",0,"0, 0, 0, 0",false,false,"0, 0, 0, 0, 0, 0, 0, 0, 0, 0, 0, 0",0,-1,,0,6,-50,"0, 0, 0, 0",36,0,72,-1,-1,false,-1,-1,5,0,0,0,"0, 0, 0, 0",0,0,0,0,0,list2,"0, 0, 0, 0, 0, 20, 20","0, 0, 0, 0, 0, 20, 20",0,0,list3,"0, 0, 0, 0, 0",loopBonusSkillList,0,"20, 19, 29",此身法持续期间，每当运用者以「拂尘」类兵器击中敌人，恢复运用者的脚力,此身法持续期间，每当运用者以「拂尘」类兵器击中敌人，损耗敌人的脚力
138,天罡北斗步,3,天罡北斗步乃道人为效仿大禹所创，其法双足相承，一跬一步，履罡踏斗，正气凛然，有辟煞除邪、通玄役神之用。,2,身法,Invalid,2,4,3,282,true,false,12,属性1=40; 属性2=65; 属性3=40; 属性81=250; 属性62=250,251,977,2,7,3,false,"5, 6",2,250,0,0,-1,-1,0,"0, 0, 0, 0",0,"0, 0, 0, 0","0, 0, 0, 0","外:0, 内:0","外:0, 内:0","外:0, 内:0",0,0,0,0,0,0,0,0,"0, 0, 0, 0, 0, 0",8000,6,20,0,60,20,0,0,list,0,0,-1,-1,"20, 20, 1, 20, 20, 20, 20",0,"0, 0, 0, 0",false,false,"0, 0, 0, 0, 0, 0, 0, 0, 0, 0, 0, 0",0,-1,,70,0,-50,"0, 0, 0, 0",36,0,72,-1,-1,false,-1,-1,0,0,0,0,"0, 0, 0, 0",0,0,0,0,0,list2,"0, 0, 0, 0, 0, 25, 25","0, 0, 0, 0, 0, 25, 25",0,0,list3,"0, 0, 0, 0, 0",loopBonusSkillList,0,"20, 19, 29",以此身法每累积移动1距离时，根据运用者的「摧破」真气的数量，运用者获得「轻灵」真气，此身法效果结束或失效时，运用者失去所有在此过程中获得的「轻灵」真气,以此身法每累积移动1距离时，根据运用者的「护体」真气的数量，运用者获得「轻灵」真气，此身法效果结束或失效时，运用者失去所有在此过程中获得的「轻灵」真气
139,太乙九宫步,4,诀曰：“二四为肩，六八为足，左三右七，戴九履一，五居中央”。太乙九宫步讲究随势脱化、顺逆不停，运用者穿行避闪于九宫之中，可以虚击实，转凶为吉。,2,身法,Invalid,2,4,3,283,true,false,13,属性1=80; 属性2=80; 属性81=300; 属性62=300,252,978,3,7,4,false,"5, 6",2,300,0,0,-1,-1,0,"0, 0, 0, 0",0,"0, 0, 0, 0","0, 0, 0, 0","外:0, 内:0","外:0, 内:0","外:0, 内:0",0,0,0,0,0,0,0,0,"0, 0, 0, 0, 0, 0",8000,6,20,0,70,20,0,0,list,0,0,-1,-1,"20, 20, 1, 20, 20, 20, 20",0,"0, 0, 0, 0",false,false,"0, 0, 0, 0, 0, 0, 0, 0, 0, 0, 0, 0",0,-1,,0,10,-50,"0, 0, 0, 0",36,0,72,-1,-1,false,-1,-1,0,0,0,0,"0, 0, 0, 0",0,0,0,0,0,list2,"0, 0, 0, 0, 0, 35, 35","0, 0, 0, 0, 0, 35, 35",0,0,list3,"0, 0, 0, 0, 0",loopBonusSkillList,0,"20, 19, 29",此身法持续期间：运用者的内功发挥大幅增加；运用者施展的「摧破」功法的内伤与外伤比例越平均，此功法的威力就提高越多,此身法持续期间：敌人的内功发挥大幅减少；敌人施展的「摧破」功法的内伤与外伤比例越不平均，此功法的威力就降低越多
140,上天梯,5,上天梯乃武当最负盛名的身法之一，运用者可脚踏危崖，直上不坠，如鸟升空，直上云霄，脱天地之所缚，攀阴阳之无形。,2,身法,Invalid,2,4,5,284,true,false,14,属性1=45; 属性2=85; 属性3=45; 属性81=350; 属性62=350,253,979,3,0,5,true,"1, 5, 6",2,350,0,0,-1,-1,0,"0, 0, 0, 0",0,"0, 0, 0, 0","0, 0, 0, 0","外:0, 内:0","外:0, 内:0","外:0, 内:0",0,0,0,0,0,0,0,0,"0, 0, 0, 0, 0, 0",6000,6,20,0,70,20,0,0,list,0,0,-1,-1,"20, 20, 1, 20, 20, 20, 20",0,"0, 0, 0, 0",false,false,"0, 0, 0, 0, 0, 0, 0, 0, 0, 0, 0, 0",0,-1,,90,0,-50,"0, 0, 0, 0",36,0,72,-1,-1,false,-1,-1,0,0,0,0,"0, 0, 0, 0",0,0,0,0,0,list2,"0, 0, 0, 0, 0, 45, 45","0, 0, 0, 0, 0, 45, 45",0,0,list3,"0, 0, 0, 0, 0",loopBonusSkillList,0,"20, 19, 29",此身法持续期间，运用者每次累积前进0.5距离均会累积小幅提高运用者所有「摧破」功法的威力，最多累积4次，但如果运用者后退，将会失去所有累积的威力,此身法持续期间，运用者每次累积后退0.5距离均会累积小幅提高运用者所有「摧破」功法的威力，最多累积4次，但如果运用者前进，将会失去所有累积的威力
141,凌云飞渡,6,凌云飞渡乃武当开派祖师所创，讲究气通诸脉，感应自然，意与气合，神与意合，可令人蹑景追风，飞行太虚，遨游于仙山之中。,2,身法,Invalid,3,4,3,285,true,true,15,属性1=50; 属性2=90; 属性3=50; 属性81=400; 属性62=400,254,980,4,0,6,true,"0, 1, 2, 3, 4, 5, 6",3,400,0,0,-1,-1,0,"0, 0, 0, 0",0,"0, 0, 0, 0","0, 0, 0, 0","外:0, 内:0","外:0, 内:0","外:0, 内:0",0,0,0,0,0,0,0,0,"0, 0, 0, 0, 0, 0",6000,6,35,0,70,20,0,0,list,0,0,-1,-1,"20, 20, 1, 20, 20, 20, 20",0,"0, 0, 0, 0",false,false,"0, 0, 0, 0, 0, 0, 0, 0, 0, 0, 0, 0",0,-1,,0,7,0,"0, 0, 0, 0",72,0,7400,30,4000,false,30,6,13,0,0,0,"0, 0, 0, 0",0,0,0,0,0,list2,"0, 0, 0, 0, 0, 55, 55","0, 0, 0, 0, 0, 55, 55",0,0,list3,"0, 0, 0, 0, 0",loopBonusSkillList,0,"20, 19, 29",以此身法前进时，运用者需积蓄力量一次性移动3距离，随后运用者获得5点随机类型的真气，如果获得真气后，该类真气低于初始值，额外再获得15点该类型的真气,以此身法后退时，运用者需积蓄力量一次性移动3距离，随后运用者获得5点随机类型的真气，如果获得真气后，该类真气低于初始值，额外再获得15点该类型的真气
142,石桩功,0,石桩功乃元山弟子负重奔行、跳跃于石桩之上而练就的身法，既为锻炼腿脚，亦有苦修之意，修习者日积月累，可将石桩踏平。,2,身法,Invalid,1,5,4,286,true,false,5,属性2=55; 属性3=45; 属性81=100; 属性62=80; 属性63=80,255,981,1,2,0,false,"5, 6",1,100,0,0,-1,-1,0,"0, 0, 0, 0",0,"0, 0, 0, 0","0, 0, 0, 0","外:0, 内:0","外:0, 内:0","外:0, 内:0",0,0,0,0,0,0,0,0,"0, 0, 0, 0, 0, 0",6000,6,10,0,0,15,0,0,list,0,0,-1,-1,"20, 20, 1, 20, 20, 20, 20",0,"0, 0, 0, 0",false,false,"0, 0, 0, 0, 0, 0, 0, 0, 0, 0, 0, 0",0,-1,,0,0,-25,"200, 200, 0, 0",36,0,36,-1,-1,false,-1,-1,0,0,0,0,"0, 0, 0, 0",0,0,0,0,0,list2,"0, 0, 0, 0, 0, 20, 20","0, 0, 0, 0, 0, 0, 0",0,0,list3,"0, 0, 0, 0, 0",loopBonusSkillList,0,"20, 19, 17",运用者以此身法施展的腿法的力道大幅提高,运用者以此身法施展的腿法除力道外的其它命中占比大幅降低并转移到力道
143,猛虎下山式,1,“猛虎立我前，苍崖吼时裂”。猛虎下山式姿态低伏，形如伏虎，尤其擅长积蓄腿力，时机一至，便如猛虎自山中一跃而出。,2,身法,Invalid,1,5,4,287,true,false,6,属性2=60; 属性3=55; 属性81=150; 属性62=120; 属性63=120,256,982,1,2,1,false,"5, 6",1,150,0,0,-1,-1,0,"0, 0, 0, 0",0,"0, 0, 0, 0","0, 0, 0, 0","外:0, 内:0","外:0, 内:0","外:0, 内:0",0,0,0,0,0,0,0,0,"0, 0, 0, 0, 0, 0",4000,6,15,0,0,15,0,0,list,0,0,-1,-1,"20, 20, 1, 20, 20, 20, 20",0,"0, 0, 0, 0",false,false,"0, 0, 0, 0, 0, 0, 0, 0, 0, 0, 0, 0",0,-1,,50,0,-50,"0, 0, 0, 0",36,0,72,-1,-1,false,-1,-1,2,0,0,0,"0, 0, 0, 0",0,0,0,0,0,list2,"0, 0, 0, 20, 20, 20, 20","0, 0, 0, 20, 20, 20, 20",0,0,list3,"0, 0, 0, 0, 0",loopBonusSkillList,0,"20, 19, 29",运用者以此身法施展的腿法的破体大幅提高,运用者以此身法施展的腿法的破气大幅提高
144,千里独行,2,千里独行乃大小元山之独门步法，极重苦修之功，修习者需每日负重铅，疾驰奔走，不至筋疲力尽则不止，乃至重垣可越、险坂可登，独行千里而不觉辛苦。,2,身法,Invalid,1,5,4,288,true,false,7,属性2=65; 属性3=65; 属性81=200; 属性62=160; 属性63=160,257,983,2,2,2,false,"5, 6",1,200,0,0,-1,-1,0,"0, 0, 0, 0",0,"0, 0, 0, 0","0, 0, 0, 0","外:0, 内:0","外:0, 内:0","外:0, 内:0",0,0,0,0,0,0,0,0,"0, 0, 0, 0, 0, 0",8000,6,15,0,30,15,0,0,list,0,0,-1,-1,"20, 20, 1, 20, 20, 20, 20",0,"0, 0, 0, 0",false,false,"0, 0, 0, 0, 0, 0, 0, 0, 0, 0, 0, 0",0,-1,,60,0,-50,"0, 0, 0, 0",36,0,72,-1,-1,false,-1,-1,0,0,0,0,"0, 0, 0, 0",0,0,0,0,0,list2,"0, 0, 0, 0, 0, 40, 40","0, 0, 0, 0, 0, 0, 0",0,0,list3,"0, 0, 0, 0, 0",loopBonusSkillList,0,"20, 19, 17, 29",以此身法每累积前进1距离时，恢复运用者的脚力,以此身法每累积后退1距离时，恢复运用者的脚力
145,玄甲定,3,玄甲定架势严谨，攻守合一，运用者身如玄钟、腿若横桥，无论推拉、扭转、拦困尽皆不惧，哪怕风卷雷轰，也绝无动摇。,2,身法,Invalid,2,5,4,289,true,false,8,属性2=70; 属性3=75; 属性81=250; 属性62=200; 属性63=200,258,984,2,1,3,true,1,2,250,0,0,-1,-1,0,"0, 0, 0, 0",0,"0, 0, 0, 0","0, 0, 0, 0","外:0, 内:0","外:0, 内:0","外:0, 内:0",0,0,0,0,0,0,0,0,"0, 0, 0, 0, 0, 0",6000,6,15,0,30,15,0,0,list,0,0,-1,-1,"20, 20, 1, 20, 20, 20, 20",0,"0, 0, 0, 0",false,false,"0, 0, 0, 0, 0, 0, 0, 0, 0, 0, 0, 0",0,-1,,0,0,-25,"400, 400, 0, 0",36,0,36,-1,-1,false,-1,-1,2,0,0,0,"0, 0, 0, 0",0,0,0,0,0,list2,"0, 0, 0, 0, 0, 50, 50","0, 0, 0, 0, 0, 0, 0",0,0,list3,"0, 0, 0, 0, 0",loopBonusSkillList,0,"20, 19, 17",此身法持续期间：敌人无法消除运用者的身法、脚力；运用者施展腿法需要消耗的脚力减半；运用者施展的腿法无法被打断,此身法持续期间：敌人无法消除运用者的身法、脚力；运用者施展腿法需要消耗的提气、架势减半；运用者施展的腿法无法被打断
146,震山步,0,震山步练法粗简，需先后于沙石、木桩、铁板之上踩蹬、踢踏数年便可练就，功成者发力走转，则地为之震。,2,身法,Invalid,1,6,0,290,true,false,5,属性0=100; 属性3=30; 属性81=100,259,985,1,2,0,false,"5, 6",1,100,0,0,-1,-1,0,"0, 0, 0, 0",0,"0, 0, 0, 0","0, 0, 0, 0","外:0, 内:0","外:0, 内:0","外:0, 内:0",0,0,0,0,0,0,0,0,"0, 0, 0, 0, 0, 0",6000,6,15,0,0,15,0,0,list,0,0,-1,-1,"20, 20, 1, 20, 20, 20, 20",0,"0, 0, 0, 0",false,false,"0, 0, 0, 0, 0, 0, 0, 0, 0, 0, 0, 0",0,-1,,40,0,-50,"0, 0, 0, 0",36,0,72,-1,-1,false,-1,-1,0,0,0,0,"0, 0, 0, 0",0,0,0,0,0,list2,"0, 0, 0, 0, 0, 30, 30","0, 0, 0, 0, 0, 0, 0",0,0,list3,"0, 0, 0, 0, 0",loopBonusSkillList,0,"0, 1, 2, 3, 20, 19, 17, 29",此身法持续期间，提高运用者对敌人造成的脚力损耗,此身法持续期间，每当运用者以直接伤害对敌人造成伤势或重创标记，损耗敌人的脚力
147,铁桥功,1,铁桥功讲究骨韧身坚，腰马合一，修习者以之避敌时，无论前后左右，皆可弯身成桥，故而得名。,2,身法,Invalid,1,6,0,291,true,false,6,属性0=115; 属性2=30; 属性81=150,260,986,1,2,1,false,1,1,150,0,0,-1,-1,0,"0, 0, 0, 0",0,"0, 0, 0, 0","0, 0, 0, 0","外:0, 内:0","外:0, 内:0","外:0, 内:0",0,0,0,0,0,0,0,0,"0, 0, 0, 0, 0, 0",4000,6,10,0,0,15,0,0,list,0,0,-1,-1,"20, 20, 1, 20, 20, 20, 20",0,"0, 0, 0, 0",false,false,"0, 0, 0, 0, 0, 0, 0, 0, 0, 0, 0, 0",0,-1,,0,0,-25,"200, 0, 200, 0",36,0,36,-1,-1,false,-1,-1,0,0,0,0,"0, 0, 0, 0",0,0,0,0,0,list2,"0, 0, 0, 0, 0, 40, 40","0, 0, 0, 0, 0, 0, 0",0,0,list3,"0, 0, 0, 0, 0",loopBonusSkillList,0,"0, 1, 2, 3, 20, 19, 17",此身法持续期间，运用者与敌人的距离不小于5时，敌我距离越远，敌人击中运用者的几率就越低,此身法持续期间，运用者与敌人的距离不大于7时，敌我距离越近，敌人击中运用者的几率就越低
148,横江锁,2,横江锁动中取势，力整功全，运用者四肢平伸，左右一体，好似铁锁横于江上，大小船舶，皆难穿越。,2,身法,Invalid,1,6,0,292,true,false,7,属性0=110; 属性3=50; 属性81=200,261,987,2,2,2,false,"0, 1, 5, 6",1,200,0,0,-1,-1,0,"0, 0, 0, 0",0,"0, 0, 0, 0","0, 0, 0, 0","外:0, 内:0","外:0, 内:0","外:0, 内:0",0,0,0,0,0,0,0,0,"0, 0, 0, 0, 0, 0",8000,6,15,0,0,15,0,0,list,0,0,-1,-1,"20, 20, 1, 20, 20, 20, 20",0,"0, 0, 0, 0",false,false,"0, 0, 0, 0, 0, 0, 0, 0, 0, 0, 0, 0",0,-1,,60,0,-50,"0, 0, 0, 0",36,0,72,-1,-1,false,-1,-1,0,0,0,0,"0, 0, 0, 0",0,0,0,0,0,list2,"0, 0, 0, 0, 0, 50, 50","0, 0, 0, 0, 0, 0, 0",0,0,list3,"0, 0, 0, 0, 0",loopBonusSkillList,0,"0, 1, 2, 3, 20, 19, 17, 29",此身法持续期间，敌人每累积前进1距离时，运用者立即无需准备地对敌人进行1次兵器攻击,此身法持续期间，敌人每累积后退1距离时，运用者立即无需准备地对敌人进行1次兵器攻击
149,狮子奋迅,3,所谓：“狮子奋迅，具足万行”。狮子奋迅乃是调动全身劲力，使人骤然而起，发足奋行，迅如狮虎，势不可挡的身法。,2,身法,Invalid,2,6,0,293,true,false,8,属性0=145; 属性1=30; 属性81=250,262,988,2,2,3,false,"0, 1, 5, 6",2,250,0,0,-1,-1,0,"0, 0, 0, 0",0,"0, 0, 0, 0","0, 0, 0, 0","外:0, 内:0","外:0, 内:0","外:0, 内:0",0,0,0,0,0,0,0,0,"0, 0, 0, 0, 0, 0",6000,6,20,0,0,15,0,0,list,0,0,-1,-1,"20, 20, 1, 20, 20, 20, 20",0,"0, 0, 0, 0",false,false,"0, 0, 0, 0, 0, 0, 0, 0, 0, 0, 0, 0",0,-1,,70,0,-50,"0, 0, 0, 0",36,0,72,-1,-1,false,-1,-1,0,0,0,0,"0, 0, 0, 0",0,0,0,0,0,list2,"0, 0, 0, 0, 0, 70, 70","0, 0, 0, 0, 0, 0, 0",0,0,list3,"0, 0, 0, 0, 0",loopBonusSkillList,0,"0, 1, 2, 3, 20, 19, 17, 29",此身法持续期间，每当运用者以「拳套」类兵器击中敌人，恢复运用者的脚力,此身法持续期间，每当运用者以「拳套」类兵器击中敌人，损耗敌人的脚力
150,五鬼步,0,五鬼步诀曰：“急如水火，鼓舞风雷，我见其人，人无我知”，乃是借用五鬼搬运之力，使人藏身隐迹、换位移形的身法。,2,身法,Invalid,1,7,1,294,true,false,9,属性1=30; 属性5=70; 属性81=100; 属性54=80; 属性65=80,263,989,1,7,0,true,"5, 6",1,100,0,0,-1,-1,0,"0, 0, 0, 0",0,"0, 0, 0, 0","0, 0, 0, 0","外:0, 内:0","外:0, 内:0","外:0, 内:0",0,0,0,0,0,0,0,0,"0, 0, 0, 0, 0, 0",6000,6,10,0,60,15,0,0,list,0,0,-1,-1,"20, 20, 1, 20, 20, 20, 20",0,"0, 0, 0, 0",false,false,"0, 0, 0, 0, 0, 0, 0, 0, 0, 0, 0, 0",0,-1,,0,0,-25,"0, 300, 0, 0",36,0,36,-1,-1,false,-1,-1,0,0,0,0,"0, 0, 0, 0",0,0,0,0,0,list2,"0, 0, 0, 0, 0, 0, 0","0, 0, 0, 0, 0, 20, 20",0,0,list3,"0, 0, 0, 0, 0",loopBonusSkillList,0,"20, 19, 16",此身法持续期间，只要敌人没有能够改变化解方式的效果，运用者的所有兵器攻击均会以精妙为命中,此身法持续期间，只要敌人没有能够改变命中方式的效果，敌人的所有兵器攻击均可被运用者以拆招化解
151,御风符,1,御风符乃然山派独门法术，施行者可借助符力，御风疾行，可谓：“扫荡邪精，回风合灵，驱雷奔云，形诣玉清”。,2,身法,Invalid,1,7,1,295,true,false,10,属性1=35; 属性5=80; 属性81=150; 属性54=120; 属性65=120,264,990,1,7,1,true,"5, 6",1,150,0,0,-1,-1,0,"0, 0, 0, 0",0,"0, 0, 0, 0","0, 0, 0, 0","外:0, 内:0","外:0, 内:0","外:0, 内:0",0,0,0,0,0,0,0,0,"0, 0, 0, 0, 0, 0",4000,6,15,0,100,15,0,0,list,0,0,-1,-1,"20, 20, 1, 20, 20, 20, 20",0,"0, 0, 0, 0",false,false,"0, 0, 0, 0, 0, 0, 0, 0, 0, 0, 0, 0",0,-1,,50,0,-50,"0, 0, 0, 0",36,0,72,-1,-1,false,-1,-1,3,0,0,0,"0, 0, 0, 0",0,0,0,0,0,list2,"0, 0, 0, 0, 0, 0, 0","0, 0, 0, 0, 0, 30, 30",0,0,list3,"0, 0, 0, 0, 0",loopBonusSkillList,0,"20, 19, 16, 29",以此身法每累积移动1距离时，为运用者施加一个提高施展速度的增益状态,以此身法每累积移动1距离时，向敌人施加一个降低施展速度的损害状态
152,大弥罗步,2,大弥罗步乃是道人通真达灵、启奏上天时所用的步法。道人手结法印，脚踏七星，画地指天，乘纲履纪，有激浊扬清、摄邪辅正之用。,2,身法,Invalid,1,7,5,296,true,false,11,属性2=35; 属性5=95; 属性81=200; 属性54=160; 属性65=160,265,991,2,7,2,false,"5, 6",1,200,0,0,-1,-1,0,"0, 0, 0, 0",0,"0, 0, 0, 0","0, 0, 0, 0","外:0, 内:0","外:0, 内:0","外:0, 内:0",0,0,0,0,0,0,0,0,"0, 0, 0, 0, 0, 0",8000,6,15,0,50,15,0,0,list,0,0,-1,-1,"20, 20, 1, 20, 20, 20, 20",0,"0, 0, 0, 0",false,false,"0, 0, 0, 0, 0, 0, 0, 0, 0, 0, 0, 0",0,-1,,60,0,-50,"0, 0, 0, 0",36,0,72,-1,-1,false,-1,-1,5,0,0,0,"0, 0, 0, 0",0,0,0,0,0,list2,"0, 0, 0, 0, 0, 0, 0","0, 0, 0, 0, 0, 30, 30",0,15,list3,"0, 0, 0, 0, 0",loopBonusSkillList,0,"20, 16, 29",此身法持续期间，每当运用者以「令符」类兵器击中敌人，恢复运用者的脚力,此身法持续期间，每当运用者以「令符」类兵器击中敌人，损耗敌人的脚力
153,兴云起雾法,3,兴云起雾法讲究以心为将，以气为神，结化成形，与道合真，施行者意守灵台，手作剑指，虚画敕令，口念咒文，可使真灵下降，云起雾生。,2,身法,Invalid,2,7,1,297,true,false,12,属性4=35; 属性5=110; 属性81=250; 属性54=200; 属性65=200,266,992,2,3,3,true,2,2,250,0,0,-1,-1,0,"0, 0, 0, 0",0,"0, 0, 0, 0","0, 0, 0, 0","外:0, 内:0","外:0, 内:0","外:0, 内:0",0,0,0,0,0,0,0,0,"0, 0, 0, 0, 0, 0",6000,6,15,0,100,15,0,0,list,0,0,-1,-1,"20, 20, 1, 20, 20, 20, 20",0,"0, 0, 0, 0",false,false,"0, 0, 0, 0, 0, 0, 0, 0, 0, 0, 0, 0",0,-1,,0,0,-25,"0, 0, 0, 250",36,0,36,-1,-1,false,-1,-1,0,0,0,0,"0, 0, 0, 0",0,0,0,0,0,list2,"0, 0, 0, 0, 0, 0, 0","0, 0, 0, 0, 0, 40, 40",0,20,list3,"0, 0, 0, 0, 0",loopBonusSkillList,0,"20, 16",此身法持续期间，敌人的反击伤害大幅降低,此身法持续期间，敌人的反震伤害大幅降低
154,仙踪步,4,仙踪步讲究物禀一气，神化无方，能令人起身如风，聚散如云，步履轻疾，周遍四维，望之如有分形变化之能，故而难以察知。,2,身法,Invalid,2,7,1,298,true,true,13,属性1=40; 属性5=120; 属性81=300; 属性54=240; 属性65=240,267,993,3,7,4,true,"5, 6",2,300,0,0,-1,-1,0,"0, 0, 0, 0",0,"0, 0, 0, 0","0, 0, 0, 0","外:0, 内:0","外:0, 内:0","外:0, 内:0",0,0,0,0,0,0,0,0,"0, 0, 0, 0, 0, 0",4000,6,20,0,70,15,0,0,list,0,0,-1,-1,"20, 20, 1, 20, 20, 20, 20",0,"0, 0, 0, 0",false,false,"0, 0, 0, 0, 0, 0, 0, 0, 0, 0, 0, 0",0,-1,,0,10,-50,"0, 0, 0, 0",72,0,72,-1,-1,false,-1,-1,0,0,0,0,"0, 0, 0, 0",0,0,0,0,0,list2,"0, 0, 0, 0, 0, 0, 0","0, 0, 0, 0, 0, 70, 70",0,0,list3,"0, 0, 0, 0, 0",loopBonusSkillList,0,"20, 19, 16, 29",此身法持续期间，敌人攻击运用者时，敌我之间的距离立即减少2，减少的距离会在敌人的攻击结束后恢复,此身法持续期间，敌人攻击运用者时，敌我之间的距离立即增加2，增加的距离会在敌人的攻击结束后恢复
155,万里神行咒,5,万里神行咒讲究藏巧于拙、形神合一，有令人踏空如飞，处虚化实，蹀履而行，奔马不及之功，成“灵化无方，万里一息”之势。,2,身法,Invalid,2,7,1,299,true,true,14,属性2=40; 属性5=135; 属性81=350; 属性54=280; 属性65=280,268,994,3,7,5,true,"5, 6",2,350,0,0,-1,-1,0,"0, 0, 0, 0",0,"0, 0, 0, 0","0, 0, 0, 0","外:0, 内:0","外:0, 内:0","外:0, 内:0",0,0,0,0,0,0,0,0,"0, 0, 0, 0, 0, 0",8000,6,20,0,100,15,0,0,list,0,0,-1,-1,"20, 20, 1, 20, 20, 20, 20",0,"0, 0, 0, 0",false,false,"0, 0, 0, 0, 0, 0, 0, 0, 0, 0, 0, 0",0,-1,,90,0,-50,"0, 0, 0, 0",36,0,72,-1,-1,false,-1,-1,9,0,0,0,"0, 0, 0, 0",0,0,0,0,0,list2,"0, 0, 0, 0, 0, 0, 0","0, 0, 0, 0, 0, 90, 90",0,0,list3,"0, 0, 0, 0, 0",loopBonusSkillList,0,"20, 19, 16, 29",此身法持续期间：敌人无法消除运用者的身法、脚力；运用者与敌人的距离不小于5时，运用者移动时不消耗脚力,此身法持续期间：敌人无法消除运用者的身法、脚力；运用者与敌人的距离不大于7时，运用者移动时不消耗脚力
156,凌六虚,6,凌六虚乃然山派独门秘法，可令人身入六界，神行虚空，倏忽而出，倏忽而逝，譬如仙人“变动不居，周流六虚，上下无常，刚柔相易”。,2,身法,Invalid,3,7,5,300,true,true,15,属性4=45; 属性5=145; 属性81=400; 属性54=320; 属性65=320,269,995,4,3,6,true,2,3,400,0,0,-1,-1,0,"0, 0, 0, 0",0,"0, 0, 0, 0","0, 0, 0, 0","外:0, 内:0","外:0, 内:0","外:0, 内:0",0,0,0,0,0,0,0,0,"0, 0, 0, 0, 0, 0",6000,6,20,0,100,15,0,0,list,0,0,-1,-1,"20, 20, 1, 20, 20, 20, 20",0,"0, 0, 0, 0",false,false,"0, 0, 0, 0, 0, 0, 0, 0, 0, 0, 0, 0",0,-1,,0,0,-25,"0, 750, 0, 0",36,0,36,-1,-1,false,-1,-1,0,0,0,0,"0, 0, 0, 0",0,0,0,0,0,list2,"0, 0, 0, 0, 0, 0, 0","0, 0, 0, 0, 0, 90, 90",0,45,list3,"0, 0, 0, 0, 0",loopBonusSkillList,0,"20, 16",此身法持续期间：运用者的精妙不会被任何效果降低；运用者受到的所有提高精妙的功法、状态效果大幅提高；运用者以精妙为命中的兵器攻击，以及运用者施展的含有精妙的摧破功法有相当于精妙所占成数的几率必定命中敌人的要害,此身法持续期间：敌人的精妙不会被任何效果提高；敌人受到的所有降低精妙的功法、状态效果大幅提高；敌人以精妙为命中的兵器攻击，以及敌人施展的含有精妙的摧破功法有相当于精妙所占成数的几率必定不命中运用者的要害
157,梅点头,0,梅点头重技而不重力，运用者轻巧迅捷，一触即走，如同梅上雪落之时，花枝轻点，倏然而动。,2,身法,Invalid,1,8,2,301,true,false,9,属性1=65; 属性4=35; 属性81=100; 属性53=80; 属性62=80,270,996,1,7,0,false,"5, 6",1,100,0,0,-1,-1,0,"0, 0, 0, 0",0,"0, 0, 0, 0","0, 0, 0, 0","外:0, 内:0","外:0, 内:0","外:0, 内:0",0,0,0,0,0,0,0,0,"0, 0, 0, 0, 0, 0",4000,6,10,0,70,20,0,0,list,0,0,-1,-1,"20, 20, 1, 20, 20, 20, 20",0,"0, 0, 0, 0",false,false,"0, 0, 0, 0, 0, 0, 0, 0, 0, 0, 0, 0",0,-1,,0,0,-25,"0, 200, 200, 0",36,0,36,-1,-1,false,-1,-1,3,0,0,0,"0, 0, 0, 0",0,0,0,0,0,list2,"0, 0, 0, 0, 0, 0, 0","0, 0, 0, 0, 0, 20, 20",0,0,list3,"0, 0, 0, 0, 0",loopBonusSkillList,0,"20, 19, 16",此身法持续期间，每当运用者以「瑶琴」类兵器击中敌人，恢复运用者的脚力,此身法持续期间，每当运用者以「瑶琴」类兵器击中敌人，损耗敌人的脚力
158,上玉阁,1,上玉阁乃璇女派独门身法，能令人轻盈若风，身柔似水，以美玉之态、仙人之姿，碎步登于飞檐之上。,2,身法,Invalid,1,8,2,302,true,false,10,属性1=75; 属性4=40; 属性81=150; 属性53=120; 属性62=120,271,997,1,7,1,true,"5, 6",1,150,0,0,-1,-1,0,"0, 0, 0, 0",0,"0, 0, 0, 0","0, 0, 0, 0","外:0, 内:0","外:0, 内:0","外:0, 内:0",0,0,0,0,0,0,0,0,"0, 0, 0, 0, 0, 0",4000,6,15,0,60,20,0,0,list,0,0,-1,-1,"20, 20, 1, 20, 20, 20, 20",0,"0, 0, 0, 0",false,false,"0, 0, 0, 0, 0, 0, 0, 0, 0, 0, 0, 0",0,-1,,50,0,-50,"0, 0, 0, 0",36,0,72,-1,-1,false,-1,-1,0,0,0,0,"0, 0, 0, 0",0,0,0,0,0,list2,"0, 0, 0, 0, 0, 0, 0","0, 0, 0, 0, 0, 30, 30",0,0,list3,"0, 0, 0, 0, 0",loopBonusSkillList,0,"20, 19, 16, 29",此身法持续期间，运用者攻击敌人时，运用者除了动心外的命中，均会额外附加一部分运用者的动心,此身法持续期间，敌人攻击运用者时，运用者除了守心外的化解，均会额外附加一部分运用者的守心
159,别离步,2,别离步以意取胜，欲绝而连，运用者眉目含情，顾盼生姿，时疾时缓，若即若离，可谓一步一肠断，一转一魂销。,2,身法,Invalid,1,8,2,303,true,false,11,属性1=80; 属性5=50; 属性81=200; 属性53=160; 属性62=160,272,998,2,7,2,true,"5, 6",1,200,0,0,-1,-1,0,"0, 0, 0, 0",0,"0, 0, 0, 0","0, 0, 0, 0","外:0, 内:0","外:0, 内:0","外:0, 内:0",0,0,0,0,0,0,0,0,"0, 0, 0, 0, 0, 0",6000,6,10,0,70,20,0,0,list,0,0,-1,-1,"20, 20, 1, 20, 20, 20, 20",0,"0, 0, 0, 0",false,false,"0, 0, 0, 0, 0, 0, 0, 0, 0, 0, 0, 0",0,-1,,0,0,-25,"0, 0, 0, 150",36,0,36,-1,-1,false,-1,-1,10,0,0,0,"0, 0, 0, 0",0,0,0,0,0,list2,"0, 0, 0, 0, 0, 0, 0","0, 0, 0, 0, 0, 40, 40",0,0,list3,"0, 0, 0, 0, 0",loopBonusSkillList,0,"20, 19, 16",此身法持续期间，运用者每成功击中敌人3次，运用者就会给敌人添加1个「无」式,此身法持续期间，运用者每成功击中敌人6次，运用者就会根据此功法的威力对敌人施加少量失神伤害
160,望霞八步,3,望霞八步美轮美奂，极重韵律，走转之间，痴痴醉醉，步步生情，性情中人往往望之而醉，意乱情迷之中已随之而去，心为之碎。,2,身法,Invalid,2,8,2,304,true,false,12,属性1=90; 属性5=55; 属性81=250; 属性53=200; 属性62=200,273,999,2,7,3,true,"5, 6",2,250,0,0,-1,-1,0,"0, 0, 0, 0",0,"0, 0, 0, 0","0, 0, 0, 0","外:0, 内:0","外:0, 内:0","外:0, 内:0",0,0,0,0,0,0,0,0,"0, 0, 0, 0, 0, 0",6000,6,20,0,100,20,0,0,list,0,0,-1,-1,"20, 20, 1, 20, 20, 20, 20",0,"0, 0, 0, 0",false,false,"0, 0, 0, 0, 0, 0, 0, 0, 0, 0, 0, 0",0,-1,,70,0,-50,"0, 0, 0, 0",36,0,72,-1,-1,false,-1,-1,0,0,0,0,"0, 0, 0, 0",0,0,0,0,0,list2,"0, 0, 0, 0, 0, 0, 0","0, 0, 0, 0, 0, 50, 50",0,0,list3,"0, 0, 0, 0, 0",loopBonusSkillList,0,"20, 19, 16, 29",此身法持续期间，运用者的施展速度大幅提高,此身法持续期间，敌人的施展速度大幅降低
161,嫦娥奔月,4,嫦娥奔月步法柔和，妙而难言，运用者双手轻挥，纵身跃起之时，可飘然不坠，直上如烟，有如嫦娥服食灵药，奔月成仙。,2,身法,Invalid,2,8,2,305,true,true,13,属性1=120; 属性4=40; 属性81=300; 属性53=240; 属性62=240,274,1000,3,7,4,true,"1, 5, 6",2,300,0,0,-1,-1,0,"0, 0, 0, 0",0,"0, 0, 0, 0","0, 0, 0, 0","外:0, 内:0","外:0, 内:0","外:0, 内:0",0,0,0,0,0,0,0,0,"0, 0, 0, 0, 0, 0",8000,6,30,0,70,20,0,0,list,0,0,-1,-1,"20, 20, 1, 20, 20, 20, 20",0,"0, 0, 0, 0",false,false,"0, 0, 0, 0, 0, 0, 0, 0, 0, 0, 0, 0",0,-1,,40,0,0,"0, 0, 0, 0",72,0,5600,20,4000,false,0,30,0,0,0,0,"0, 0, 0, 0",0,0,0,0,0,list2,"0, 0, 0, 0, 0, 0, 0","0, 0, 0, 0, 0, 70, 70",0,0,list3,"0, 0, 0, 0, 0",loopBonusSkillList,0,"20, 19, 16, 29",以此身法前进时，运用者需积蓄力量一次性移动2距离，随后运用者获得3点「轻灵」真气,以此身法后退时，运用者需积蓄力量一次性移动2距离，随后运用者获得3点「轻灵」真气
162,姑射踏雪,5,“藐姑射之山，有神人居焉，肌肤若冰雪，淖约若处子”。姑射踏雪以灵气养神、真元化物，可使人出尘超凡，悠然似仙，进止有度，趋退若神。,2,身法,Invalid,2,8,2,306,true,true,14,属性1=130; 属性4=45; 属性81=350; 属性53=280; 属性62=280,275,1001,3,7,5,true,"5, 6",2,350,0,0,-1,-1,0,"0, 0, 0, 0",0,"0, 0, 0, 0","0, 0, 0, 0","外:0, 内:0","外:0, 内:0","外:0, 内:0",0,0,0,0,0,0,0,0,"0, 0, 0, 0, 0, 0",8000,6,15,0,70,20,0,0,list,0,0,-1,-1,"20, 20, 1, 20, 20, 20, 20",0,"0, 0, 0, 0",false,false,"0, 0, 0, 0, 0, 0, 0, 0, 0, 0, 0, 0",0,-1,,0,0,-25,"0, 0, 0, 250",36,0,36,-1,-1,false,-1,-1,0,0,0,0,"0, 0, 0, 0",0,0,0,0,0,list2,"0, 0, 0, 0, 0, 0, 0","0, 0, 0, 0, 0, 90, 90",0,0,list3,"0, 0, 0, 0, 0",loopBonusSkillList,0,"20, 19, 16",此身法持续期间，运用者在对敌人进行攻击时，会对敌人先进行一次随着作用次数逐渐减弱的动心命中，如果敌人未能将此动心化解，根据运用者的魅力将敌人最多3个可用的式变化为「无」式,此身法持续期间，运用者在受到敌人的攻击时，会对敌人先进行一次随着作用次数逐渐减弱的动心命中，如果敌人未能将此动心化解，根据运用者的魅力将敌人最多3个可用的式变化为「无」式
163,青女履冰,6,青女履冰乃是效仿青女仙姿所创，运用者周身运力，纹丝不动，如临深渊，如履薄冰，微微一动便如冷箭离弦，轻轻一移便如惊鸟四散。,2,身法,Invalid,3,8,2,307,true,true,15,属性1=140; 属性4=50; 属性81=400; 属性53=320; 属性62=320,276,1002,4,1,6,true,"1, 5, 6",3,400,0,0,-1,-1,0,"0, 0, 0, 0",0,"0, 0, 0, 0","0, 0, 0, 0","外:0, 内:0","外:0, 内:0","外:0, 内:0",0,0,0,0,0,0,0,0,"0, 0, 0, 0, 0, 0",4000,6,20,0,70,20,0,0,list,0,0,-1,-1,"20, 20, 1, 20, 20, 20, 20",0,"0, 0, 0, 0",false,false,"0, 0, 0, 0, 0, 0, 0, 0, 0, 0, 0, 0",0,-1,,0,0,-25,"0, 0, 750, 0",36,0,36,-1,-1,false,-1,-1,0,0,0,0,"0, 0, 0, 0",0,0,0,0,0,list2,"0, 0, 0, 0, 0, 0, 0","0, 0, 0, 0, 0, 110, 110",0,0,list3,"0, 0, 0, 0, 0",loopBonusSkillList,0,"20, 19, 16",此身法持续期间：运用者的迅疾不会被任何效果降低；运用者受到的所有提高迅疾的功法、状态效果大幅提高；运用者主动施展的含有迅疾的摧破功法有相当于迅疾所占成数一半的几率在施展完后再次无消耗施展,此身法持续期间：敌人的迅疾不会被任何效果提高；敌人受到的所有降低迅疾的功法、状态效果大幅提高；敌人主动施展的含有迅疾的摧破功法有相当于迅疾所占成数一半的几率在施展完后被长时间封禁
164,洛神凌波,7,洛神凌波讲究动无常则，若危若安，进退难期，若往若还，运用者如同乘波而来，踏浪而至，仿佛兮若轻云之蔽月，飘摇兮若流风之回雪。,2,身法,Invalid,3,8,2,308,true,true,16,属性1=150; 属性5=55; 属性81=450; 属性53=360; 属性62=360,277,1003,4,1,7,true,"1, 5, 6",3,450,0,0,-1,-1,0,"0, 0, 0, 0",0,"0, 0, 0, 0","0, 0, 0, 0","外:0, 内:0","外:0, 内:0","外:0, 内:0",0,0,0,0,0,0,0,0,"0, 0, 0, 0, 0, 0",8000,6,25,0,100,20,0,0,list,0,0,-1,-1,"20, 20, 1, 20, 20, 20, 20",0,"0, 0, 0, 0",false,false,"0, 0, 0, 0, 0, 0, 0, 0, 0, 0, 0, 0",0,-1,,0,16,-50,"0, 0, 0, 0",36,0,72,-1,-1,false,-1,-1,14,0,0,0,"0, 0, 0, 0",0,0,0,0,0,list2,"0, 0, 0, 0, 0, 0, 0","0, 0, 0, 0, 0, 140, 140",0,0,list3,"0, 0, 0, 0, 0",loopBonusSkillList,0,"20, 19, 16, 29",以此身法每累积前进2距离时：恢复运用者的提气、架势，且如果运用者此时位于敌人的攻击范围内，根据运用者的魅力与此身法的威力对敌人施加失神伤害,以此身法每累积后退2距离时：恢复运用者的提气、架势，且如果运用者此时位于敌人的攻击范围内，根据运用者的魅力与此身法的威力对敌人施加失神伤害
165,羽衣功,8,羽衣功可化气为形，动天地之巧，用幽玄之功，有仙人羽衣云驾、昱耀紫霄之姿，非天仙不能知其远近，非神佛不能辨其虚实。,2,身法,Invalid,3,8,2,309,true,true,17,属性1=160; 属性4=60; 属性81=500; 属性53=400; 属性62=400,278,1004,5,1,8,true,"0, 1, 2, 3, 4, 5, 6",3,500,0,0,-1,-1,0,"0, 0, 0, 0",0,"0, 0, 0, 0","0, 0, 0, 0","外:0, 内:0","外:0, 内:0","外:0, 内:0",0,0,0,0,0,0,0,0,"0, 0, 0, 0, 0, 0",6000,6,35,0,100,20,0,0,list,0,0,-1,-1,"20, 20, 1, 20, 20, 20, 20",0,"0, 0, 0, 0",false,false,"0, 0, 0, 0, 0, 0, 0, 0, 0, 0, 0, 0",0,-1,,0,9,0,"0, 0, 0, 0",72,0,7200,40,8000,true,30,6,12,0,0,0,"0, 0, 0, 0",0,0,0,0,0,list2,"0, 0, 0, 0, 0, 0, 0","0, 0, 0, 0, 0, 180, 180",0,0,list3,"0, 0, 0, 0, 0",loopBonusSkillList,0,"20, 19, 16, 29",以此身法前进时，运用者需积蓄力量，积蓄的力量越多，运用者前进的距离就越远，最多前进4距离，如果运用者积蓄力量移动时位于敌人的攻击范围内，运用者前进的距离越远，就向敌人添加越多随机部位的破绽、封穴,以此身法后退时，运用者需积蓄力量，积蓄的力量越多，运用者后退的距离就越远，最多后退4距离，如果运用者积蓄力量移动时位于敌人的攻击范围内，运用者后退的距离越远，就向敌人添加越多随机部位的破绽、封穴
166,木履功,0,木履功乃是为使人克服足踵脆弱之缺陷而创，修习者需削去脚上些许血肉，易之以木制机关，借机关灵变耐久之力，成不惧伤痛袭扰之功。,2,身法,Invalid,1,9,3,310,true,false,6,属性3=70; 属性5=30; 属性81=100; 属性56=60; 属性57=60; 属性60=60; 属性61=60,279,1005,1,4,0,false,"5, 6",1,100,0,0,-1,-1,0,"0, 0, 0, 0",0,"0, 0, 0, 0","0, 0, 0, 0","外:0, 内:0","外:0, 内:0","外:0, 内:0",0,0,0,0,0,0,0,0,"0, 0, 0, 0, 0, 0",4000,6,15,0,0,20,0,0,list,0,0,-1,-1,"20, 20, 1, 20, 20, 20, 20",0,"0, 0, 0, 0",false,false,"0, 0, 0, 0, 0, 0, 0, 0, 0, 0, 0, 0",0,-1,,40,0,-50,"0, 0, 0, 0",36,0,72,-1,-1,false,-1,-1,3,0,0,0,"0, 0, 0, 0",0,0,0,0,0,list2,"0, 0, 0, 0, 0, 20, 20","0, 0, 0, 0, 0, 0, 0",0,0,list3,"0, 0, 0, 0, 0",loopBonusSkillList,0,"20, 19, 17, 29",此身法持续期间，降低敌人对运用者造成的脚力损耗,此身法持续期间，每当敌人以直接伤害对运用者造成伤势或重创标记，恢复运用者的脚力
167,驭车篇,1,所谓：“黄帝作车，引重致远，服牛乘马，以利天下”。驭车篇首重胫足之力，能令人身形平稳，宛若驭车而行，少受阻碍。,2,身法,Invalid,1,9,5,311,true,false,7,属性3=80; 属性5=35; 属性81=150; 属性56=90; 属性57=90; 属性60=90; 属性61=90,280,1006,1,2,1,false,"5, 6",1,150,0,0,-1,-1,0,"0, 0, 0, 0",0,"0, 0, 0, 0","0, 0, 0, 0","外:0, 内:0","外:0, 内:0","外:0, 内:0",0,0,0,0,0,0,0,0,"0, 0, 0, 0, 0, 0",6000,6,15,0,0,20,0,0,list,0,0,-1,-1,"20, 20, 1, 20, 20, 20, 20",0,"0, 0, 0, 0",false,false,"0, 0, 0, 0, 0, 0, 0, 0, 0, 0, 0, 0",0,-1,,50,0,-50,"0, 0, 0, 0",36,0,72,-1,-1,false,-1,-1,0,0,0,0,"0, 0, 0, 0",0,0,0,0,0,list2,"0, 0, 0, 0, 0, 30, 30","0, 0, 0, 0, 0, 0, 0",0,0,list3,"0, 0, 0, 0, 0",loopBonusSkillList,0,"20, 19, 17, 29",此身法持续期间，每当运用者以「机关」类兵器击中敌人，恢复运用者的脚力,此身法持续期间，每当运用者以「机关」类兵器击中敌人，损耗敌人的脚力
168,八方诸式,2,八方诸式讲究中门不开，首尾兼顾，运用者“高则架、直则转、下则挡、斜则拨”，于是势穿八方，身转六合，八方来敌，皆可应对。,2,身法,Invalid,1,9,5,312,true,false,8,属性3=90; 属性5=40; 属性81=200; 属性56=120; 属性57=120; 属性60=120; 属性61=120,281,1007,2,7,2,false,"5, 6",1,200,0,0,-1,-1,0,"0, 0, 0, 0",0,"0, 0, 0, 0","0, 0, 0, 0","外:0, 内:0","外:0, 内:0","外:0, 内:0",0,0,0,0,0,0,0,0,"0, 0, 0, 0, 0, 0",8000,6,10,0,30,20,0,0,list,0,0,-1,-1,"20, 20, 1, 20, 20, 20, 20",0,"0, 0, 0, 0",false,false,"0, 0, 0, 0, 0, 0, 0, 0, 0, 0, 0, 0",0,-1,,0,0,-25,"200, 0, 200, 0",36,0,36,-1,-1,false,-1,-1,0,0,0,0,"0, 0, 0, 0",0,0,0,0,0,list2,"0, 0, 0, 0, 0, 20, 20","0, 0, 0, 0, 0, 20, 20",0,0,list3,"0, 0, 0, 0, 0",loopBonusSkillList,0,"20, 19",此身法持续期间，运用者的主动兵器攻击在击中敌人时，立即再次无消耗对敌人进行1次兵器攻击，但命中敌人的几率降低,此身法持续期间，运用者的主动兵器攻击被敌人化解时，立即再次无消耗对敌人进行1次兵器攻击，且命中敌人的几率提高
169,虎丘试剑,3,虎丘试剑化自铸剑山庄以石试剑之法。试剑者需步伐沉稳，起势刚健，在极短距离的奔行、纵跃之后借势一击，劈开硕大顽石。,2,身法,Invalid,2,9,3,313,true,false,9,属性3=100; 属性5=45; 属性81=250; 属性56=150; 属性57=150; 属性60=150; 属性61=150,282,1008,2,7,3,false,"5, 6",2,250,0,0,-1,-1,0,"0, 0, 0, 0",0,"0, 0, 0, 0","0, 0, 0, 0","外:0, 内:0","外:0, 内:0","外:0, 内:0",0,0,0,0,0,0,0,0,"0, 0, 0, 0, 0, 0",4000,6,20,0,30,20,0,0,list,0,0,-1,-1,"20, 20, 1, 20, 20, 20, 20",0,"0, 0, 0, 0",false,false,"0, 0, 0, 0, 0, 0, 0, 0, 0, 0, 0, 0",0,-1,,70,0,-50,"0, 0, 0, 0",36,0,72,-1,-1,false,-1,-1,4,0,0,0,"0, 0, 0, 0",0,0,0,0,0,list2,"0, 0, 0, 0, 0, 50, 50","0, 0, 0, 0, 0, 0, 0",0,0,list3,"0, 0, 0, 0, 0",loopBonusSkillList,0,"20, 19, 17, 29",此身法持续期间，每当运用者以「剑」类兵器击中敌人，恢复运用者的脚力,此身法持续期间，每当运用者以「剑」类兵器击中敌人，损耗敌人的脚力
170,星斗避怒,4,相传湛卢剑成时，“精光贯天，星斗避怒”。传说星斗避怒乃铸剑祖师欧冶子所创，可令人物我合一，神超形越，将真气外显，周身迸发出耀眼精光。,2,身法,Invalid,2,9,3,314,true,true,10,属性3=110; 属性5=50; 属性81=300; 属性56=180; 属性57=180; 属性60=180; 属性61=180,283,1009,3,4,4,false,"3, 4, 5, 6",2,300,0,0,-1,-1,0,"0, 0, 0, 0",0,"0, 0, 0, 0","0, 0, 0, 0","外:0, 内:0","外:0, 内:0","外:0, 内:0",0,0,0,0,0,0,0,0,"0, 0, 0, 0, 0, 0",6000,6,15,0,30,20,0,0,list,0,0,-1,-1,"20, 20, 1, 20, 20, 20, 20",0,"0, 0, 0, 0",false,false,"0, 0, 0, 0, 0, 0, 0, 0, 0, 0, 0, 0",0,-1,,0,0,-25,"400, 0, 400, 0",36,0,36,-1,-1,false,-1,-1,0,0,0,0,"0, 0, 0, 0",0,0,0,0,0,list2,"0, 0, 0, 0, 0, 70, 70","0, 0, 0, 0, 0, 0, 0",0,0,list3,"0, 0, 0, 0, 0",loopBonusSkillList,0,"20, 19, 17",此身法持续期间，运用者攻击敌人时，如果敌人的精纯境界不高于运用者，或敌人被攻击的部位的护具的品级不高于运用者使用的兵器的品级至少2个品级，运用者武器的破甲就会大幅提高,此身法持续期间，运用者攻击敌人时，如果敌人的精纯境界不高于运用者，或敌人被攻击的部位的护具的品级不高于运用者使用的兵器的品级至少2个品级，运用者武器的坚韧就会大幅提高
171,乘龙术,5,乘龙术乃铸剑山庄独门身法，能以机关运转之力驱动人体骨骼，使人能够以意驭物，凭空而动，起落纵横，无所顾忌，宛如乘风御龙，驰骋于云天之中。,2,身法,Invalid,2,9,3,315,true,true,11,属性3=120; 属性5=55; 属性81=350; 属性56=210; 属性57=210; 属性60=210; 属性61=210,284,1010,3,4,5,false,"0, 1, 2",2,350,0,0,-1,-1,0,"0, 0, 0, 0",0,"0, 0, 0, 0","0, 0, 0, 0","外:0, 内:0","外:0, 内:0","外:0, 内:0",0,0,0,0,0,0,0,0,"0, 0, 0, 0, 0, 0",8000,6,20,0,30,20,0,0,list,0,0,-1,-1,"20, 20, 1, 20, 20, 20, 20",0,"0, 0, 0, 0",false,false,"0, 0, 0, 0, 0, 0, 0, 0, 0, 0, 0, 0",0,-1,,90,0,-50,"0, 0, 0, 0",36,0,72,-1,-1,false,-1,-1,0,0,0,0,"0, 0, 0, 0",0,0,0,0,0,list2,"0, 0, 0, 0, 0, 45, 45","0, 0, 0, 0, 0, 45, 45",0,0,list3,"0, 0, 0, 0, 0",loopBonusSkillList,0,"20, 19, 29",此身法持续期间：敌人无法消除运用者的身法、脚力；运用者的脚力可代替运用者的架势消耗，且由脚力代为消耗的部分消耗量降低50%,此身法持续期间：敌人无法消除运用者的身法、脚力；运用者的脚力可代替运用者的提气消耗，且由脚力代为消耗的部分消耗量降低50%
172,天开流陨式,6,天开流陨式乃铸剑山庄不传之绝诣，其势起如霆震，闪如电灭，可令人破空而出，从天而降，望之好似天火行空，列星坠地。,2,身法,Invalid,3,9,3,316,true,true,12,属性3=130; 属性5=60; 属性81=400; 属性56=240; 属性57=240; 属性60=240; 属性61=240,285,1011,3,7,6,false,"0, 1, 2, 5, 6",3,400,0,0,-1,-1,0,"0, 0, 0, 0",0,"0, 0, 0, 0","0, 0, 0, 0","外:0, 内:0","外:0, 内:0","外:0, 内:0",0,0,0,0,0,0,0,0,"0, 0, 0, 0, 0, 0",8000,6,20,0,40,20,0,0,list,0,0,-1,-1,"20, 20, 1, 20, 20, 20, 20",0,"0, 0, 0, 0",false,false,"0, 0, 0, 0, 0, 0, 0, 0, 0, 0, 0, 0",0,-1,,0,0,-25,"750, 0, 0, 0",36,0,36,-1,-1,false,-1,-1,0,0,0,0,"0, 0, 0, 0",0,0,0,0,0,list2,"0, 0, 0, 0, 0, 110, 110","0, 0, 0, 0, 0, 0, 0",0,0,list3,"0, 0, 0, 0, 0",loopBonusSkillList,0,"20, 19, 17",此身法持续期间：运用者的力道不会被任何效果降低；运用者受到的所有提高力道的功法、状态效果大幅提高；运用者施展的含有力道的摧破功法会累积小幅增加运用者所有兵器、护具的威力，持续直到战斗结束,此身法持续期间：敌人的力道不会被任何效果提高；敌人受到的所有降低力道的功法、状态效果大幅提高；运用者施展的含有力道的摧破功法会小幅累积降低敌人所有兵器、护具的威力，持续直到战斗结束
173,草上飞,0,草上飞乃是一套锻炼腿脚、腰腹之力，使人轻身疾行，健步如飞的身法，运用者御气于足，提身纵起，可连点草尖而不使草伏。,2,身法,Invalid,1,10,4,317,true,false,5,属性1=50; 属性3=25; 属性4=25; 属性81=100; 属性58=80; 属性59=80,286,1012,1,0,0,true,"5, 6",1,100,0,0,-1,-1,0,"0, 0, 0, 0",0,"0, 0, 0, 0","0, 0, 0, 0","外:0, 内:0","外:0, 内:0","外:0, 内:0",0,0,0,0,0,0,0,0,"0, 0, 0, 0, 0, 0",4000,6,25,0,60,20,0,0,list,0,0,-1,-1,"20, 20, 1, 20, 20, 20, 20",0,"0, 0, 0, 0",false,false,"0, 0, 0, 0, 0, 0, 0, 0, 0, 0, 0, 0",0,-1,,0,1,0,"0, 0, 0, 0",72,0,1800,10,8000,false,0,-1,0,0,0,0,"0, 0, 0, 0",0,0,0,0,0,list2,"0, 0, 0, 0, 0, 10, 10","0, 0, 0, 0, 0, 10, 10",0,0,list3,"0, 0, 0, 0, 0",loopBonusSkillList,0,"20, 19, 29",以此身法前进时，运用者需积蓄力量一次性移动1距离，运用者下次积蓄力量进行移动时，移动的距离额外增加,以此身法后退时，运用者需积蓄力量一次性移动1距离，运用者下次积蓄力量进行移动时，移动的距离额外增加
174,危崖悬壶,1,危崖悬壶讲究眼观六路、耳听八方，因势利导、疾缓并用，乃是空桑先祖在悬崖峭壁、深谷险滩中采摘草药、开道寻路时所创。,2,身法,Invalid,1,10,4,318,true,false,6,属性1=55; 属性3=30; 属性4=30; 属性81=150; 属性58=120; 属性59=120,287,1013,1,7,1,true,"1, 5, 6",1,150,0,0,-1,-1,0,"0, 0, 0, 0",0,"0, 0, 0, 0","0, 0, 0, 0","外:0, 内:0","外:0, 内:0","外:0, 内:0",0,0,0,0,0,0,0,0,"0, 0, 0, 0, 0, 0",6000,6,15,0,30,20,0,0,list,0,0,-1,-1,"20, 20, 1, 20, 20, 20, 20",0,"0, 0, 0, 0",false,false,"0, 0, 0, 0, 0, 0, 0, 0, 0, 0, 0, 0",0,-1,,50,0,-50,"0, 0, 0, 0",36,0,72,-1,-1,false,-1,-1,3,0,0,0,"0, 0, 0, 0",0,0,0,0,0,list2,"0, 0, 0, 0, 0, 15, 15","0, 0, 0, 0, 0, 15, 15",0,0,list3,"0, 0, 0, 0, 0",loopBonusSkillList,0,"20, 19, 29",此身法持续期间，每当运用者以「药霜」类兵器击中敌人，恢复运用者的脚力,此身法持续期间，每当运用者以「药霜」类兵器击中敌人，损耗敌人的脚力
175,沙棠踏水,2,沙棠出于昆仑之丘，食之使人不溺。沙棠踏水乃是一套御气轻身，使人奔行、纵跃于水上，犹如踏水而行，不沉不溺的身法。,2,身法,Invalid,1,10,4,319,true,false,7,属性1=60; 属性3=35; 属性4=35; 属性81=200; 属性58=160; 属性59=160,288,1014,2,7,2,false,"5, 6",1,200,0,0,-1,-1,0,"0, 0, 0, 0",0,"0, 0, 0, 0","0, 0, 0, 0","外:0, 内:0","外:0, 内:0","外:0, 内:0",0,0,0,0,0,0,0,0,"0, 0, 0, 0, 0, 0",8000,6,10,0,30,20,0,0,list,0,0,-1,-1,"20, 20, 1, 20, 20, 20, 20",0,"0, 0, 0, 0",false,false,"0, 0, 0, 0, 0, 0, 0, 0, 0, 0, 0, 0",0,-1,,0,0,-25,"0, 300, 0, 0",36,0,36,-1,-1,false,-1,-1,2,0,0,0,"0, 0, 0, 0",0,0,0,0,0,list2,"0, 0, 0, 0, 0, 20, 20","0, 0, 0, 0, 0, 20, 20",0,0,list3,"0, 0, 0, 0, 0",loopBonusSkillList,0,"20, 19",运用者以此身法施展的腿法的精妙大幅提高,运用者以此身法施展的腿法除精妙外的其它命中占比大幅降低并转移到精妙
176,柴山一线天,3,柴山一线天乃是古人为躲避海外柴山险道中的频繁落石而修炼的身法，修习时或蹬石而上，或借势侧翻，于危机之中，更能豁然开朗。,2,身法,Invalid,2,10,4,320,true,false,8,属性1=65; 属性3=40; 属性4=40; 属性81=250; 属性58=200; 属性59=200,289,1015,2,7,3,true,1,2,250,0,0,-1,-1,0,"0, 0, 0, 0",0,"0, 0, 0, 0","0, 0, 0, 0","外:0, 内:0","外:0, 内:0","外:0, 内:0",0,0,0,0,0,0,0,0,"0, 0, 0, 0, 0, 0",6000,6,15,0,40,20,0,0,list,0,0,-1,-1,"20, 20, 1, 20, 20, 20, 20",0,"0, 0, 0, 0",false,false,"0, 0, 0, 0, 0, 0, 0, 0, 0, 0, 0, 0",0,-1,,0,0,-25,"0, 500, 0, 0",36,0,36,-1,-1,false,-1,-1,0,0,0,0,"0, 0, 0, 0",0,0,0,0,0,list2,"0, 0, 0, 0, 0, 25, 25","0, 0, 0, 0, 0, 25, 25",0,0,list3,"0, 0, 0, 0, 0",loopBonusSkillList,0,"20, 19",运用者以此身法主动施展腿法的过程中，敌人对运用者造成的直接外伤降低60%,运用者以此身法主动施展腿法的过程中，敌人对运用者造成的直接内伤降低60%
177,青蛟闹海功,4,青蛟闹海功力发全身，于站、卧、俯、仰之间皆能取势，好似蛟龙戏海，驰骋纵跃，游空而上，卷潮扬波，无拘无束，势不可挡。,2,身法,Invalid,2,10,4,321,true,false,9,属性1=70; 属性3=45; 属性4=45; 属性81=300; 属性58=240; 属性59=240,290,1016,3,7,4,true,"0, 1, 2, 3, 4, 5, 6",2,300,0,0,-1,-1,0,"0, 0, 0, 0",0,"0, 0, 0, 0","0, 0, 0, 0","外:0, 内:0","外:0, 内:0","外:0, 内:0",0,0,0,0,0,0,0,0,"0, 0, 0, 0, 0, 0",6000,6,20,0,50,20,0,0,list,0,0,-1,-1,"20, 20, 1, 20, 20, 20, 20",0,"0, 0, 0, 0",false,false,"0, 0, 0, 0, 0, 0, 0, 0, 0, 0, 0, 0",0,-1,,0,10,-50,"0, 0, 0, 0",36,0,72,-1,-1,false,-1,-1,2,0,0,0,"0, 0, 0, 0",0,0,0,0,0,list2,"0, 0, 0, 0, 0, 35, 35","0, 0, 0, 0, 0, 35, 35",0,0,list3,"0, 0, 0, 0, 0",loopBonusSkillList,0,"20, 19, 29",只要运用者以此身法主动施展的腿法发挥$0$成威力，运用者就能够无消耗施展其它品阶稍低的不同腿法继续攻击敌人,只要运用者以此身法主动施展的腿法能够发挥$0$成威力，运用者就能够无消耗施展其它品阶稍高的不同腿法继续攻击敌人
178,陷石脚,0,修习陷石脚，需一脚着地，一脚踏桩，双脚交替，提身而起，功成者奋力一蹬，可陷石桩于地中，故而得名。,2,身法,Invalid,1,11,0,322,true,false,9,属性2=45; 属性3=55; 属性81=100; 属性63=100,291,1017,1,2,0,false,"5, 6",1,100,0,0,-1,-1,0,"0, 0, 0, 0",0,"0, 0, 0, 0","0, 0, 0, 0","外:0, 内:0","外:0, 内:0","外:0, 内:0",0,0,0,0,0,0,0,0,"0, 0, 0, 0, 0, 0",6000,6,10,0,0,20,0,0,list,0,0,-1,-1,"20, 20, 1, 20, 20, 20, 20",0,"0, 0, 0, 0",false,false,"0, 0, 0, 0, 0, 0, 0, 0, 0, 0, 0, 0",0,-1,,0,0,-25,"300, 0, 0, 0",36,0,36,-1,-1,false,-1,-1,0,0,0,0,"0, 0, 0, 0",0,0,0,0,0,list2,"0, 0, 0, 0, 0, 20, 20","0, 0, 0, 0, 0, 0, 0",0,0,list3,"0, 0, 0, 0, 0",loopBonusSkillList,0,"20, 19, 17",此身法持续期间，只要敌人没有能够改变化解方式的效果，运用者的所有兵器攻击均会以力道为命中,此身法持续期间，只要敌人没有能够改变命中方式的效果，敌人的所有兵器攻击均可被运用者以卸力化解
179,大定脚,1,大定脚讲究劲由肩起，力从脊出，不动之时，下盘有如立桩筑台，根植于地，移转之时，身形好似石像移位，虽动不乱。,2,身法,Invalid,1,11,0,323,true,false,10,属性2=55; 属性3=60; 属性81=150; 属性63=150,292,1018,1,2,1,false,"5, 6",1,150,0,0,-1,-1,0,"0, 0, 0, 0",0,"0, 0, 0, 0","0, 0, 0, 0","外:0, 内:0","外:0, 内:0","外:0, 内:0",0,0,0,0,0,0,0,0,"0, 0, 0, 0, 0, 0",8000,6,15,0,30,20,0,0,list,0,0,-1,-1,"20, 20, 1, 20, 20, 20, 20",0,"0, 0, 0, 0",false,false,"0, 0, 0, 0, 0, 0, 0, 0, 0, 0, 0, 0",0,-1,,50,0,-50,"0, 0, 0, 0",36,0,72,-1,-1,false,-1,-1,3,0,0,0,"0, 0, 0, 0",0,0,0,0,0,list2,"0, 0, 0, 0, 0, 15, 15","0, 0, 0, 0, 0, 15, 15",0,0,list3,"0, 0, 0, 0, 0",loopBonusSkillList,0,"20, 19, 29",此身法持续期间，如果运用者的兵器能够打出施展功法或功法特殊效果所需要的式，运用者拥有的「崩」式、「劈」式、「掷」式可相互替代使用,此身法持续期间，每当敌人获得「崩」式、「劈」式、「掷」式时，如果运用者可以使用这些式，敌人获得的式有较高的几率转移给运用者
180,金刚座法,2,金刚座法讲究动中有定，神形如一，运用者腿成弓形，手结宝印，固中扼守，出暗向明，如同示现金刚法相，不怒自威。,2,身法,Invalid,1,11,0,324,true,false,11,属性2=65; 属性3=65; 属性81=200; 属性63=200,293,1019,2,2,2,false,1,1,200,0,0,-1,-1,0,"0, 0, 0, 0",0,"0, 0, 0, 0","0, 0, 0, 0","外:0, 内:0","外:0, 内:0","外:0, 内:0",0,0,0,0,0,0,0,0,"0, 0, 0, 0, 0, 0",8000,6,10,0,30,20,0,0,list,0,0,-1,-1,"20, 20, 1, 20, 20, 20, 20",0,"0, 0, 0, 0",false,false,"0, 0, 0, 0, 0, 0, 0, 0, 0, 0, 0, 0",0,-1,,0,0,-25,"200, 200, 0, 0",36,0,36,-1,-1,false,-1,-1,0,0,0,0,"0, 0, 0, 0",0,0,0,0,0,list2,"0, 0, 0, 0, 0, 40, 40","0, 0, 0, 0, 0, 0, 0",0,0,list3,"0, 0, 0, 0, 0",,0,"20, 19, 17",此身法持续期间，每当运用者以「短杵」类兵器击中敌人，恢复运用者的脚力,此身法持续期间，每当运用者以「短杵」类兵器击中敌人，损耗敌人的脚力
181,神足通,3,神足通乃佛门六神通之一，是神境智证而使身心如意之法，修行者持心若空，照见真实，故能移远令近，不往而至。,2,身法,Invalid,2,11,0,325,true,false,12,属性2=75; 属性3=70; 属性81=250; 属性63=250,294,1020,2,3,3,false,2,2,250,0,0,-1,-1,0,"0, 0, 0, 0",0,"0, 0, 0, 0","0, 0, 0, 0","外:0, 内:0","外:0, 内:0","外:0, 内:0",0,0,0,0,0,0,0,0,"0, 0, 0, 0, 0, 0",6000,6,20,0,70,20,0,0,list,0,0,-1,-1,"20, 20, 1, 20, 20, 20, 20",0,"0, 0, 0, 0",false,false,"0, 0, 0, 0, 0, 0, 0, 0, 0, 0, 0, 0",0,-1,,70,0,-50,"0, 0, 0, 0",36,0,72,-1,-1,false,-1,-1,0,0,0,0,"0, 0, 0, 0",0,0,0,0,0,list2,"0, 0, 0, 0, 0, 0, 0","0, 0, 0, 0, 0, 50, 50",0,0,list3,"0, 0, 0, 0, 0",loopBonusSkillList,0,"20, 19, 16, 29",此身法持续期间：运用者的前进速度不会因状态效果降低；运用者的前进不作为移动，而作为敌我距离的变化，不会引发各类移动效果，但运用者的移动速度仍会影响敌我距离变化的速度,此身法持续期间：运用者的后退速度不会因状态效果降低；运用者的后退不作为移动，而作为敌我距离的变化，不会引发各类移动效果，但运用者的移动速度仍会影响敌我距离变化的速度
182,蛇行功,0,蛇行功效仿灵蛇，需于木桩、窄缝之间腾挪、转移方可练成，运用者左右盘旋，曲折蛇行，时而伺机以动，时而暴起伤人。,2,身法,Invalid,1,12,1,326,true,false,7,属性1=55; 属性4=45; 属性81=100; 属性59=100,295,1021,1,8,0,false,1,1,100,0,0,-1,-1,0,"0, 0, 0, 0",0,"0, 0, 0, 0","0, 0, 0, 0","外:0, 内:0","外:0, 内:0","外:0, 内:0",0,0,0,0,0,0,0,0,"0, 0, 0, 0, 0, 0",4000,6,10,0,30,15,0,0,list,0,0,-1,-1,"20, 20, 1, 20, 20, 20, 20",0,"0, 0, 0, 0",false,false,"0, 0, 0, 0, 0, 0, 0, 0, 0, 0, 0, 0",0,-1,,0,0,-25,"0, 200, 200, 0",36,0,36,-1,-1,false,-1,-1,0,0,0,0,"0, 0, 0, 0",0,0,0,0,0,list2,"0, 15, 0, 0, 0, 0, 0","0, 15, 0, 0, 0, 0, 0",0,0,list3,"0, 0, 0, 0, 0",loopBonusSkillList,0,"20, 19",此身法持续期间，每当运用者以「长鞭」类兵器击中敌人，恢复运用者的脚力,此身法持续期间，每当运用者以「长鞭」类兵器击中敌人，损耗敌人的脚力
183,闯泥潭,1,闯泥潭讲究平起平落，肩圆背直，修习者需于淤泥、流沙之中趟步奔行，直至走转自如，视阻碍如无物，则此功大成。,2,身法,Invalid,1,12,5,327,true,false,8,属性1=65; 属性3=50; 属性81=150; 属性59=150,296,1022,1,2,1,false,"5, 6",1,150,0,0,-1,-1,0,"0, 0, 0, 0",0,"0, 0, 0, 0","0, 0, 0, 0","外:0, 内:0","外:0, 内:0","外:0, 内:0",0,0,0,0,0,0,0,0,"0, 0, 0, 0, 0, 0",8000,6,15,0,30,15,0,0,list,0,0,-1,-1,"20, 20, 1, 20, 20, 20, 20",0,"0, 0, 0, 0",false,false,"0, 0, 0, 0, 0, 0, 0, 0, 0, 0, 0, 0",0,-1,,50,0,-50,"0, 0, 0, 0",36,0,72,-1,-1,false,-1,-1,0,0,0,0,"0, 0, 0, 0",0,0,0,0,0,list2,"0, 0, 0, 0, 0, 15, 15","0, 0, 0, 0, 0, 15, 15",0,0,list3,"0, 0, 0, 0, 0",loopBonusSkillList,0,"20, 19, 16, 29",此身法持续期间，运用者的移动速度不会因状态效果降低,此身法持续期间，敌人的移动速度不会因状态效果提高
184,蛤蟆纵跳功,2,蛤蟆纵跳功取形于蟾，讲究腰、腿发力，运用者双腿弯曲，伏卧于地，手足虚按，一瞬而发，屈而复伸，落而速起，故能越奔越快，层层叠势。,2,身法,Invalid,1,12,1,328,true,false,9,属性0=60; 属性1=70; 属性81=200; 属性59=200,297,1023,2,8,2,false,"1, 5, 6",1,200,0,0,-1,-1,0,"0, 0, 0, 0",0,"0, 0, 0, 0","0, 0, 0, 0","外:0, 内:0","外:0, 内:0","外:0, 内:0",0,0,0,0,0,0,0,0,"0, 0, 0, 0, 0, 0",4000,6,25,0,50,15,0,0,list,0,0,-1,-1,"20, 20, 1, 20, 20, 20, 20",0,"0, 0, 0, 0",false,false,"0, 0, 0, 0, 0, 0, 0, 0, 0, 0, 0, 0",0,-1,,30,0,0,"0, 0, 0, 0",72,0,1800,10,8000,false,0,30,8,0,0,0,"0, 0, 0, 0",0,0,0,0,0,list2,"0, 0, 0, 0, 0, 20, 20","0, 0, 0, 0, 0, 20, 20",0,0,list3,"0, 0, 0, 0, 0",loopBonusSkillList,0,"20, 19, 16, 29",以此身法前进时，运用者需积蓄力量一次性移动1距离，如果运用者下次积蓄力量前，未进行过攻击，运用者以此身法前进时消耗的脚力累积降低,以此身法后退时，运用者需积蓄力量一次性移动1距离，如果运用者下次积蓄力量前，未进行过攻击，运用者以此身法后退时消耗的脚力累积降低
185,飞头术,3,飞头术乃是一套气走虚灵、以头运劲的独特法门，运用者手足不动，便可跃起，望之犹如以头带身，直飞而上，相传修至化境时，更能身首分离，以魂灵伤人。,2,身法,Invalid,2,12,1,329,true,true,10,属性1=80; 属性4=65; 属性81=250; 属性59=250,298,1024,2,8,3,false,2,2,250,0,0,-1,-1,0,"0, 0, 0, 0",0,"0, 0, 0, 0","0, 0, 0, 0","外:0, 内:0","外:0, 内:0","外:0, 内:0",0,0,0,0,0,0,0,0,"0, 0, 0, 0, 0, 0",8000,6,15,0,60,15,0,0,list,0,0,-1,-1,"20, 20, 1, 20, 20, 20, 20",0,"0, 0, 0, 0",false,false,"0, 0, 0, 0, 0, 0, 0, 0, 0, 0, 0, 0",0,-1,,0,0,-25,"0, 400, 400, 0",36,0,36,-1,-1,false,-1,-1,4,0,0,0,"0, 0, 0, 0",0,0,0,0,0,list2,"0, 0, 15, 0, 0, 0, 0","0, 0, 15, 0, 0, 0, 0",0,20,list3,"0, 0, 0, 0, 0",loopBonusSkillList,0,20,此身法持续期间，敌我距离不小于5时，运用者不会出现新的破绽也不会被封闭穴道,此身法持续期间，敌我距离不大于7时，运用者不会出现新的破绽也不会被封闭穴道
186,玉索倒悬,4,玉索倒悬乃五仙教之奇技，能使人头下脚上，凭空倒飞，如有玉索牵系，飘然好似鬼魅、犹如神仙，不能以常理揣度。,2,身法,Invalid,2,12,1,330,true,true,11,属性1=90; 属性5=70; 属性81=300; 属性59=300,299,1025,3,8,4,false,"5, 6",2,300,0,0,-1,-1,0,"0, 0, 0, 0",0,"0, 0, 0, 0","0, 0, 0, 0","外:0, 内:0","外:0, 内:0","外:0, 内:0",0,0,0,0,0,0,0,0,"0, 0, 0, 0, 0, 0",4000,6,20,0,70,15,0,0,list,0,0,-1,-1,"20, 20, 1, 20, 20, 20, 20",0,"0, 0, 0, 0",false,false,"0, 0, 0, 0, 0, 0, 0, 0, 0, 0, 0, 0",0,-1,,0,10,-50,"0, 0, 0, 0",36,0,72,-1,-1,false,-1,-1,0,0,0,0,"0, 0, 0, 0",0,0,0,0,0,list2,"0, 0, 0, 0, 0, 35, 35","0, 0, 0, 0, 0, 35, 35",0,0,list3,"0, 0, 0, 0, 0",loopBonusSkillList,0,"20, 19, 29",以此身法每累积移动1距离时，为运用者施加一个提高提气恢复与架势恢复的增益状态,以此身法每累积移动1距离时，向敌人施加一个降低提气恢复与架势恢复的损害状态
187,遁地百足仙,5,遁地百足仙效仿蜈蚣，讲究蜿蝉盘旋，行迹如迷，可令人贴地而走，行动如风，遇敌之时又可手足并用，难以遏止。,2,身法,Invalid,2,12,1,331,true,true,12,属性1=100; 属性3=75; 属性81=350; 属性59=350,300,1026,3,2,5,false,"1, 5, 6",2,350,0,0,-1,-1,0,"0, 0, 0, 0",0,"0, 0, 0, 0","0, 0, 0, 0","外:0, 内:0","外:0, 内:0","外:0, 内:0",0,0,0,0,0,0,0,0,"0, 0, 0, 0, 0, 0",6000,6,15,0,50,15,0,0,list,0,0,-1,-1,"20, 20, 1, 20, 20, 20, 20",0,"0, 0, 0, 0",false,false,"0, 0, 0, 0, 0, 0, 0, 0, 0, 0, 0, 0",0,-1,,0,0,-25,"0, 0, 500, 0",36,0,36,-1,-1,false,-1,-1,11,0,0,0,"0, 0, 0, 0",0,0,0,0,0,list2,"0, 0, 0, 0, 0, 45, 45","0, 0, 0, 0, 0, 45, 45",0,0,list3,"0, 0, 0, 0, 0",loopBonusSkillList,0,"20, 19",此身法持续期间，运用者在对敌人进行攻击时，会对敌人先进行一次随着作用次数逐渐减弱的迅疾命中，如果敌人未能将此迅疾化解，敌人当前「护体」功法的剩余持续时间就会大幅减少,此身法持续期间，运用者在受到敌人的攻击时，会对敌人先进行一次随着作用次数逐渐减弱的迅疾命中，如果敌人未能将此迅疾化解，敌人当前「轻灵」功法的剩余持续时间就会大幅减少
188,天蛇翻,6,天蛇翻乃五仙教独门秘法，非教中真圣不可修习，修习者身似柔水，浑若无骨，可随意俯仰上下，翻转腾飞，宛如腾蛇乘雾，长蛟入海。,2,身法,Invalid,3,12,1,332,true,true,13,属性1=120; 属性4=70; 属性81=400; 属性59=400,301,1027,4,2,6,false,1,3,400,0,0,-1,-1,0,"0, 0, 0, 0",0,"0, 0, 0, 0","0, 0, 0, 0","外:0, 内:0","外:0, 内:0","外:0, 内:0",0,0,0,0,0,0,0,0,"0, 0, 0, 0, 0, 0",6000,6,35,0,60,15,0,0,list,0,0,-1,-1,"20, 20, 1, 20, 20, 20, 20",0,"0, 0, 0, 0",false,false,"0, 0, 0, 0, 0, 0, 0, 0, 0, 0, 0, 0",0,-1,,50,0,0,"0, 0, 0, 0",72,0,7400,30,4000,false,18,6,0,0,0,0,"0, 0, 0, 0",0,0,0,0,0,list2,"0, 65, 0, 0, 0, 0, 0","0, 65, 0, 0, 0, 0, 0",0,0,list3,"0, 0, 0, 0, 0",loopBonusSkillList,0,"20, 19, 29",以此身法前进时，运用者需积蓄力量一次性移动3距离，随后根据移动的距离向敌人施加一个减少所有毒素抵抗的损害状态,以此身法后退时，运用者需积蓄力量一次性移动3距离，随后根据移动的距离向敌人施加一个减少所有毒素抵抗的损害状态
189,百尺桩,0,百尺桩乃界青弟子于百尺木柱之上跳跃、技击时所运用之步法，因修习时凶险异常，故而只有摒弃杂念、不顾生死之人方能运用自如。,2,身法,Invalid,1,13,5,333,true,false,7,属性1=60; 属性5=40; 属性81=100; 属性54=100,302,1028,1,7,0,false,"5, 6",1,100,0,0,-1,-1,0,"0, 0, 0, 0",0,"0, 0, 0, 0","0, 0, 0, 0","外:0, 内:0","外:0, 内:0","外:0, 内:0",0,0,0,0,0,0,0,0,"0, 0, 0, 0, 0, 0",6000,6,10,0,60,20,0,0,list,0,0,-1,-1,"20, 20, 1, 20, 20, 20, 20",0,"0, 0, 0, 0",false,false,"0, 0, 0, 0, 0, 0, 0, 0, 0, 0, 0, 0",0,-1,,0,0,-25,"0, 0, 300, 0",36,0,36,-1,-1,false,-1,-1,0,0,0,0,"0, 0, 0, 0",0,0,0,0,0,list2,"0, 0, 0, 0, 0, 10, 10","0, 0, 0, 0, 0, 10, 10",0,0,list3,"0, 0, 0, 0, 0",loopBonusSkillList,0,"20, 19",此身法持续期间，运用者的最大攻击距离增加2,此身法持续期间，运用者的最小攻击距离增加2
190,无踪六步,1,无踪六步起势轻疾，腾转巧妙，变化奇速，形与神通，专取敌人未曾想、未曾见之路径，故而好似无踪无迹，难以捉摸。,2,身法,Invalid,1,13,2,334,true,false,8,属性1=70; 属性5=45; 属性81=150; 属性54=150,303,1029,1,7,1,true,"5, 6",1,150,0,0,-1,-1,0,"0, 0, 0, 0",0,"0, 0, 0, 0","0, 0, 0, 0","外:0, 内:0","外:0, 内:0","外:0, 内:0",0,0,0,0,0,0,0,0,"0, 0, 0, 0, 0, 0",4000,6,15,0,70,20,0,0,list,0,0,-1,-1,"20, 20, 1, 20, 20, 20, 20",0,"0, 0, 0, 0",false,false,"0, 0, 0, 0, 0, 0, 0, 0, 0, 0, 0, 0",0,-1,,50,0,-50,"0, 0, 0, 0",36,0,72,-1,-1,false,-1,-1,3,0,0,0,"0, 0, 0, 0",0,0,0,0,0,list2,"0, 0, 0, 0, 0, 15, 15","0, 0, 0, 0, 0, 15, 15",0,0,list3,"0, 0, 0, 0, 0",loopBonusSkillList,0,"20, 19, 29",此身法持续期间，如果运用者的兵器能够打出施展功法或功法特殊效果所需要的式，运用者拥有的「点」式、「刺」式、「弹」式可相互替代使用,此身法持续期间，每当敌人获得「点」式、「刺」式、「弹」式时，如果运用者可以使用这些式，敌人获得的式有较高的几率转移给运用者
191,无忧步,2,无忧步讲究外松内紧、示敌以弱，运用者虽杀机暗藏，却宛如寻常踱步一般自在无忧、从容不迫，因此常能令人疏于防备。,2,身法,Invalid,1,13,2,335,true,false,9,属性1=75; 属性5=55; 属性81=200; 属性54=200,304,1030,2,0,2,true,"5, 6",1,200,0,0,-1,-1,0,"0, 0, 0, 0",0,"0, 0, 0, 0","0, 0, 0, 0","外:0, 内:0","外:0, 内:0","外:0, 内:0",0,0,0,0,0,0,0,0,"0, 0, 0, 0, 0, 0",6000,6,15,0,70,20,0,0,list,0,0,-1,-1,"20, 20, 1, 20, 20, 20, 20",0,"0, 0, 0, 0",false,false,"0, 0, 0, 0, 0, 0, 0, 0, 0, 0, 0, 0",0,-1,,60,0,-50,"0, 0, 0, 0",36,0,72,-1,-1,false,-1,-1,0,0,0,0,"0, 0, 0, 0",0,0,0,0,0,list2,"0, 0, 0, 0, 0, 20, 20","0, 0, 0, 0, 0, 20, 20",0,0,list3,"0, 0, 0, 0, 0",loopBonusSkillList,0,"20, 19, 29",此身法持续期间，每当运用者以「暗器」类兵器击中敌人，恢复运用者的脚力,此身法持续期间，每当运用者以「暗器」类兵器击中敌人，损耗敌人的脚力
192,天河游步,3,天河游步踏气导虚，能牵动敌我之气息，运用者步如星转，飘然轻灵，犹如天星之归于河汉，往来不穷，真气自流。,2,身法,Invalid,2,13,2,336,true,false,10,属性1=80; 属性4=65; 属性81=250; 属性54=250,305,1031,2,7,3,true,"1, 5, 6",2,250,0,0,-1,-1,0,"0, 0, 0, 0",0,"0, 0, 0, 0","0, 0, 0, 0","外:0, 内:0","外:0, 内:0","外:0, 内:0",0,0,0,0,0,0,0,0,"0, 0, 0, 0, 0, 0",6000,6,20,0,100,20,0,0,list,0,0,-1,-1,"20, 20, 1, 20, 20, 20, 20",0,"0, 0, 0, 0",false,false,"0, 0, 0, 0, 0, 0, 0, 0, 0, 0, 0, 0",0,-1,,0,8,-50,"0, 0, 0, 0",36,0,72,-1,-1,false,-1,-1,5,0,0,0,"0, 0, 0, 0",0,0,0,0,0,list2,"0, 0, 0, 0, 0, 25, 25","0, 0, 0, 0, 0, 25, 25",0,0,list3,"0, 0, 0, 0, 0",loopBonusSkillList,0,"20, 19, 29",此身法持续期间，运用者每累积前进1距离时，运用者自敌人体内吸取2点「摧破」真气,此身法持续期间，运用者每累积后退1距离时，运用者自敌人体内吸取2点「护体」真气
193,乘五车,4,乘五车全凭真气驭使，运用者行不发足，落地无声，望之有如驾驶五车，泛游于星河云海之上，故而得名。,2,身法,Invalid,2,13,2,337,true,false,11,属性1=90; 属性4=70; 属性81=300; 属性54=300,306,1032,3,0,4,true,"1, 5, 6",2,300,0,0,-1,-1,0,"0, 0, 0, 0",0,"0, 0, 0, 0","0, 0, 0, 0","外:0, 内:0","外:0, 内:0","外:0, 内:0",0,0,0,0,0,0,0,0,"0, 0, 0, 0, 0, 0",4000,6,30,0,100,20,0,0,list,0,0,-1,-1,"20, 20, 1, 20, 20, 20, 20",0,"0, 0, 0, 0",false,false,"0, 0, 0, 0, 0, 0, 0, 0, 0, 0, 0, 0",0,-1,,40,0,0,"0, 0, 0, 0",72,0,4600,20,6000,false,0,-1,0,0,0,0,"0, 0, 0, 0",0,0,0,0,0,list2,"0, 0, 0, 0, 0, 35, 35","0, 0, 0, 0, 0, 35, 35",0,0,list3,"0, 0, 0, 0, 0",loopBonusSkillList,0,"20, 19, 29",以此身法前进时，运用者积蓄力量一次性移动2距离，随后下一次以此身法积蓄力量移动时，积蓄力量所需时间大幅降低,以此身法后退时，运用者积蓄力量一次性移动2距离，随后下一次以此身法积蓄力量移动时，积蓄力量所需时间大幅降低
194,神仙索,5,神仙索取象于天，成形于物，能使人直上直下，如同在攀爬不见其端的神仙索一般，敌人难辨我之高下、不明我之远近、未知我之所在。,2,身法,Invalid,2,13,5,338,true,true,12,属性1=100; 属性5=75; 属性81=350; 属性54=350,307,1033,3,7,5,true,"1, 5, 6",2,350,0,0,-1,-1,0,"0, 0, 0, 0",0,"0, 0, 0, 0","0, 0, 0, 0","外:0, 内:0","外:0, 内:0","外:0, 内:0",0,0,0,0,0,0,0,0,"0, 0, 0, 0, 0, 0",6000,6,15,0,70,20,0,0,list,0,0,-1,-1,"20, 20, 1, 20, 20, 20, 20",0,"0, 0, 0, 0",false,false,"0, 0, 0, 0, 0, 0, 0, 0, 0, 0, 0, 0",0,-1,,0,0,-25,"0, 400, 400, 0",36,0,36,-1,-1,false,-1,-1,0,0,0,0,"0, 0, 0, 0",0,0,0,0,0,list2,"0, 0, 0, 0, 0, 45, 45","0, 0, 0, 0, 0, 45, 45",0,0,list3,"0, 0, 0, 0, 0",loopBonusSkillList,0,"20, 19",此身法持续期间：敌人无法消除运用者的身法、脚力；运用者攻击敌人时，敌我之间的距离立即减少4，减少的距离会在运用者的攻击结束后恢复,此身法持续期间：敌人无法消除运用者的身法、脚力；运用者攻击敌人时，敌我之间的距离立即增加4，增加的距离会在运用者的攻击结束后恢复
195,七星飞旋,6,七星飞旋讲究五合三摧，一气呵成，乃是一套依靠全身疾转，达到移形换影，使人疾如惊电的身法，运用者动中取势，念起则达。,2,身法,Invalid,3,13,2,339,true,true,13,属性1=110; 属性4=80; 属性81=400; 属性54=400,308,1034,4,1,6,true,1,3,400,0,0,-1,-1,0,"0, 0, 0, 0",0,"0, 0, 0, 0","0, 0, 0, 0","外:0, 内:0","外:0, 内:0","外:0, 内:0",0,0,0,0,0,0,0,0,"0, 0, 0, 0, 0, 0",4000,6,25,0,70,20,0,0,list,0,0,-1,-1,"20, 20, 1, 20, 20, 20, 20",0,"0, 0, 0, 0",false,false,"0, 0, 0, 0, 0, 0, 0, 0, 0, 0, 0, 0",0,-1,,100,0,-50,"0, 0, 0, 0",36,0,72,-1,-1,false,-1,-1,0,0,0,0,"0, 0, 0, 0",0,0,0,0,0,list2,"0, 0, 0, 0, 0, 55, 55","0, 0, 0, 0, 0, 55, 55",0,0,list3,"0, 0, 0, 0, 0",loopBonusSkillList,0,"20, 19, 29",此身法持续期间，运用者每对敌人造成7次非追击的兵器攻击或摧破攻击，敌人立即受到相当于该7次攻击所造成的部分直接伤害的重创伤害,此身法持续期间，敌人每对运用者造成7次非追击的兵器攻击或摧破攻击，敌人立即受到相当于该7次攻击所造成的部分直接伤害的重创伤害
196,天渊纵,7,天渊纵乃界青门不传之秘法，运用者只需足尖点地，便可毫无征兆地直身纵起，似可自深渊一跃而至九天之上，非凭借千仞高峰不可练就。,2,身法,Invalid,3,13,2,340,true,true,14,属性1=120; 属性5=85; 属性81=450; 属性54=450,309,1035,4,7,7,true,"1, 5, 6",3,450,0,0,-1,-1,0,"0, 0, 0, 0",0,"0, 0, 0, 0","0, 0, 0, 0","外:0, 内:0","外:0, 内:0","外:0, 内:0",0,0,0,0,0,0,0,0,"0, 0, 0, 0, 0, 0",8000,6,35,0,100,20,0,0,list,0,0,-1,-1,"20, 20, 1, 20, 20, 20, 20",0,"0, 0, 0, 0",false,false,"0, 0, 0, 0, 0, 0, 0, 0, 0, 0, 0, 0",0,-1,,0,8,0,"0, 0, 0, 0",72,0,9000,60,8000,true,18,6,0,0,0,0,"0, 0, 0, 0",0,0,0,0,0,list2,"0, 0, 0, 0, 0, 70, 70","0, 0, 0, 0, 0, 70, 70",0,0,list3,"0, 0, 0, 0, 0",loopBonusSkillList,0,"20, 19, 29",以此身法前进时，运用者需积蓄力量，积蓄的力量越多，前进的距离就越远，最多前进6距离，且运用者前进的距离越远，就为运用者施加一个效果越强的提高运用者破体、破气的增益状态,以此身法后退时，运用者需积蓄力量，积蓄的力量越多，后退的距离就越远，最多后退6距离，且运用者后退的距离越远，就向运用者施加一个效果越强的提高运用者破体、破气的增益状态
197,浑天移星功,8,浑天移星功上观星斗，下知吉凶，乃是从群星运转之中悟出的方位变幻之道，运用者潜行于明暗交错之时，如入无彼无我之境，随机设势，似实而虚，来去无踪，知鬼通神。,2,身法,Invalid,3,13,2,341,true,true,15,属性1=130; 属性5=90; 属性81=500; 属性54=500,310,1036,5,1,8,true,"2, 5, 6",3,500,0,0,-1,-1,0,"0, 0, 0, 0",0,"0, 0, 0, 0","0, 0, 0, 0","外:0, 内:0","外:0, 内:0","外:0, 内:0",0,0,0,0,0,0,0,0,"0, 0, 0, 0, 0, 0",6000,6,35,0,100,20,0,0,list,0,0,-1,-1,"20, 20, 1, 20, 20, 20, 20",0,"0, 0, 0, 0",false,false,"0, 0, 0, 0, 0, 0, 0, 0, 0, 0, 0, 0",0,-1,,0,0,-25,"400, 400, 400, 0",180,0,36,-1,-1,false,-1,-1,0,0,0,0,"0, 0, 0, 0",0,0,0,0,0,list2,"0, 0, 0, 0, 0, 90, 90","0, 0, 0, 0, 0, 90, 90",0,0,list3,"0, 0, 0, 0, 0",loopBonusSkillList,0,"20, 19, 31",施展此身法时，敌我之间的距离变化为9；此身法持续期间，敌人无法主动靠近运用者,施展此身法时，敌我之间的距离变化为5；此身法持续期间，敌人无法主动远离运用者
198,赤脚功,0,赤脚功乃伏龙坛独门桩功，修习者赤足踩踏于火山赤地之上，视热土如坦途，故能风雨不倒，安稳如山。,2,身法,Invalid,1,14,3,342,true,false,8,属性0=50; 属性3=50; 属性81=100; 属性55=80; 属性64=80,311,1037,1,2,0,false,"5, 6",1,100,0,0,-1,-1,0,"0, 0, 0, 0",0,"0, 0, 0, 0","0, 0, 0, 0","外:0, 内:0","外:0, 内:0","外:0, 内:0",0,0,0,0,0,0,0,0,"0, 0, 0, 0, 0, 0",6000,6,10,0,0,25,0,0,list,0,0,-1,-1,"20, 20, 1, 20, 20, 20, 20",0,"0, 0, 0, 0",false,false,"0, 0, 0, 0, 0, 0, 0, 0, 0, 0, 0, 0",0,-1,,0,0,-25,"300, 0, 0, 0",36,0,36,-1,-1,false,-1,-1,0,0,0,0,"0, 0, 0, 0",0,0,0,0,0,list2,"0, 0, 0, 0, 0, 20, 20","0, 0, 0, 0, 0, 0, 0",0,0,list3,"0, 0, 0, 0, 0",loopBonusSkillList,0,"20, 19, 17",此身法持续期间：运用者不会因为任何原因而被动向后移动，敌人向后移动消耗的脚力额外提高,此身法持续期间：运用者不会因为任何原因而被动向前移动，敌人向前移动消耗的脚力额外提高
199,醉八仙步,1,醉八仙步乃是模仿醉八仙的形态所创，运用者身形倾倒，脚步跌撞，看似毫无章法，不堪一击，实则潇洒自如，形醉意醒。,2,身法,Invalid,1,14,5,343,true,false,9,属性1=65; 属性5=50; 属性81=150; 属性55=120; 属性64=120,312,1038,1,7,1,false,"1, 5, 6",1,150,0,0,-1,-1,0,"0, 0, 0, 0",0,"0, 0, 0, 0","0, 0, 0, 0","外:0, 内:0","外:0, 内:0","外:0, 内:0",0,0,0,0,0,0,0,0,"0, 0, 0, 0, 0, 0",4000,6,15,0,30,25,0,0,list,0,0,-1,-1,"20, 20, 1, 20, 20, 20, 20",0,"0, 0, 0, 0",false,false,"0, 0, 0, 0, 0, 0, 0, 0, 0, 0, 0, 0",0,-1,,50,0,-50,"0, 0, 0, 0",36,0,72,-1,-1,false,-1,-1,15,0,0,0,"0, 0, 0, 0",0,0,0,0,0,list2,"0, 0, 0, 0, 0, 10, 10","0, 0, 0, 0, 0, 10, 10",0,10,list3,"0, 0, 0, 0, 0",loopBonusSkillList,0,"20, 29",此身法持续期间，如果运用者在敌人的攻击范围每移动0.5的距离，运用者就有一定几率或恢复脚力、或恢复提气、或恢复架势，如果运用者醉酒，则必然恢复其中一项,此身法持续期间，如果敌人在运用者的攻击范围每移动0.5的距离，敌人就有一定几率或损耗脚力、或损耗提气、或损耗架势，如果运用者醉酒，则必然损耗其中一项
200,龙摆尾,2,俗谓龙有逆鳞，触者必死。龙摆尾讲究下盘发力，猝然而行，运用者雷厉风行，起落藏劲，如神龙摆尾，猛虎咥人。,2,身法,Invalid,1,14,3,344,true,false,10,属性0=80; 属性3=50; 属性81=200; 属性55=160; 属性64=160,313,1039,2,2,2,false,"0, 1, 5, 6",1,200,0,0,-1,-1,0,"0, 0, 0, 0",0,"0, 0, 0, 0","0, 0, 0, 0","外:0, 内:0","外:0, 内:0","外:0, 内:0",0,0,0,0,0,0,0,0,"0, 0, 0, 0, 0, 0",6000,6,15,0,0,25,0,0,list,0,0,-1,-1,"20, 20, 1, 20, 20, 20, 20",0,"0, 0, 0, 0",false,false,"0, 0, 0, 0, 0, 0, 0, 0, 0, 0, 0, 0",0,-1,,60,0,-50,"0, 0, 0, 0",36,0,72,-1,-1,false,-1,-1,0,0,0,0,"0, 0, 0, 0",0,0,0,0,0,list2,"0, 0, 0, 0, 0, 40, 40","0, 0, 0, 0, 0, 0, 0",0,0,list3,"0, 0, 0, 0, 0",loopBonusSkillList,0,"20, 19, 17, 29",此身法持续期间，增加运用者对敌人造成的破绽的级别,此身法持续期间，降低敌人对运用者造成的破绽的级别
201,伏龙奋跃,3,“怒浪叠银海，伏龙跃横波”。伏龙奋跃姿态低伏，用实无虚，运功之时，需全身发力，不留余地，纵身一跃间，唯见风起浪涌，劲力层叠不断。,2,身法,Invalid,2,14,3,345,true,false,11,属性0=90; 属性3=55; 属性81=250; 属性55=200; 属性64=200,314,1040,2,2,3,false,"0, 1, 5, 6",2,250,0,0,-1,-1,0,"0, 0, 0, 0",0,"0, 0, 0, 0","0, 0, 0, 0","外:0, 内:0","外:0, 内:0","外:0, 内:0",0,0,0,0,0,0,0,0,"0, 0, 0, 0, 0, 0",8000,6,15,0,0,25,0,0,list,0,0,-1,-1,"20, 20, 1, 20, 20, 20, 20",0,"0, 0, 0, 0",false,false,"0, 0, 0, 0, 0, 0, 0, 0, 0, 0, 0, 0",0,-1,,0,0,-25,"500, 0, 0, 0",36,0,36,-1,-1,false,-1,-1,0,0,0,0,"0, 0, 0, 0",0,0,0,0,0,list2,"0, 0, 0, 0, 0, 50, 50","0, 0, 0, 0, 0, 0, 0",0,0,list3,"0, 0, 0, 0, 0",loopBonusSkillList,0,"20, 19, 17",此身法持续期间，运用者在对敌人进行攻击时，会对敌人先进行一次随着作用次数逐渐减弱的力道命中，如果敌人未能将此力道化解，运用者对敌人造成的所有直接伤害提高15%,此身法持续期间，运用者在受到敌人的攻击时，会对敌人先进行一次随着作用次数逐渐减弱的力道命中，如果敌人未能将此力道化解，敌人对运用者造成的所有直接伤害降低30%
202,风火真形诀,4,风火真形诀讲究“风火无常势，凭我显真形”，此诀非内力精纯者不可驾驭，运用者能唤风火之力，一跃入空，目不能及。,2,身法,Invalid,2,14,3,346,true,false,12,属性0=100; 属性3=60; 属性81=300; 属性55=240; 属性64=240,315,1041,3,1,4,true,"0, 1, 5, 6",2,300,0,0,-1,-1,0,"0, 0, 0, 0",0,"0, 0, 0, 0","0, 0, 0, 0","外:0, 内:0","外:0, 内:0","外:0, 内:0",0,0,0,0,0,0,0,0,"0, 0, 0, 0, 0, 0",6000,6,20,0,40,25,0,0,list,0,0,-1,-1,"20, 20, 1, 20, 20, 20, 20",0,"0, 0, 0, 0",false,false,"0, 0, 0, 0, 0, 0, 0, 0, 0, 0, 0, 0",0,-1,,0,10,-50,"0, 0, 0, 0",36,0,72,-1,-1,false,-1,-1,0,0,0,0,"0, 0, 0, 0",0,0,0,0,0,list2,"0, 0, 0, 0, 0, 35, 35","0, 0, 0, 0, 0, 35, 35",0,0,list3,"0, 0, 0, 0, 0",loopBonusSkillList,0,"20, 19, 29",此身法持续期间，每当运用者以「刀」类兵器击中敌人，恢复运用者的脚力,此身法持续期间，每当运用者以「刀」类兵器击中敌人，损耗敌人的脚力
203,醉卧东海,5,醉卧东海讲究虚守实发，以卧取势，运用者步若倾倒，行如飞云，醉中藏法，疏狂不羁，可谓：“地转疾风怒，天回砥柱倾，醉饮洪涛下，沧海日冥冥”。,2,身法,Invalid,2,14,5,347,true,false,13,属性0=70; 属性1=55; 属性3=50; 属性81=350; 属性55=280; 属性64=280,316,1042,3,7,5,true,"0, 1, 2, 3, 4, 5, 6",2,350,0,0,-1,-1,0,"0, 0, 0, 0",0,"0, 0, 0, 0","0, 0, 0, 0","外:0, 内:0","外:0, 内:0","外:0, 内:0",0,0,0,0,0,0,0,0,"0, 0, 0, 0, 0, 0",8000,6,15,0,30,25,0,0,list,0,0,-1,-1,"20, 20, 1, 20, 20, 20, 20",0,"0, 0, 0, 0",false,false,"0, 0, 0, 0, 0, 0, 0, 0, 0, 0, 0, 0",0,-1,,0,0,-25,"250, 250, 250, 0",36,0,36,-1,-1,false,-1,-1,15,0,0,0,"0, 0, 0, 0",0,0,0,0,0,list2,"0, 0, 0, 0, 0, 70, 70","0, 0, 0, 0, 0, 0, 0",0,35,list3,"0, 0, 0, 0, 0",loopBonusSkillList,0,"20, 17",此身法持续期间，运用者施展「摧破」功法会消耗运用者所有的提气、架势，但功法的威力也会根据超出施展要求的提气、架势比例提高，如果运用者醉酒，威力提高的效果加倍,此身法持续期间，运用者可以在提气、架势仅达到施展要求一半的情况下施展「摧破」功法，但功法的威力会根据缺少的提气、架势比例降低，如果运用者醉酒，威力降低的效果减半
204,狸窜术,0,狸窜术乃是一门在实战中所悟出的脱身之术，使用时需一跃而起，发足狂奔，左冲右突，不稍回顾。,2,身法,Invalid,1,15,4,348,true,false,9,属性0=25; 属性1=75; 属性81=100; 属性59=80; 属性65=80,317,1043,1,8,0,false,"3, 4, 5, 6",1,100,0,0,-1,-1,0,"0, 0, 0, 0",0,"0, 0, 0, 0","0, 0, 0, 0","外:0, 内:0","外:0, 内:0","外:0, 内:0",0,0,0,0,0,0,0,0,"0, 0, 0, 0, 0, 0",4000,6,25,0,0,25,0,0,list,0,0,-1,-1,"20, 20, 1, 20, 20, 20, 20",0,"0, 0, 0, 0",false,false,"0, 0, 0, 0, 0, 0, 0, 0, 0, 0, 0, 0",0,-1,,20,0,0,"0, 0, 0, 0",72,0,2800,10,6000,false,0,-1,3,0,0,0,"0, 0, 0, 0",0,0,0,0,0,list2,"0, 0, 0, 0, 0, 20, 20","0, 0, 0, 0, 0, 0, 0",0,0,list3,"0, 0, 0, 0, 0",loopBonusSkillList,0,"20, 19, 17, 29",以此身法前进时，运用者需积蓄力量一次性移动1距离，如果运用者在积蓄力量前，受到过越多次的攻击，运用者积蓄力量的速度就越快,以此身法后退时，运用者需积蓄力量一次性移动1距离，如果运用者在积蓄力量前，受到过越多次的攻击，运用者积蓄力量的速度就越快
205,坟头遁,1,“破坟挖土知生穴，借地而遁逃死劫”。坟头遁易学难精，运用之时，需气运全身，四体并用，以脚扬沙，以手掘地。,2,身法,Invalid,1,15,4,349,true,false,10,属性0=35; 属性1=50; 属性3=30; 属性81=150; 属性59=120; 属性65=120,318,1044,1,8,1,false,"3, 4, 5, 6",1,150,0,0,-1,-1,0,"0, 0, 0, 0",0,"0, 0, 0, 0","0, 0, 0, 0","外:0, 内:0","外:0, 内:0","外:0, 内:0",0,0,0,0,0,0,0,0,"0, 0, 0, 0, 0, 0",8000,6,15,0,30,25,0,0,list,0,0,-1,-1,"20, 20, 1, 20, 20, 20, 20",0,"0, 0, 0, 0",false,false,"0, 0, 0, 0, 0, 0, 0, 0, 0, 0, 0, 0",0,-1,,50,0,-50,"0, 0, 0, 0",36,0,72,-1,-1,false,-1,-1,2,0,0,0,"0, 0, 0, 0",0,0,0,0,0,list2,"0, 0, 0, 0, 0, 20, 20","0, 0, 0, 0, 0, 0, 0",20,0,list3,"0, 0, 0, 0, 0",loopBonusSkillList,0,"19, 17, 29",此身法持续期间，每当运用者以「毒砂」类兵器击中敌人，恢复运用者的脚力,此身法持续期间，每当运用者以「毒砂」类兵器击中敌人，损耗敌人的脚力
206,游魂诡步,2,所谓：“精气为物，游魂为变”。游魂诡步阴森诡谲，难以预测，运用者四体冰凉，面色苍白，动则阴风四起，恍如夜间鬼影、白日游魂。,2,身法,Invalid,1,15,4,350,true,false,11,属性1=100; 属性5=30; 属性81=200; 属性59=160; 属性65=160,319,1045,2,8,2,false,"1, 5, 6",1,200,0,0,-1,-1,0,"0, 0, 0, 0",0,"0, 0, 0, 0","0, 0, 0, 0","外:0, 内:0","外:0, 内:0","外:0, 内:0",0,0,0,0,0,0,0,0,"0, 0, 0, 0, 0, 0",6000,6,10,0,50,25,0,0,list,0,0,-1,-1,"20, 20, 1, 20, 20, 20, 20",0,"0, 0, 0, 0",false,false,"0, 0, 0, 0, 0, 0, 0, 0, 0, 0, 0, 0",0,-1,,0,0,-25,"0, 0, 300, 0",36,0,36,-1,-1,false,-1,-1,0,0,0,0,"0, 0, 0, 0",0,0,0,0,0,list2,"0, 0, 0, 0, 0, 15, 15","0, 0, 0, 0, 0, 15, 15",0,15,list3,"0, 0, 0, 0, 0",loopBonusSkillList,0,"20, 19",运用者以此身法施展的腿法的迅疾大幅提高,运用者以此身法施展的腿法除迅疾外的其它命中占比大幅降低并转移到迅疾
207,鬼犼入地震天法,3,犼之为物，地之精魂也。施展鬼犼入地震天法时，需先以手足插地，取气力于地底，而后旋身跃起发搅天捣地之力，令人难以抵御。,2,身法,Invalid,2,15,4,351,true,false,12,属性0=45; 属性1=55; 属性3=45; 属性81=250; 属性59=200; 属性65=200,320,1046,2,2,3,false,"1, 5, 6",2,250,0,0,-1,-1,0,"0, 0, 0, 0",0,"0, 0, 0, 0","0, 0, 0, 0","外:0, 内:0","外:0, 内:0","外:0, 内:0",0,0,0,0,0,0,0,0,"0, 0, 0, 0, 0, 0",8000,6,15,0,30,25,0,0,list,0,0,-1,-1,"20, 20, 1, 20, 20, 20, 20",0,"0, 0, 0, 0",false,false,"0, 0, 0, 0, 0, 0, 0, 0, 0, 0, 0, 0",0,-1,,0,0,-25,"400, 0, 400, 0",36,0,36,-1,-1,false,-1,-1,2,0,0,0,"0, 0, 0, 0",0,0,0,0,0,list2,"0, 0, 0, 0, 0, 50, 50","0, 0, 0, 0, 0, 0, 0",0,0,list3,"0, 0, 0, 0, 0",loopBonusSkillList,0,"20, 19, 17",运用者以此身法施展的腿法对敌人造成的直接外伤提高30%,运用者以此身法施展的腿法对敌人造成的直接内伤提高30%
208,飞尸大傩舞,4,飞尸大傩舞本为祭犼之舞，舞蹈者若痴若狂，不似生人，心无恐怖，亦无知觉，更可不循常理而动，故能发出怪力。,2,身法,Invalid,2,15,4,352,true,false,13,属性0=50; 属性1=110; 属性81=300; 属性59=240; 属性65=240,321,1047,3,3,4,false,2,2,300,0,0,-1,-1,0,"0, 0, 0, 0",0,"0, 0, 0, 0","0, 0, 0, 0","外:0, 内:0","外:0, 内:0","外:0, 内:0",0,0,0,0,0,0,0,0,"0, 0, 0, 0, 0, 0",6000,6,20,0,70,25,0,0,list,0,0,-1,-1,"20, 20, 1, 20, 20, 20, 20",0,"0, 0, 0, 0",false,false,"0, 0, 0, 0, 0, 0, 0, 0, 0, 0, 0, 0",0,-1,,80,0,-50,"0, 0, 0, 0",36,0,72,-1,-1,false,-1,-1,0,0,0,0,"0, 0, 0, 0",0,0,0,0,0,list2,"0, 0, 0, 0, 0, 25, 25","0, 0, 0, 0, 0, 25, 25",0,25,list3,"0, 0, 0, 0, 0",loopBonusSkillList,0,"20, 19, 29",运用者以此身法对敌人施展腿法造成的直接外伤无法被任何效果降低，且腿法发挥十成威力时，恢复运用者的脚力,运用者以此身法对敌人施展腿法造成的直接内伤无法被任何效果降低，且腿法发挥十成威力时，恢复运用者的脚力
209,卧虎功,0,卧虎功乃少林派之外壮法门，修习者需躯干凌空，手足撑地，形如伏虎，或屈或伸，乃至气涌力生，五体藏劲，纵被刀兵加身亦可轻松抵御。,4,绝技,Invalid,1,1,0,353,true,false,15,属性2=50; 属性3=50; 属性82=100; 属性63=100,107,833,1,2,0,false,"0, 1, 3, 4, 5, 6",1,100,0,0,-1,-1,0,"0, 0, 0, 0",0,"0, 0, 0, 0","0, 0, 0, 0","外:0, 内:0","外:0, 内:0","外:0, 内:0",0,0,0,0,0,0,0,0,"0, 0, 0, 0, 0, 0",0,list3,0,0,0,25,0,0,list,0,0,-1,-1,"20, 20, 1, 20, 20, 20, 20",0,"0, 0, 0, 0",false,false,"0, 0, 0, 0, 0, 0, 0, 0, 0, 0, 0, 0",0,-1,,0,0,0,"0, 0, 0, 0",36,0,36,-1,-1,false,-1,-1,-1,0,0,0,"0, 0, 0, 0",0,0,0,0,0,属性12=60,"30, 30, 10, 0, 0, 0, 0","0, 0, 0, 0, 0, 0, 0",0,0,list3,"0, 0, 0, 0, 0",loopBonusSkillList,0,"20, 19, 17, 30, 31, 32",当运用者的「护体」真气高于敌人的「护体」真气时，敌人对运用者造成的所有直接伤害降低15%,当运用者的「护体」真气高于敌人「护体」真气的两倍时，运用者对敌人造成的所有直接伤害就提高15%
210,沾衣十八跌,1,沾衣十八跌乃擒拿摔打之术，因其大成者可乘势借力，连消带打，于一转肘、一落膝之间令来敌沾衣便跌、一掼便倒，故而得名。,3,绝技,Invalid,1,1,5,354,true,false,16,属性1=40; 属性2=75; 属性82=150; 属性63=150,108,834,1,8,1,false,"0, 1, 3, 4, 5, 6",1,150,0,0,-1,-1,0,"0, 0, 0, 0",0,"0, 0, 0, 0","0, 0, 0, 0","外:0, 内:0","外:0, 内:0","外:0, 内:0",0,0,0,0,0,0,0,0,"0, 0, 0, 0, 0, 0",3000,list3,0,40,30,25,0,0,list,0,0,-1,-1,"20, 20, 1, 20, 20, 20, 20",0,"0, 0, 0, 0",false,false,"0, 0, 0, 0, 0, 0, 0, 0, 0, 0, 0, 0",0,-1,,0,0,0,"0, 0, 0, 0",36,0,36,-1,-1,false,-1,-1,-1,0,0,0,"0, 150, 150, 0",100,0,0,600,0,list2,"20, 20, 0, 15, 15, 0, 0","20, 20, 0, 15, 15, 0, 0",0,0,list3,"0, 0, 0, 0, 0",loopBonusSkillList,0,"20, 19, 29, 31",以此功法进行防御时，每当运用者成功对敌人的兵器攻击进行反击，为运用者施加一个提高卸力、拆招、闪避的增益状态,以此功法进行防御时，每当运用者成功对敌人的兵器攻击进行反击，向敌人施加一个降低卸力、拆招、闪避的损害状态
211,千斤坠,2,千斤坠之要，在于腰腹发力、气劲下沉，运使此功者，可使身形不动，双足不移，如同千斤巨石，难以撼动。,3,绝技,Invalid,1,1,0,355,true,false,17,属性0=75; 属性2=55; 属性82=200; 属性63=200,109,835,2,2,2,false,1,1,200,0,0,-1,-1,0,"0, 0, 0, 0",0,"0, 0, 0, 0","0, 0, 0, 0","外:0, 内:0","外:0, 内:0","外:0, 内:0",0,0,0,0,0,0,0,0,"0, 0, 0, 0, 0, 0",4500,list3,0,35,0,25,0,0,list,0,0,-1,-1,"20, 20, 1, 20, 20, 20, 20",0,"0, 0, 0, 0",false,false,"0, 0, 0, 0, 0, 0, 0, 0, 0, 0, 0, 0",0,-1,,0,0,0,"0, 0, 0, 0",36,0,36,-1,-1,false,-1,-1,-1,0,0,0,"300, 0, 0, 0",0,0,0,300,0,list2,"0, 25, 0, 0, 0, 20, 20","0, 25, 0, 0, 0, 20, 20",0,0,list3,"0, 0, 0, 0, 0",loopBonusSkillList,0,"20, 19, 29, 30, 31",以此功法进行防御时，运用者不会因为任何原因而被动向后移动；试图让运用者被动向后移动的敌人会被消除部分提气、架势,以此功法进行防御时，运用者不会因为任何原因而被动向前移动；试图让运用者被动向前移动的敌人会被消除部分提气、架势
212,遍体铜人法,3,修习遍体铜人法，需将真气灌注于四肢百骸之中，再经历千百次硬物击打，方能使肉身坚如铜铸，势不可穿。,4,绝技,Invalid,2,1,0,356,true,false,18,属性0=35; 属性2=60; 属性3=50; 属性82=250; 属性63=250,110,836,2,2,3,false,"0, 1, 2, 3, 4, 5, 6",2,250,0,0,-1,-1,0,"0, 0, 0, 0",0,"0, 0, 0, 0","0, 0, 0, 0","外:0, 内:0","外:0, 内:0","外:0, 内:0",0,0,0,0,0,0,0,0,"0, 0, 0, 0, 0, 0",0,list3,0,0,0,25,0,0,list,0,0,-1,-1,"20, 20, 1, 20, 20, 20, 20",0,"0, 0, 0, 0",false,false,"0, 0, 0, 0, 0, 0, 0, 0, 0, 0, 0, 0",0,-1,,0,0,0,"0, 0, 0, 0",36,0,36,-1,-1,false,-1,-1,-1,0,0,0,"0, 0, 0, 0",0,0,0,0,0,属性16=90,"50, 50, 30, 30, 30, 30, 30","0, 0, 0, 0, 0, 0, 0",0,0,list3,"0, 0, 0, 0, 0",loopBonusSkillList,0,"20, 19, 17, 30, 31, 32",当运用者未受伤的部位受到敌人的直接外伤标记时，标记数量减少为1,当运用者未受伤的部位受到敌人的直接内伤时，标记数量减少为1
213,金钟罩,4,金钟罩之法讲究“蓄气藏力，守形如一”，虽修习时极为艰难，却能消除周身死穴，令功成者的筋骨、血肉如同金钟一般坚实稳固。,3,绝技,Invalid,2,1,0,357,true,false,19,属性2=65; 属性3=95; 属性82=300; 属性63=300,111,837,3,2,4,false,"0, 1",2,300,0,0,-1,-1,0,"0, 0, 0, 0",0,"0, 0, 0, 0","0, 0, 0, 0","外:0, 内:0","外:0, 内:0","外:0, 内:0",0,0,0,0,0,0,0,0,"0, 0, 0, 0, 0, 0",6000,list3,0,45,30,25,0,0,list,0,0,-1,-1,"20, 20, 1, 20, 20, 20, 20",0,"0, 0, 0, 0",false,false,"0, 0, 0, 0, 0, 0, 0, 0, 0, 0, 0, 0",0,-1,,0,0,0,"0, 0, 0, 0",36,0,36,-1,-1,false,-1,-1,-1,0,150,150,"0, 0, 0, 0",0,60,60,900,50,list2,"45, 45, 25, 0, 0, 0, 0","45, 45, 25, 0, 0, 0, 0",0,0,list3,"0, 0, 0, 0, 0",loopBonusSkillList,0,"20, 19, 30, 32",以此功法进行防御时：运用者受到的所有直接伤害降低30%；每当运用者反震敌人的攻击，随机消除运用者身上的2个破绽,以此功法进行防御时：运用者受到的所有直接伤害降低30%；每当运用者反震敌人的攻击，随机使敌人身上出现2个破绽
214,小罗汉棍阵,5,小罗汉棍阵脱胎自少林十八罗汉大阵，乃护寺武僧所创，列阵者前后相续，循环无端，形如金刚宝圈，不可攻破。,4,绝技,Invalid,2,1,0,358,true,false,20,属性0=50; 属性2=70; 属性3=55; 属性82=350; 属性63=350,112,838,3,8,5,false,"0, 1, 2, 3, 4, 5, 6",2,350,0,0,-1,-1,0,"0, 0, 0, 0",0,"0, 0, 0, 0","0, 0, 0, 0","外:0, 内:0","外:0, 内:0","外:0, 内:0",0,0,0,0,0,0,0,0,"0, 0, 0, 0, 0, 0",0,list3,0,0,0,25,0,0,list,0,0,-1,-1,"20, 20, 1, 20, 20, 20, 20",0,"0, 0, 0, 0",false,false,"0, 0, 0, 0, 0, 0, 0, 0, 0, 0, 0, 0",0,-1,,0,0,0,"0, 0, 0, 0",36,0,36,-1,-1,false,-1,-1,-1,0,0,0,"0, 0, 0, 0",0,0,0,0,0,list2,"0, 0, 0, 0, 0, 0, 0","0, 0, 0, 0, 0, 0, 0",0,0,list3,"0, 0, 0, 0, 0",loopBonusSkillList,0,"20, 19, 16, 17, 29, 30, 31, 32",运用者助战的同道能够更频繁地使用「防御」指令施展护体功法为运用者抵挡敌人的攻击,运用者助战的同道在使用「防御」指令时，此指令的威力增加效果大幅提高
215,佛门狮子吼,6,“如来大法音，外道悉摧伏。譬如师子吼，百兽咸惊怖”。佛门狮子吼需以精纯内力为根基，其声如当头棒喝、惊雷轰顶，可以振聋发聩，慑伏邪异。,4,绝技,Invalid,3,1,0,359,true,false,21,属性0=115; 属性2=75; 属性82=400; 属性63=400,113,839,4,1,6,true,2,3,400,0,0,-1,-1,0,"0, 0, 0, 0",0,"0, 0, 0, 0","0, 0, 0, 0","外:0, 内:0","外:0, 内:0","外:0, 内:0",0,0,0,0,0,0,0,0,"0, 0, 0, 0, 0, 0",0,list3,0,0,60,25,0,0,list,0,0,-1,-1,"20, 20, 1, 20, 20, 20, 20",0,"0, 0, 0, 0",false,false,"0, 0, 0, 0, 0, 0, 0, 0, 0, 0, 0, 0",0,-1,,0,0,0,"0, 0, 0, 0",36,0,36,-1,-1,false,-1,-1,-1,0,0,0,"0, 0, 0, 0",0,0,0,0,0,属性10=120,"55, 55, 35, 0, 0, 0, 0","55, 55, 35, 0, 0, 0, 0",0,45,list3,"0, 0, 0, 0, 0",loopBonusSkillList,0,"20, 29, 30, 31, 32",每当运用者主动开始施展「摧破」类功法，如果敌人在运用者的攻击范围之内，消除敌人运起的身法，且运用者施展功法的过程中，敌人施展身法所需消耗的脚力加倍，敌人的移动速度、施展速度、攻击速度也会变化为最低,每当运用者主动开始施展「摧破」类功法，如果敌人在运用者的攻击范围之内，消除敌人运起的护体，且运用者施展功法的过程中，敌人施展护体所需消耗的气势加倍，敌人的步伐稳健、引气冲关、武具运用也会变化为最低
216,混元一气功,7,混元者，天地未分，造化之始也。混元一气功刚柔相成，阴阳并济，运使者可于身前凭空化出三尺气墙，将一切劲气消弭于无形。,3,绝技,Invalid,3,1,5,360,true,true,22,属性2=80; 属性4=125; 属性82=450; 属性63=450,114,840,4,0,7,true,"0, 1, 2",3,450,0,0,-1,-1,0,"0, 0, 0, 0",0,"0, 0, 0, 0","0, 0, 0, 0","外:0, 内:0","外:0, 内:0","外:0, 内:0",0,0,0,0,0,0,0,0,"0, 0, 0, 0, 0, 0",6000,list3,0,50,70,25,0,0,list,0,0,-1,-1,"20, 20, 1, 20, 20, 20, 20",0,"0, 0, 0, 0",false,false,"0, 0, 0, 0, 0, 0, 0, 0, 0, 0, 0, 0",0,-1,,0,0,0,"0, 0, 0, 0",36,0,36,-1,-1,false,-1,-1,-1,0,0,500,"0, 0, 0, 0",0,0,120,300,80,list2,"0, 0, 0, 0, 0, 0, 0","130, 130, 90, 90, 90, 90, 90",0,0,list3,"0, 0, 0, 0, 0",loopBonusSkillList,0,"20, 19, 16, 30, 32",以此功法进行防御时，将运用者一半的御气暂时变化为御体，只要运用者受到敌人攻击的部位没有出现封穴，运用者免受敌人造成的任何直接内伤与封穴,以此功法进行防御时，只要运用者受到敌人攻击的部位没有出现封穴，大幅提高此功法的内伤反震伤害
217,金刚护体神功,8,金刚护体神功乃少林七十二绝技之首，功成者心境空明，身如精金，可以无形罡气笼罩全身，无论刀斩、斧劈、枪刺、落石、车碾皆不能伤其分毫，动其分寸。,3,绝技,Invalid,3,1,0,361,true,true,23,属性2=90; 属性3=130; 属性82=500; 属性63=500,115,841,5,1,8,true,"0, 1, 2, 3, 4, 5, 6",3,500,0,0,-1,-1,0,"0, 0, 0, 0",0,"0, 0, 0, 0","0, 0, 0, 0","外:0, 内:0","外:0, 内:0","外:0, 内:0",0,0,0,0,0,0,0,0,"0, 0, 0, 0, 0, 0",6000,list3,0,50,40,25,0,0,list,0,0,-1,-1,"20, 20, 1, 20, 20, 20, 20",0,"0, 0, 0, 0",false,false,"0, 0, 0, 0, 0, 0, 0, 0, 0, 0, 0, 0",0,-1,,0,0,0,"0, 0, 0, 0",36,0,36,-1,-1,false,-1,-1,-1,0,500,0,"0, 0, 0, 0",0,120,0,300,80,list2,"160, 160, 120, 110, 110, 110, 110","0, 0, 0, 0, 0, 0, 0",0,0,list3,"0, 0, 0, 0, 0",loopBonusSkillList,0,"20, 19, 17, 30, 32",以此功法进行防御时，将运用者一半的御体暂时变化为御气，只要运用者受到敌人攻击的部位没有出现破绽，运用者免受敌人造成的任何直接外伤与破绽,以此功法进行防御时，只要运用者受到敌人攻击的部位没有出现破绽，大幅提高此功法的外伤反震伤害
218,峨眉虎步功,0,峨眉虎步功讲究“周身圆活，收放藏劲，腾翻似龙，走转如虎”，乃是借步伐之移转以调养身心、强健体魄的法门。,4,绝技,Invalid,1,2,1,362,true,false,15,属性2=45; 属性4=55; 属性82=100; 属性62=80; 属性63=80,116,842,1,0,0,true,"0, 1, 5, 6",1,100,0,0,-1,-1,0,"0, 0, 0, 0",0,"0, 0, 0, 0","0, 0, 0, 0","外:0, 内:0","外:0, 内:0","外:0, 内:0",0,0,0,0,0,0,0,0,"0, 0, 0, 0, 0, 0",0,list3,0,0,40,25,0,0,list,0,0,-1,-1,"20, 20, 1, 20, 20, 20, 20",0,"0, 0, 0, 0",false,false,"0, 0, 0, 0, 0, 0, 0, 0, 0, 0, 0, 0",0,-1,,0,0,0,"0, 0, 0, 0",36,0,36,-1,-1,false,-1,-1,-1,0,0,0,"0, 0, 0, 0",0,0,0,0,0,属性20=20,"15, 15, 5, 0, 0, 0, 0","15, 15, 5, 0, 0, 0, 0",0,0,list3,"0, 0, 0, 0, 0",loopBonusSkillList,0,"20, 19, 29, 30, 31, 32",当运用者的「轻灵」真气高于敌人的「轻灵」真气时，敌人对运用者造成的所有直接伤害降低15%,当运用者的「轻灵」真气高于敌人「轻灵」真气的两倍时，运用者对敌人造成的所有直接伤害提高15%
219,心无定意,1,心无定意之法讲究“随意成招，随手成式”，相传修习者若能达到“心无挂碍，意无所执”的境界，更可臻至无招胜有招的境地。,4,绝技,Invalid,1,2,5,363,true,false,16,属性1=50; 属性5=65; 属性82=150; 属性62=120; 属性63=120,117,843,1,3,1,true,2,1,150,0,0,-1,-1,0,"0, 0, 0, 0",0,"0, 0, 0, 0","0, 0, 0, 0","外:0, 内:0","外:0, 内:0","外:0, 内:0",0,0,0,0,0,0,0,0,"0, 0, 0, 0, 0, 0",0,list3,0,0,100,25,0,0,list,0,0,-1,-1,"20, 20, 1, 20, 20, 20, 20",0,"0, 0, 0, 0",false,false,"0, 0, 0, 0, 0, 0, 0, 0, 0, 0, 0, 0",0,-1,,0,0,0,"0, 0, 0, 0",36,0,36,-1,-1,false,-1,-1,-1,0,0,0,"0, 0, 0, 0",0,0,0,0,0,属性8=60,"0, 0, 0, 0, 0, 0, 0","30, 30, 10, 0, 0, 0, 0",0,10,list3,"0, 0, 0, 0, 0",loopBonusSkillList,0,"20, 16, 29, 30, 31",每当运用者获得任意可用的式时，一定几率使运用者再获得1个相同的式,每当运用者失去任意可用的式时，一定几率使运用者少失去1个式
220,五花八门,2,五花八门，变化多端，兼容并蓄，博收广采，此法本是峨眉祖师为总合各门各派功法之精华所创，内容庞杂繁多，常人难以尽习。,4,绝技,Invalid,1,2,1,364,true,false,17,属性1=55; 属性5=75; 属性82=200; 属性62=160; 属性63=160,118,844,2,8,2,false,"0, 1, 2, 3, 4, 5, 6",1,200,0,0,-1,-1,0,"0, 0, 0, 0",0,"0, 0, 0, 0","0, 0, 0, 0","外:0, 内:0","外:0, 内:0","外:0, 内:0",0,0,0,0,0,0,0,0,"0, 0, 0, 0, 0, 0",0,list3,0,0,40,25,0,0,list,0,0,-1,-1,"20, 20, 1, 20, 20, 20, 20",0,"0, 0, 0, 0",false,false,"0, 0, 0, 0, 0, 0, 0, 0, 0, 0, 0, 0",0,-1,,0,0,0,"0, 0, 0, 0",36,0,36,-1,-1,false,-1,-1,-1,0,0,0,"0, 0, 0, 0",0,0,0,0,0,属性14=60,"25, 25, 15, 0, 0, 0, 0","25, 25, 15, 0, 0, 0, 0",0,0,list3,"0, 0, 0, 0, 0",loopBonusSkillList,0,"20, 19, 29, 30, 31",当运用者拥有3个或更多不同类型的可用的式时，运用者的力道、精妙、迅疾、动心就会提高,当运用者拥有3个或更多不同类型的可用的式时，运用者的卸力、拆招、闪避、守心就会提高
221,尽无骨,3,尽无骨之法首重身姿舒展，应变灵活，功成者柔若无骨，动如妙舞，于是千般变化皆在我手，十方来敌皆可应对。,3,绝技,Invalid,2,2,1,365,true,false,18,属性1=60; 属性2=50; 属性4=35; 属性82=250; 属性62=200; 属性63=200,119,845,2,2,3,false,"0, 1, 3, 4, 5, 6",2,250,0,0,-1,-1,0,"0, 0, 0, 0",0,"0, 0, 0, 0","0, 0, 0, 0","外:0, 内:0","外:0, 内:0","外:0, 内:0",0,0,0,0,0,0,0,0,"0, 0, 0, 0, 0, 0",3000,list3,0,40,40,25,0,0,list,0,0,-1,-1,"20, 20, 1, 20, 20, 20, 20",0,"0, 0, 0, 0",false,false,"0, 0, 0, 0, 0, 0, 0, 0, 0, 0, 0, 0",0,-1,,0,0,0,"0, 0, 0, 0",36,0,36,-1,-1,false,-1,-1,-1,0,0,0,"0, 0, 500, 0",0,0,0,300,0,list2,"25, 25, 15, 0, 0, 0, 0","25, 25, 15, 0, 0, 0, 0",35,0,list3,"0, 0, 0, 0, 0",loopBonusSkillList,0,"19, 29, 30, 31",以此功法进行防御时，每当运用者将敌人的攻击闪避，运用者获得2个随机可用的式,以此功法进行防御时，每当运用者将敌人的攻击闪避，敌人失去2个随机可用的式
222,清静归一,4,“清静者，德之至也；无形者，一之谓也”。清静归一之法，无为无功，不与万物相争，故一切气力莫能施于其上。,4,绝技,Invalid,2,2,5,366,true,false,19,属性2=55; 属性4=55; 属性5=50; 属性82=300; 属性62=240; 属性63=240,120,846,3,3,4,true,2,2,300,0,0,-1,-1,0,"0, 0, 0, 0",0,"0, 0, 0, 0","0, 0, 0, 0","外:0, 内:0","外:0, 内:0","外:0, 内:0",0,0,0,0,0,0,0,0,"0, 0, 0, 0, 0, 0",0,list3,0,0,100,25,0,0,list,0,0,-1,-1,"20, 20, 1, 20, 20, 20, 20",0,"0, 0, 0, 0",false,false,"0, 0, 0, 0, 0, 0, 0, 0, 0, 0, 0, 0",0,-1,,0,0,0,"0, 0, 0, 0",36,0,36,-1,-1,false,-1,-1,-1,0,0,0,"0, 0, 0, 0",0,0,0,0,0,属性19=30,"0, 0, 0, 0, 0, 0, 0","70, 70, 40, 0, 0, 0, 0",0,25,list3,"0, 0, 0, 0, 0",loopBonusSkillList,0,"20, 16, 29, 30, 31, 32",每当运用者化解敌人非追击的攻击，敌人的架势就会减少，且运用者获得1个随机可用的式,每当运用者化解敌人非追击的攻击，敌人的提气就会减少，且运用者获得1个随机可用的式
223,四象莲华阵,5,四象莲华阵取象于莲，深微精妙，结阵者分立四方，真气相连，杂念可除，诸漏可尽，宛如莲花一般体性清净，不为垢染。,4,绝技,Invalid,2,2,1,367,true,false,20,属性1=70; 属性2=60; 属性4=45; 属性82=350; 属性62=280; 属性63=280,121,847,3,7,5,false,"0, 1, 2, 3, 4, 5, 6",2,350,0,0,-1,-1,0,"0, 0, 0, 0",0,"0, 0, 0, 0","0, 0, 0, 0","外:0, 内:0","外:0, 内:0","外:0, 内:0",0,0,0,0,0,0,0,0,"0, 0, 0, 0, 0, 0",0,list3,0,0,60,25,0,0,list,0,0,-1,-1,"20, 20, 1, 20, 20, 20, 20",0,"0, 0, 0, 0",false,false,"0, 0, 0, 0, 0, 0, 0, 0, 0, 0, 0, 0",0,-1,,0,0,0,"0, 0, 0, 0",36,0,36,-1,-1,false,-1,-1,-1,0,0,0,"0, 0, 0, 0",0,0,0,0,0,list2,"0, 0, 0, 0, 0, 0, 0","0, 0, 0, 0, 0, 0, 0",0,0,list3,"0, 0, 0, 0, 0",loopBonusSkillList,0,"20, 19, 16, 17, 29, 30, 31, 32",运用者助战的同道能够更频繁地使用「疗伤」、「驱毒」指令为运用者疗伤驱毒,运用者助战的同道在使用「疗伤」、「驱毒」指令时，能够为运用者治疗更多伤势标记、驱除更多毒素
224,杨仙公金身法,6,“杨仙公者，世人莫知其年寿，能入山与虎豹搏戏，致驯服而去”。相传此法能借杨仙公之威能，运功者可搏噬于波涛之中，登凌于险山之上，身坚不摧，莫能毁损。,3,绝技,Invalid,3,2,1,368,true,true,21,属性2=65; 属性4=65; 属性5=60; 属性82=400; 属性62=320; 属性63=320,122,848,4,0,6,true,"0, 1",3,400,0,0,-1,-1,0,"0, 0, 0, 0",0,"0, 0, 0, 0","0, 0, 0, 0","外:0, 内:0","外:0, 内:0","外:0, 内:0",0,0,0,0,0,0,0,0,"0, 0, 0, 0, 0, 0",4500,list3,0,50,60,25,0,0,list,0,0,-1,-1,"20, 20, 1, 20, 20, 20, 20",0,"0, 0, 0, 0",false,false,"0, 0, 0, 0, 0, 0, 0, 0, 0, 0, 0, 0",0,-1,,0,0,0,"0, 0, 0, 0",36,0,36,-1,-1,false,-1,-1,-1,0,300,300,"0, 0, 0, 0",0,80,80,600,60,list2,"55, 55, 35, 0, 0, 0, 0","55, 55, 35, 0, 0, 0, 0",65,0,list3,"0, 0, 0, 0, 0",loopBonusSkillList,0,"19, 30, 32",以此功法进行防御时，运用者可用的蓄式越多，敌人对运用者造成的直接伤害就越低,以此功法进行防御时，运用者可用的蓄式越多，运用者对敌人造成的反震伤害就越高
225,七星横链,7,“北斗七星在太微北，七政之枢机，阴阳之元本也”。相传七星亦为七魄之应，七星横链则天机之已至，七魄相通则运命之已成。,4,绝技,Invalid,3,2,1,369,true,true,22,属性2=70; 属性4=70; 属性5=65; 属性82=450; 属性62=360; 属性63=360,123,849,4,1,7,true,2,3,450,0,0,-1,-1,0,"0, 0, 0, 0",0,"0, 0, 0, 0","0, 0, 0, 0","外:0, 内:0","外:0, 内:0","外:0, 内:0",0,0,0,0,0,0,0,0,"0, 0, 0, 0, 0, 0",0,list3,0,0,100,25,0,0,list,0,0,-1,-1,"20, 20, 1, 20, 20, 20, 20",0,"0, 0, 0, 0",false,false,"0, 0, 0, 0, 0, 0, 0, 0, 0, 0, 0, 0",0,-1,,0,0,0,"0, 0, 0, 0",36,0,36,-1,-1,false,-1,-1,-1,0,0,0,"0, 0, 0, 0",0,0,0,0,0,属性26=40,"80, 80, 60, 0, 0, 0, 0","80, 80, 60, 0, 0, 0, 0",0,0,list3,"0, 0, 0, 0, 0",loopBonusSkillList,0,"20, 19, 29, 30, 31, 32",当运用者拥有7个或更多可用的式时，运用者主动施展的所有「摧破」类功法需要消耗的架势降低50%，功法的施展进度增加，且免于消耗的架势越多，功法的施展进度就额外增加越多,当运用者拥有7个或更多可用的式时，运用者主动施展的所有「摧破」类功法需要消耗的提气降低50%，功法的施展进度增加，且免于消耗的提气越多，功法的施展进度就额外增加越多
226,圣灯启悟诀,8,“灵山隐灵智，道人寻道真，正气结正果，圣贤启圣灯”。此诀得天地之灵、造化之妙，可启悟真德，抚照众生，驱除千种心魔、万般苦扰。,3,绝技,Invalid,3,2,1,370,true,true,23,属性2=75; 属性4=75; 属性5=70; 属性82=500; 属性62=400; 属性63=400,124,850,5,1,8,true,"0, 1",3,500,0,0,-1,-1,0,"0, 0, 0, 0",0,"0, 0, 0, 0","0, 0, 0, 0","外:0, 内:0","外:0, 内:0","外:0, 内:0",0,0,0,0,0,0,0,0,"0, 0, 0, 0, 0, 0",6000,list3,0,50,70,25,0,0,list,0,0,-1,-1,"20, 20, 1, 20, 20, 20, 20",0,"0, 0, 0, 0",false,false,"0, 0, 0, 0, 0, 0, 0, 0, 0, 0, 0, 0",0,-1,,0,0,0,"0, 0, 0, 0",36,0,36,-1,-1,false,-1,-1,-1,0,0,0,"300, 300, 300, 0",200,0,0,600,0,list2,"80, 80, 60, 0, 0, 0, 0","80, 80, 60, 0, 0, 0, 0",0,80,list3,"0, 0, 0, 0, 0",loopBonusSkillList,0,"20, 29, 31",以此功法进行防御时：每当运用者成功对敌人的兵器攻击进行反击，运用者获得3个随机可用的式并立即消除2个伤势标记,以此功法进行防御时：每当运用者成功对敌人的兵器攻击进行反击，运用者获得3个随机可用的式并立即消除2个妨害标记
227,三十六手易针法,0,三十六手易针法讲究“藏针于指，待时而动”，共有藏、换、闭、拿等三十六式变化，施展之时，针影、指影交连不断，令人眼花缭乱。,4,绝技,Invalid,1,3,5,371,true,false,13,属性1=35; 属性2=25; 属性5=40; 属性82=100; 属性58=100,125,851,1,8,0,false,"3, 4",1,100,0,0,-1,-1,0,"0, 0, 0, 0",0,"0, 0, 0, 0","0, 0, 0, 0","外:0, 内:0","外:0, 内:0","外:0, 内:0",0,0,0,0,0,0,0,0,"0, 0, 0, 0, 0, 0",0,list3,0,0,40,20,0,0,list,0,0,-1,-1,"20, 20, 1, 20, 20, 20, 20",0,"0, 0, 0, 0",false,false,"0, 0, 0, 0, 0, 0, 0, 0, 0, 0, 0, 0",0,-1,,0,0,0,"0, 0, 0, 0",36,0,36,-1,-1,false,-1,-1,-1,0,0,0,"0, 0, 0, 0",0,0,0,0,0,属性7=60,"15, 15, 5, 0, 0, 0, 0","15, 15, 5, 0, 0, 0, 0",0,0,list3,"0, 0, 0, 0, 0",loopBonusSkillList,0,"20, 19, 29, 31, 32",提高运用者「变招」时的力道、精妙、迅疾、动心；提高运用者的「变招」击中敌人要害的几率,降低敌人「变招」时的力道、精妙、迅疾、动心；降低敌人的「变招」击中运用者要害的几率
228,净衣辟邪,1,净衣辟邪之法，曰“洁身避害，邪浊不落”，乃是以丹田真气洁净自身，从而驱避邪祟、抵御毒害的法门。,4,绝技,Invalid,1,3,2,372,true,false,14,属性2=30; 属性4=40; 属性5=45; 属性82=150; 属性58=150,126,852,1,0,1,true,"0, 1",1,150,0,0,-1,-1,0,"0, 0, 0, 0",0,"0, 0, 0, 0","0, 0, 0, 0","外:0, 内:0","外:0, 内:0","外:0, 内:0",0,0,0,0,0,0,0,0,"0, 0, 0, 0, 0, 0",0,list3,0,0,70,20,0,0,list,0,0,-1,-1,"20, 20, 1, 20, 20, 20, 20",0,"0, 0, 0, 0",false,false,"0, 0, 0, 0, 0, 0, 0, 0, 0, 0, 0, 0",0,-1,,0,0,0,"0, 0, 0, 0",36,0,36,-1,-1,false,-1,-1,-1,0,0,0,"0, 0, 0, 0",0,0,0,0,0,属性28=20; 属性29=20; 属性31=20; 属性30=20; 属性32=20; 属性33=20,"0, 0, 0, 0, 0, 0, 0","40, 40, 20, 0, 0, 0, 0",0,0,list3,"0, 0, 0, 0, 0",loopBonusSkillList,0,"20, 19, 16, 29, 30, 31, 32",降低战斗中敌人对运用者造成的直接毒害,提高战斗中运用者毒发所需要的行为次数，使运用者更难以毒发
229,百草雀啄灸,2,取百草捻为细绒，附于针尾，再将砭针以急远急近、状若雀啄的独特手法施于人体经穴之上，使浊气遇之则消，犹如冰解，即为百草雀啄灸之法。,4,绝技,Invalid,1,3,2,373,true,false,15,属性1=40; 属性2=35; 属性5=55; 属性82=200; 属性58=200,127,853,2,8,2,false,"3, 4",1,200,0,0,-1,-1,0,"0, 0, 0, 0",0,"0, 0, 0, 0","0, 0, 0, 0","外:0, 内:0","外:0, 内:0","外:0, 内:0",0,0,0,0,0,0,0,0,"0, 0, 0, 0, 0, 0",0,list3,0,0,50,20,0,0,list,0,0,-1,-1,"20, 20, 1, 20, 20, 20, 20",0,"0, 0, 0, 0",false,false,"0, 0, 0, 0, 0, 0, 0, 0, 0, 0, 0, 0",0,-1,,0,0,0,"0, 0, 0, 0",36,0,36,-1,-1,false,-1,-1,-1,0,0,0,"0, 0, 0, 0",0,0,0,0,0,属性19=20,"25, 25, 15, 0, 0, 0, 0","25, 25, 15, 0, 0, 0, 0",0,0,list3,"0, 0, 0, 0, 0",loopBonusSkillList,0,"20, 19, 29, 30, 31, 32",每当运用者以变招击中敌人时，一定几率使运用者的1个随机部位的伤势标记减少1个,每当运用者以变招击中敌人时，一定几率随机恶化敌人的1个伤势
230,乱针错穴,3,乱针错穴乃百花谷独门用针之法，能以一针取多穴，一气冲数关，可谓乱中取正、险中有生，故非医术精湛者难以施为。,4,绝技,Invalid,2,3,5,374,true,false,16,属性1=45; 属性2=40; 属性5=60; 属性82=250; 属性58=250,128,854,2,8,3,true,"3, 4",2,250,0,0,-1,-1,0,"0, 0, 0, 0",0,"0, 0, 0, 0","0, 0, 0, 0","外:0, 内:0","外:0, 内:0","外:0, 内:0",0,0,0,0,0,0,0,0,"0, 0, 0, 0, 0, 0",0,list3,0,0,60,20,0,0,list,0,0,-1,-1,"20, 20, 1, 20, 20, 20, 20",0,"0, 0, 0, 0",false,false,"0, 0, 0, 0, 0, 0, 0, 0, 0, 0, 0, 0",0,-1,,0,0,0,"0, 0, 0, 0",36,0,36,-1,-1,false,-1,-1,-1,0,0,0,"0, 0, 0, 0",0,0,0,0,0,属性11=90,"35, 35, 20, 0, 0, 0, 0","35, 35, 20, 0, 0, 0, 0",0,0,list3,"0, 0, 0, 0, 0",loopBonusSkillList,0,"20, 19, 29, 30, 31, 32",每当运用者解开自身被封闭的穴道时，可额外再解开运用者其它随机部位上的1个穴道,每当运用者封闭敌人身上的穴道时，可额外再封闭敌人其它随机部位上的1个穴道
231,阴阳脉逆转,4,气分清浊，脉有阴阳。阴阳脉逆转之法能在短时间内令运功者气血倒流，化伤祛害，转祸害为福益，而不为气血之颠倒所伤。,3,绝技,Invalid,2,3,2,375,true,false,17,属性2=45; 属性4=45; 属性5=70; 属性82=300; 属性58=300,129,855,3,1,4,true,"0, 1, 2, 3, 4, 5, 6",2,300,0,0,-1,-1,0,"0, 0, 0, 0",0,"0, 0, 0, 0","0, 0, 0, 0","外:0, 内:0","外:0, 内:0","外:0, 内:0",0,0,0,0,0,0,0,0,"0, 0, 0, 0, 0, 0",3000,list3,0,45,100,20,0,0,list,0,0,-1,-1,"20, 20, 1, 20, 20, 20, 20",0,"0, 0, 0, 0",false,false,"0, 0, 0, 0, 0, 0, 0, 0, 0, 0, 0, 0",0,-1,,0,0,0,"0, 0, 0, 0",36,0,36,-1,-1,false,-1,-1,-1,0,0,0,"150, 150, 150, 0",150,0,0,600,0,list2,"35, 35, 20, 25, 25, 0, 0","35, 35, 20, 25, 25, 0, 0",0,0,list3,"0, 0, 0, 0, 0",loopBonusSkillList,0,"20, 19, 29, 31, 32",以此功法进行防御时，每当运用者成功对敌人的兵器攻击进行反击，将运用者的1个损害状态变化为增益状态,以此功法进行防御时，每当运用者成功对敌人的兵器攻击进行反击，将敌人的1个增益状态变化为损害状态
232,十二经大挪移,5,世间点穴截脉之法，莫不以固定的经脉流注、营卫运行之势为根基，但十二经大挪移却可在顷刻间变易穴位、转移经脉，令人难以捉摸，莫难施为。,3,绝技,Invalid,2,3,5,376,true,false,18,属性2=50; 属性4=50; 属性5=75; 属性82=350; 属性58=350,130,856,3,0,5,true,"0, 1, 2, 3, 4, 5, 6",2,350,0,0,-1,-1,0,"0, 0, 0, 0",0,"0, 0, 0, 0","0, 0, 0, 0","外:0, 内:0","外:0, 内:0","外:0, 内:0",0,0,0,0,0,0,0,0,"0, 0, 0, 0, 0, 0",4500,list3,0,45,100,20,0,0,list,0,0,-1,-1,"20, 20, 1, 20, 20, 20, 20",0,"0, 0, 0, 0",false,false,"0, 0, 0, 0, 0, 0, 0, 0, 0, 0, 0, 0",0,-1,,0,0,0,"0, 0, 0, 0",36,0,36,-1,-1,false,-1,-1,-1,0,0,0,"0, 0, 0, 0",0,0,135,300,70,list2,"0, 0, 0, 0, 0, 0, 0","110, 110, 70, 0, 0, 0, 0",0,0,list3,"0, 0, 0, 0, 0",loopBonusSkillList,0,"20, 19, 16, 29, 30, 32",以此功法进行防御时，加快运用者解开封穴的速度，敌人对运用者造成封穴时，反而会为运用者解开被封闭的穴道,以此功法进行防御时，加快运用者解开封穴的速度，敌人对运用者造成封穴时，反而会封闭敌人自身的穴道
233,生死八门,6,“以生御死入八门，八门一转阴阳分”。生死八门之法乃是依据奇经之流注、八脉之运转所创，运功者可化逆为顺、转危为安，借由气血冲乱之力疗愈伤势，从而置之死地而后生。,4,绝技,Invalid,3,3,2,377,true,true,19,属性2=55; 属性4=55; 属性5=80; 属性82=400; 属性58=400,131,857,4,1,6,true,0,3,400,0,0,-1,-1,0,"0, 0, 0, 0",0,"0, 0, 0, 0","0, 0, 0, 0","外:0, 内:0","外:0, 内:0","外:0, 内:0",0,0,0,0,0,0,0,0,"0, 0, 0, 0, 0, 0",0,list3,0,0,100,20,0,0,list,0,0,-1,-1,"20, 20, 1, 20, 20, 20, 20",0,"0, 0, 0, 0",false,false,"0, 0, 0, 0, 0, 0, 0, 0, 0, 0, 0, 0",0,-1,,0,0,0,"0, 0, 0, 0",36,0,36,-1,-1,false,-1,-1,-1,0,0,0,"0, 0, 0, 0",0,0,0,0,0,属性20=40,"55, 55, 35, 0, 0, 0, 0","55, 55, 35, 0, 0, 0, 0",65,0,list3,"0, 0, 0, 0, 0",loopBonusSkillList,0,"19, 29, 30, 31, 32",每当运用者受到敌人的直接伤势标记，随机消除运用者其它伤势标记最多的1个部位的1个伤势,每当敌人受到运用者的直接伤势标记，随机恶化敌人其它伤势标记最多的1个部位的1个伤势
234,血海凝冰术,7,血海者，血气之所源也，其穴在腹。血海凝冰术能将周身之毒引入气海之中，凝结成冰，从而护卫诸脉，使毒不妄行，害不加身。,3,绝技,Invalid,3,3,2,378,true,true,20,属性2=60; 属性4=60; 属性5=85; 属性82=450; 属性58=450,132,858,4,0,7,true,1,3,450,0,0,-1,-1,0,"0, 0, 0, 0",0,"0, 0, 0, 0","0, 0, 0, 0","外:0, 内:0","外:0, 内:0","外:0, 内:0",0,0,0,0,0,0,0,0,"0, 0, 0, 0, 0, 0",4500,list3,0,50,100,20,0,0,list,0,0,-1,-1,"20, 20, 1, 20, 20, 20, 20",0,"0, 0, 0, 0",false,false,"0, 0, 0, 0, 0, 0, 0, 0, 0, 0, 0, 0",0,-1,,0,0,0,"0, 0, 0, 0",36,0,36,-1,-1,false,-1,-1,-1,0,300,300,"0, 0, 0, 0",0,80,80,600,60,list2,"0, 0, 0, 0, 0, 0, 0","160, 160, 120, 0, 0, 0, 0",0,0,list3,"0, 0, 0, 0, 0",loopBonusSkillList,0,"20, 19, 16, 30, 32",以此功法进行防御时：运用者的烈毒、赤毒、腐毒不会发作；运用者能够反震受到的烈毒、赤毒、腐毒；此功法防御结束时，运用者受到的烈毒、赤毒、腐毒越多，就为运用者施加一个效果越强的增加御体的增益状态，随后驱除运用者在此过程中所中的所有烈毒、赤毒、腐毒,以此功法进行防御时：运用者的郁毒、寒毒、幻毒不会发作；运用者能够反震受到的郁毒、寒毒、幻毒；此功法防御结束时，运用者受到的郁毒、寒毒、幻毒越多，就为运用者施加一个效果越强的增加御气的增益状态，随后驱除运用者在此过程中所中的所有郁毒、寒毒、幻毒
235,完璧不破法,8,“五脏之道，以行血气，五气不和，百病乃生”。完璧不破之法能合五血为一血，化五气为一气，此消则彼助，此缺则彼补，浑浑然如一汪洋，无缺无漏，无欠无余。,3,绝技,Invalid,3,3,2,379,true,true,21,属性2=65; 属性4=65; 属性5=90; 属性82=500; 属性58=500,133,859,5,1,8,true,"0, 1, 2, 3, 4, 5, 6",3,500,0,0,-1,-1,0,"0, 0, 0, 0",0,"0, 0, 0, 0","0, 0, 0, 0","外:0, 内:0","外:0, 内:0","外:0, 内:0",0,0,0,0,0,0,0,0,"0, 0, 0, 0, 0, 0",6000,list3,0,45,100,20,0,0,list,0,0,-1,-1,"20, 20, 1, 20, 20, 20, 20",0,"0, 0, 0, 0",false,false,"0, 0, 0, 0, 0, 0, 0, 0, 0, 0, 0, 0",0,-1,,0,0,0,"0, 0, 0, 0",36,0,36,-1,-1,false,-1,-1,-1,0,400,400,"0, 0, 0, 0",0,0,0,600,0,list2,"0, 0, 0, 0, 0, 0, 0","160, 160, 120, 110, 110, 110, 110",0,0,list3,"0, 0, 0, 0, 0",loopBonusSkillList,0,"20, 19, 16, 30, 31, 32",以此功法进行防御时，如果敌人对运用者造成的直接伤势标记的数量不低于运用者被攻击的部位上现有的伤势标记数量，此伤害无效,以此功法进行防御时，如果敌人对运用者造成的直接伤势标记的数量不高于运用者被攻击的部位上现有的伤势标记数量，此伤害无效
236,武当铁布衫,0,武当铁布衫内外兼修，阴阳相得，既有导引吐纳之术，亦有横练外壮之功，讲究意守丹田，随势脱化，化柔为刚，转刚为柔。,3,绝技,Invalid,1,4,3,380,true,false,16,属性2=35; 属性3=25; 属性4=40; 属性82=100; 属性62=100,134,860,1,0,0,true,"0, 1",1,100,0,0,-1,-1,0,"0, 0, 0, 0",0,"0, 0, 0, 0","0, 0, 0, 0","外:0, 内:0","外:0, 内:0","外:0, 内:0",0,0,0,0,0,0,0,0,"0, 0, 0, 0, 0, 0",3000,list3,0,40,50,20,0,0,list,0,0,-1,-1,"20, 20, 1, 20, 20, 20, 20",0,"0, 0, 0, 0",false,false,"0, 0, 0, 0, 0, 0, 0, 0, 0, 0, 0, 0",0,-1,,0,0,0,"0, 0, 0, 0",36,0,36,-1,-1,false,-1,-1,-1,0,100,100,"0, 0, 0, 0",0,40,40,600,60,list2,"15, 15, 5, 0, 0, 0, 0","15, 15, 5, 0, 0, 0, 0",0,0,list3,"0, 0, 0, 0, 0",loopBonusSkillList,0,"20, 19, 30, 32",以此功法进行防御时：运用者受到的所有直接伤害降低15%；运用者以自身御体与御气的平均值抵挡敌人的攻击,以此功法进行防御时：运用者受到的所有直接伤害降低15%；运用者以敌人的破体与破气的平均值抵挡敌人的攻击
237,三才剑阵,1,天、地、人，谓之三才。三才剑阵形如“品”字，暗合《易经》三生万物之理，守阵者需循位而动，随机而发，前后策应，互为犄角。,4,绝技,Invalid,1,4,5,381,true,false,17,属性1=60; 属性2=55; 属性82=150; 属性62=150,135,861,1,7,1,false,"0, 1, 2, 3, 4, 5, 6",1,150,0,0,-1,-1,0,"0, 0, 0, 0",0,"0, 0, 0, 0","0, 0, 0, 0","外:0, 内:0","外:0, 内:0","外:0, 内:0",0,0,0,0,0,0,0,0,"0, 0, 0, 0, 0, 0",0,list3,0,0,50,20,0,0,list,0,0,-1,-1,"20, 20, 1, 20, 20, 20, 20",0,"0, 0, 0, 0",false,false,"0, 0, 0, 0, 0, 0, 0, 0, 0, 0, 0, 0",0,-1,,0,0,0,"0, 0, 0, 0",36,0,36,-1,-1,false,-1,-1,-1,0,0,0,"0, 0, 0, 0",0,0,0,0,0,list2,"0, 0, 0, 0, 0, 0, 0","0, 0, 0, 0, 0, 0, 0",0,0,list3,"0, 0, 0, 0, 0",loopBonusSkillList,0,"20, 19, 16, 17, 29, 30, 31, 32",运用者助战的同道能够更频繁地使用「还护」、「解穴」指令为运用者消除破绽与解开封穴,运用者助战的同道在使用「还护」、「解穴」指令时，能够为运用者消除更多的破绽与解开更多的封穴
238,云床九练,2,所谓：“静中行火候，定里结还丹”。云床九练以精神为药，静定为火，乃是在睡眠之中使人凝神净虑、专气致柔的道家功法。,3,绝技,Invalid,1,4,5,382,true,false,18,属性2=60; 属性4=70; 属性82=200; 属性62=200,136,862,2,0,2,true,"0, 1, 2, 3, 4, 5, 6",1,200,0,0,-1,-1,0,"0, 0, 0, 0",0,"0, 0, 0, 0","0, 0, 0, 0","外:0, 内:0","外:0, 内:0","外:0, 内:0",0,0,0,0,0,0,0,0,"0, 0, 0, 0, 0, 0",4500,list3,0,40,60,20,0,0,list,0,0,-1,-1,"20, 20, 1, 20, 20, 20, 20",0,"0, 0, 0, 0",false,false,"0, 0, 0, 0, 0, 0, 0, 0, 0, 0, 0, 0",0,-1,,0,0,0,"0, 0, 0, 0",36,0,36,-1,-1,false,-1,-1,-1,0,0,0,"150, 150, 0, 0",100,0,0,600,0,list2,"0, 0, 0, 0, 0, 0, 0","40, 40, 20, 20, 20, 20, 20",0,0,list3,"0, 0, 0, 0, 0",loopBonusSkillList,0,"20, 19, 16, 29, 31",以此功法进行防御时，每当运用者成功对敌人的兵器攻击进行反击，为运用者施加一个提高步伐稳健的增益状态,以此功法进行防御时，每当运用者成功对敌人的兵器攻击进行反击，为运用者施加一个提高引气冲关的增益状态
239,阴阳周天法,3,心神一静一动，谓之阴阳；精气循环往复，谓之周天。所谓：“周天一通，百病不生”。阴阳周天法可导引真气，疏通气血，乃内家观想之基要。,4,绝技,Invalid,2,4,3,383,true,false,19,属性2=65; 属性4=80; 属性82=250; 属性62=250,137,863,2,0,3,true,"0, 1, 2, 3, 4, 5, 6",2,250,0,0,-1,-1,0,"0, 0, 0, 0",0,"0, 0, 0, 0","0, 0, 0, 0","外:0, 内:0","外:0, 内:0","外:0, 内:0",0,0,0,0,0,0,0,0,"0, 0, 0, 0, 0, 0",0,list3,0,0,100,20,0,0,list,0,0,-1,-1,"20, 20, 1, 20, 20, 20, 20",0,"0, 0, 0, 0",false,false,"0, 0, 0, 0, 0, 0, 0, 0, 0, 0, 0, 0",0,-1,,0,0,0,"0, 0, 0, 0",36,0,36,-1,-1,false,-1,-1,-1,0,0,0,"0, 0, 0, 0",0,0,0,0,0,属性17=90,"0, 0, 0, 0, 0, 0, 0","70, 70, 40, 0, 0, 0, 0",0,0,list3,"0, 0, 0, 0, 0",loopBonusSkillList,0,"20, 19, 16, 30, 31, 32",如果敌人的内息紊乱高于运用者，根据此功法的内功比例，提高敌人所有功法的内功比例；每当运用者施展的「摧破」功法发挥十成威力，减少运用者的新增紊乱,如果敌人的内息紊乱高于运用者，根据此功法的外功比例，提高敌人所有功法的外功比例；每当运用者施展的「摧破」功法发挥十成威力，增加敌人的内息紊乱
240,五气朝元功,4,五气朝元功乃道家修炼人身五气，成就内丹之法。运功者不视、不听、不言、不闻、不动，以致元神内守、心不逐物，化五气为一，七返九还，而成玉液还丹。,3,绝技,Invalid,2,4,5,384,true,false,20,属性2=70; 属性4=90; 属性82=300; 属性62=300,138,864,3,0,4,true,2,2,300,0,0,-1,-1,0,"0, 0, 0, 0",0,"0, 0, 0, 0","0, 0, 0, 0","外:0, 内:0","外:0, 内:0","外:0, 内:0",0,0,0,0,0,0,0,0,"0, 0, 0, 0, 0, 0",6000,,0,40,100,20,0,0,,0,0,-1,-1,"20, 20, 1, 20, 20, 20, 20",0,"0, 0, 0, 0",false,false,"0, 0, 0, 0, 0, 0, 0, 0, 0, 0, 0, 0",0,-1,,0,0,0,"0, 0, 0, 0",36,0,36,-1,-1,false,-1,-1,-1,0,0,0,"0, 0, 0, 400",0,0,0,300,0,,"0, 0, 0, 0, 0, 0, 0","90, 90, 50, 0, 0, 0, 0",0,0,,"0, 0, 0, 0, 0",,0,"20, 19, 16, 29, 30, 31",以此功法进行防御时，运用者在战斗中损失的真气会随时间迅速增加而恢复至初始上限,以此功法进行防御时，敌人在战斗中获得的真气会随时间迅速减少而恢复至初始上限
241,真武荡魔阵,5,真武荡魔阵取法天地，阵势严谨，其形合北斗之象，可明分历纪，临制四方，其势浩荡威武，凛不可犯，能使邪魔远遁，浩气远扬。,4,绝技,Invalid,2,4,3,385,true,false,21,属性1=50; 属性2=75; 属性4=50; 属性82=350; 属性62=350,139,865,3,7,5,false,"0, 1, 2, 3, 4, 5, 6",2,350,0,0,-1,-1,0,"0, 0, 0, 0",0,"0, 0, 0, 0","0, 0, 0, 0","外:0, 内:0","外:0, 内:0","外:0, 内:0",0,0,0,0,0,0,0,0,"0, 0, 0, 0, 0, 0",0,,0,0,50,20,0,0,,0,0,-1,-1,"20, 20, 1, 20, 20, 20, 20",0,"0, 0, 0, 0",false,false,"0, 0, 0, 0, 0, 0, 0, 0, 0, 0, 0, 0",0,-1,,0,0,0,"0, 0, 0, 0",36,0,36,-1,-1,false,-1,-1,-1,0,0,0,"0, 0, 0, 0",0,0,0,0,0,,"0, 0, 0, 0, 0, 0, 0","0, 0, 0, 0, 0, 0, 0",0,0,,"0, 0, 0, 0, 0",,0,"20, 19, 16, 17, 29, 30, 31, 32",运用者助战的同道能够更频繁地使用「真气」类指令将自身的真气传输给运用者,运用者助战的同道在使用「真气」类指令时，能够传输更多的真气给运用者
242,无极劲,6,“阴阳，一道也。太极，无极也”。无极劲无有定形，无有定式，其法“柔弱以胜强，安徐以定乱，因循以应变，常后而争先”。,3,绝技,Invalid,3,4,5,386,true,false,22,属性1=55; 属性2=80; 属性4=55; 属性82=400; 属性62=400,140,866,4,8,6,true,"0, 1, 2, 3, 4, 5, 6",3,400,0,0,-1,-1,0,"0, 0, 0, 0",0,"0, 0, 0, 0","0, 0, 0, 0","外:0, 内:0","外:0, 内:0","外:0, 内:0",0,0,0,0,0,0,0,0,"0, 0, 0, 0, 0, 0",4500,list,0,50,70,20,0,0,list2,0,0,-1,-1,"20, 20, 1, 20, 20, 20, 20",0,"0, 0, 0, 0",false,false,"0, 0, 0, 0, 0, 0, 0, 0, 0, 0, 0, 0",0,-1,,0,0,0,"0, 0, 0, 0",36,0,36,-1,-1,false,-1,-1,-1,0,0,0,"400, 400, 0, 0",200,0,0,600,0,list3,"55, 55, 35, 0, 0, 0, 0","55, 55, 35, 0, 0, 0, 0",65,0,list,"0, 0, 0, 0, 0",loopBonusSkillList,0,"19, 29, 31",以此功法进行防御时：只要运用者未被命中要害，即使未能化解敌人的兵器攻击，也能进行反击；每当运用者成功化解敌人的兵器攻击而对敌人进行反击，运用者消除敌人所有的架势，敌人的架势被消除的越多，运用者的反击伤害就提高越多,以此功法进行防御时：只要运用者未被命中要害，即使未能化解敌人的兵器攻击，也能进行反击；每当运用者成功化解敌人的兵器攻击而对敌人进行反击，运用者消除敌人所有的提气，敌人的提气被消除的越多，运用者的反击伤害就提高越多
243,三华聚顶,7,“神、气、精三者，与天地同根，与万物同体，得之者生，失之者死”。修道者经炼精化气、炼气化神、炼神还虚后，三花俱生，三阳齐聚，则称“三华聚顶”，乃成圣明境界。,4,绝技,Invalid,3,4,5,387,true,true,23,属性2=85; 属性4=120; 属性82=450; 属性62=450,141,867,4,1,7,true,2,3,450,0,0,-1,-1,0,"0, 0, 0, 0",0,"0, 0, 0, 0","0, 0, 0, 0","外:0, 内:0","外:0, 内:0","外:0, 内:0",0,0,0,0,0,0,0,0,"0, 0, 0, 0, 0, 0",0,list,0,0,100,20,0,0,list2,0,0,-1,-1,"20, 20, 1, 20, 20, 20, 20",0,"0, 0, 0, 0",false,false,"0, 0, 0, 0, 0, 0, 0, 0, 0, 0, 0, 0",0,-1,,0,0,0,"0, 0, 0, 0",36,0,36,-1,-1,false,-1,-1,-1,0,0,0,"0, 0, 0, 0",0,0,0,0,0,属性11=120,"0, 0, 0, 0, 0, 0, 0","130, 130, 90, 0, 0, 0, 0",0,120,list,"0, 0, 0, 0, 0",loopBonusSkillList,0,"20, 16, 29, 30, 31, 32",运用者的真气均不低于初始值时，此功法的威力持续累积提高，最多提高至此功法原本威力的2倍，否则此功法的威力会减半并停止提高；当此功法的威力不低于100%时，运用者所有功法的威力都会根据此功法的部分威力提高,运用者的真气均不低于初始值时，此功法的威力持续累积提高，最多提高至此功法原本威力的2倍，否则此功法的威力会减半并停止提高；当此功法的威力不低于100%时，敌人所有功法的威力都会根据此功法的部分威力降低
244,九滚十八跌,0,九滚十八跌讲究滚跌相连，顺势而下，修习者需于沙地、山坡向四面八方连续跌扑、翻滚，及至临敌不惧，倒地不伤，则此功可成。,3,绝技,Invalid,1,5,4,388,true,false,9,属性1=25; 属性2=40; 属性3=35; 属性82=100; 属性62=80; 属性63=80,142,868,1,8,0,false,"0, 1, 2, 3, 4, 5, 6",1,100,0,0,-1,-1,0,"0, 0, 0, 0",0,"0, 0, 0, 0","0, 0, 0, 0","外:0, 内:0","外:0, 内:0","外:0, 内:0",0,0,0,0,0,0,0,0,"0, 0, 0, 0, 0, 0",3000,list,0,40,0,15,0,0,list2,0,0,-1,-1,"20, 20, 1, 20, 20, 20, 20",0,"0, 0, 0, 0",false,false,"0, 0, 0, 0, 0, 0, 0, 0, 0, 0, 0, 0",0,-1,,0,0,0,"0, 0, 0, 0",36,0,36,-1,-1,false,-1,-1,-1,0,0,0,"200, 0, 0, 0",100,0,0,300,0,list3,"30, 30, 10, 0, 0, 0, 0","0, 0, 0, 0, 0, 0, 0",0,0,list,"0, 0, 0, 0, 0",loopBonusSkillList,0,"20, 19, 17, 29, 31",以此功法进行防御时，每当运用者成功对敌人的兵器攻击进行反击，运用者的脚力就会得到恢复,以此功法进行防御时，每当运用者成功对敌人的兵器攻击进行反击，敌人的脚力就会受到损耗
245,亦刀亦剑,1,亦刀亦剑之法讲究“刀作剑形、剑走刀势”，运使者可融刀之刚猛与剑之灵动为一体，使之相辅相成，变化不定。,4,绝技,Invalid,1,5,5,389,true,false,10,属性0=35; 属性1=30; 属性2=50; 属性82=150; 属性62=120; 属性63=120,143,869,1,8,1,false,"3, 4",1,150,0,0,-1,-1,0,"0, 0, 0, 0",0,"0, 0, 0, 0","0, 0, 0, 0","外:0, 内:0","外:0, 内:0","外:0, 内:0",0,0,0,0,0,0,0,0,"0, 0, 0, 0, 0, 0",0,list,0,0,30,15,0,0,list2,0,0,-1,-1,"20, 20, 1, 20, 20, 20, 20",0,"0, 0, 0, 0",false,false,"0, 0, 0, 0, 0, 0, 0, 0, 0, 0, 0, 0",0,-1,,0,0,0,"0, 0, 0, 0",36,0,36,-1,-1,false,-1,-1,-1,0,0,0,"0, 0, 0, 0",0,0,0,0,0,属性24=20,"20, 20, 10, 0, 0, 0, 0","20, 20, 10, 0, 0, 0, 0",0,0,list,"0, 0, 0, 0, 0",loopBonusSkillList,0,"20, 19, 29, 30, 31, 32",当运用者以「刀」施展「剑法」时，「剑法」的威力上限大幅增加；当运用者以「剑」施展「刀法」时，「刀法」的威力上限大幅增加,每当运用者切换的兵器类型不同时，运用者获得该兵器进行3次攻击能获得的变招进度
246,元山七煞阵,2,元山七煞阵之要，在于同心齐力，一往无前，列阵者法度严谨，同进同退，散如星火燎原，聚若宝剑除妖。,4,绝技,Invalid,1,5,4,390,true,false,11,属性0=40; 属性2=60; 属性3=30; 属性82=200; 属性62=160; 属性63=160,144,870,2,7,2,false,"0, 1, 2, 3, 4, 5, 6",1,200,0,0,-1,-1,0,"0, 0, 0, 0",0,"0, 0, 0, 0","0, 0, 0, 0","外:0, 内:0","外:0, 内:0","外:0, 内:0",0,0,0,0,0,0,0,0,"0, 0, 0, 0, 0, 0",0,list,0,0,0,15,0,0,list2,0,0,-1,-1,"20, 20, 1, 20, 20, 20, 20",0,"0, 0, 0, 0",false,false,"0, 0, 0, 0, 0, 0, 0, 0, 0, 0, 0, 0",0,-1,,0,0,0,"0, 0, 0, 0",36,0,36,-1,-1,false,-1,-1,-1,0,0,0,"0, 0, 0, 0",0,0,0,0,0,list3,"0, 0, 0, 0, 0, 0, 0","0, 0, 0, 0, 0, 0, 0",0,0,list,"0, 0, 0, 0, 0",loopBonusSkillList,0,"20, 19, 16, 17, 29, 30, 31, 32",运用者助战的同道能够更频繁地使用「攻击」指令攻击敌人,运用者助战的同道在使用「攻击」指令时，其攻击时的破体、破气、力道、精妙、迅疾、动心大幅提高
247,金刀换掌功,3,“幽洞不拘金锁意，纵横无系去还来”。金刀换掌功乃是在群刀倒挂的金刀阵中练成，修习者不假外力，仅以肉掌相抗，久而久之，便可达到“明辨刀势、沾而不伤”的境界。,3,绝技,Invalid,2,5,4,391,true,false,12,属性1=35; 属性2=65; 属性3=45; 属性82=250; 属性62=200; 属性63=200,145,871,2,8,3,false,"0, 1, 3, 4, 5, 6",2,250,0,0,-1,-1,0,"0, 0, 0, 0",0,"0, 0, 0, 0","0, 0, 0, 0","外:0, 内:0","外:0, 内:0","外:0, 内:0",0,0,0,0,0,0,0,0,"0, 0, 0, 0, 0, 0",4500,list,0,45,0,15,0,0,list2,0,0,-1,-1,"20, 20, 1, 20, 20, 20, 20",0,"0, 0, 0, 0",false,false,"0, 0, 0, 0, 0, 0, 0, 0, 0, 0, 0, 0",0,-1,,0,0,0,"0, 0, 0, 0",36,0,36,-1,-1,false,-1,-1,-1,0,0,0,"250, 250, 0, 0",150,0,0,600,0,list3,"70, 70, 40, 0, 0, 0, 0","0, 0, 0, 0, 0, 0, 0",0,0,list,"0, 0, 0, 0, 0",loopBonusSkillList,0,"20, 19, 17, 29, 31",以此功法进行防御时，有较高几率必然化解敌人的变招,以此功法进行防御时，有较高几率必然化解敌人的追击
248,释迦掷象,4,相传释迦牟尼为太子时，曾将大象掷向高空，其后三日，象方坠地。释迦掷象功以道心为因，苦修为本，可令人身心具足，迸发巨力。,4,绝技,Invalid,2,5,4,392,true,false,13,属性0=90; 属性2=70; 属性82=300; 属性62=240; 属性63=240,146,872,3,2,4,false,"3, 4",2,300,0,0,-1,-1,0,"0, 0, 0, 0",0,"0, 0, 0, 0","0, 0, 0, 0","外:0, 内:0","外:0, 内:0","外:0, 内:0",0,0,0,0,0,0,0,0,"0, 0, 0, 0, 0, 0",0,list,0,0,30,15,0,0,list2,0,0,-1,-1,"20, 20, 1, 20, 20, 20, 20",0,"0, 0, 0, 0",false,false,"0, 0, 0, 0, 0, 0, 0, 0, 0, 0, 0, 0",0,-1,,0,0,0,"0, 0, 0, 0",36,0,36,-1,-1,false,-1,-1,-1,0,0,0,"0, 0, 0, 0",0,0,0,0,0,属性10=90,"35, 35, 20, 25, 25, 0, 0","35, 35, 20, 25, 25, 0, 0",0,0,list,"0, 0, 0, 0, 0",loopBonusSkillList,0,"20, 19, 29, 30, 31, 32",每当运用者切换兵器，兵器的重量越重，运用者下一次兵器攻击造成的伤害也提高越多,每当运用者切换兵器，兵器的重量越轻，运用者下一次兵器攻击造成的伤害也提高越多
249,太卜玄典,5,太卜掌三兆、三易、三梦之法，主天子卜筮。太卜玄典奥妙精微，乃古之卜者所传，可令人通晓方位运转、来去吉凶、死生变化。,4,绝技,Invalid,2,5,4,393,true,true,14,属性2=75; 属性3=100; 属性82=350; 属性62=280; 属性63=280,147,873,3,7,5,true,"5, 6",2,350,0,0,-1,-1,0,"0, 0, 0, 0",0,"0, 0, 0, 0","0, 0, 0, 0","外:0, 内:0","外:0, 内:0","外:0, 内:0",0,0,0,0,0,0,0,0,"0, 0, 0, 0, 0, 0",0,list,0,0,40,15,0,0,list2,0,0,-1,-1,"20, 20, 1, 20, 20, 20, 20",0,"0, 0, 0, 0",false,false,"0, 0, 0, 0, 0, 0, 0, 0, 0, 0, 0, 0",0,-1,,0,0,0,"0, 0, 0, 0",36,0,36,-1,-1,false,-1,-1,-1,0,0,0,"0, 0, 0, 0",0,0,0,0,0,属性25=30,"45, 45, 25, 0, 0, 0, 0","45, 45, 25, 0, 0, 0, 0",0,35,list,"0, 0, 0, 0, 0",loopBonusSkillList,0,"20, 29, 30, 31, 32",运用者拥有的「劈」式越多，运用者的力道提高越多；运用者拥有的「刺」式越多，运用者的迅疾提高越多；运用者拥有的「撩」式越多，运用者的精妙提高越多,运用者拥有的「劈」式越多，运用者的卸力提高越多；运用者拥有的「刺」式越多，运用者的闪避提高越多；运用者拥有的「撩」式越多，运用者的拆招提高越多
250,太初归藏诀,6,“太初有无，无有无名。一之所起，有一而未形”。太初归藏诀诀未道尽，法不用全，却通万物之始，成一气之初，修习者能成未成之功，进之无穷，退之不灭。,3,绝技,Invalid,3,5,4,394,true,true,15,属性2=80; 属性3=110; 属性82=400; 属性62=320; 属性63=320,148,874,4,7,6,true,"5, 6",3,400,0,0,-1,-1,0,"0, 0, 0, 0",0,"0, 0, 0, 0","0, 0, 0, 0","外:0, 内:0","外:0, 内:0","外:0, 内:0",0,0,0,0,0,0,0,0,"0, 0, 0, 0, 0, 0",6000,list,0,45,50,15,0,0,list2,0,0,-1,-1,"20, 20, 1, 20, 20, 20, 20",0,"0, 0, 0, 0",false,false,"0, 0, 0, 0, 0, 0, 0, 0, 0, 0, 0, 0",0,-1,,0,0,0,"0, 0, 0, 0",36,0,36,-1,-1,false,-1,-1,-1,0,0,0,"0, 0, 0, 500",0,0,0,300,0,list3,"65, 65, 45, 0, 0, 0, 0","65, 65, 45, 0, 0, 0, 0",0,0,list,"0, 0, 0, 0, 0",loopBonusSkillList,0,"20, 19, 29, 30, 31",以此功法进行防御时：运用者不会失去真气；如果运用者可以获得真气且将要失去真气，运用者的真气不会减少反而会成倍增加,以此功法进行防御时：敌人无法获得真气；如果敌人可以失去真气且将要获得真气，敌人的真气不会增加反而会成倍减少
251,狮相铁头功,0,狮相铁头功需以硬物击打头颅方可练成，此功虽可使人头坚似铁，刀枪不入，但初学者若无真气护体，则难免头破血流。,3,绝技,Invalid,1,6,0,395,true,false,9,属性0=35; 属性3=95; 属性82=100,149,875,1,2,0,false,2,1,100,0,0,-1,-1,0,"0, 0, 0, 0",0,"0, 0, 0, 0","0, 0, 0, 0","外:0, 内:0","外:0, 内:0","外:0, 内:0",0,0,0,0,0,0,0,0,"0, 0, 0, 0, 0, 0",3000,list,0,35,0,15,0,0,list2,0,0,-1,-1,"20, 20, 1, 20, 20, 20, 20",0,"0, 0, 0, 0",false,false,"0, 0, 0, 0, 0, 0, 0, 0, 0, 0, 0, 0",0,-1,,0,0,0,"0, 0, 0, 0",36,0,36,-1,-1,false,-1,-1,-1,0,300,0,"0, 0, 0, 0",0,0,0,300,0,list3,"0, 0, 30, 0, 0, 0, 0","0, 0, 0, 0, 0, 0, 0",0,0,list,"0, 0, 0, 0, 0",loopBonusSkillList,0,"0, 1, 2, 3, 20, 19, 17, 30, 31, 32",以此功法进行防御时，敌人一次性对运用者的头颈造成的直接伤势标记数量不高于3的直接外伤均无效,以此功法进行防御时，敌人一次性对运用者的头颈造成的直接伤势标记数量不高于3的直接内伤均无效
252,兵闻拙速,1,正所谓：“兵闻拙速，未睹巧之久也”。兵闻拙速讲究“以速取胜，不用计巧，攻而必取，动则不迷”，既是用兵之法，亦可为存身之道。,4,绝技,Invalid,1,6,0,396,true,false,10,属性1=65; 属性3=80; 属性82=150,150,876,1,8,1,false,"3, 4, 5, 6",1,150,0,0,-1,-1,0,"0, 0, 0, 0",0,"0, 0, 0, 0","0, 0, 0, 0","外:0, 内:0","外:0, 内:0","外:0, 内:0",0,0,0,0,0,0,0,0,"0, 0, 0, 0, 0, 0",0,list,0,0,0,15,0,0,list2,0,0,-1,-1,"20, 20, 1, 20, 20, 20, 20",0,"0, 0, 0, 0",false,false,"0, 0, 0, 0, 0, 0, 0, 0, 0, 0, 0, 0",0,-1,,0,0,0,"0, 0, 0, 0",36,0,36,-1,-1,false,-1,-1,-1,0,0,0,"0, 0, 0, 0",0,0,0,0,0,属性25=20,"40, 40, 20, 0, 0, 0, 0","0, 0, 0, 0, 0, 0, 0",0,0,list,"0, 0, 0, 0, 0",loopBonusSkillList,0,"0, 1, 2, 3, 20, 19, 17, 29, 30, 31, 32",每当敌人以直接伤害对运用者造成伤势或重创标记，运用者的脚力就会恢复,每当敌人以直接伤害对运用者造成伤势或重创标记，敌人的脚力就会受损
253,损刚益柔,2,“困敌之势，不以战；损刚益柔”。损刚益柔讲究“内阴而外阳，内柔而外刚”，乃狮相门以刚护柔、以实应虚的横练之法。,3,绝技,Invalid,1,6,0,397,true,false,11,属性3=160; 属性82=200,151,877,2,2,2,false,"0, 1",1,200,0,0,-1,-1,0,"0, 0, 0, 0",0,"0, 0, 0, 0","0, 0, 0, 0","外:0, 内:0","外:0, 内:0","外:0, 内:0",0,0,0,0,0,0,0,0,"0, 0, 0, 0, 0, 0",6000,list,0,35,30,15,0,0,list2,0,0,-1,-1,"20, 20, 1, 20, 20, 20, 20",0,"0, 0, 0, 0",false,false,"0, 0, 0, 0, 0, 0, 0, 0, 0, 0, 0, 0",0,-1,,0,0,0,"0, 0, 0, 0",36,0,36,-1,-1,false,-1,-1,-1,0,0,300,"0, 0, 0, 0",0,0,0,300,0,list3,"25, 25, 15, 0, 0, 0, 0","25, 25, 15, 0, 0, 0, 0",0,0,list,"0, 0, 0, 0, 0",loopBonusSkillList,0,"0, 1, 2, 3, 20, 19, 30, 31, 32",以此功法进行防御时，如果敌人的攻击同时包含直接外伤和直接内伤，且内功比例高于外功比例，运用者受到的直接内伤降低40%，受到的直接外伤提高20%,以此功法进行防御时，如果敌人的攻击同时包含直接内伤和直接外伤，且外功比例高于内功比例，运用者受到的直接外伤降低40%，受到的直接内伤提高20%
254,霸王举鼎,3,霸王举鼎刚猛无俦，乃狮相门外壮之法，运功者力从筋起，节节发劲，举重若轻，勇武过人，如有霸王拔山盖世之姿。,4,绝技,Invalid,2,6,0,398,true,false,12,属性0=115; 属性3=60; 属性82=250,152,878,2,2,3,false,"0, 1",2,250,0,0,-1,-1,0,"0, 0, 0, 0",0,"0, 0, 0, 0","0, 0, 0, 0","外:0, 内:0","外:0, 内:0","外:0, 内:0",0,0,0,0,0,0,0,0,"0, 0, 0, 0, 0, 0",0,list,0,0,0,15,0,0,list2,0,0,-1,-1,"20, 20, 1, 20, 20, 20, 20",0,"0, 0, 0, 0",false,false,"0, 0, 0, 0, 0, 0, 0, 0, 0, 0, 0, 0",0,-1,,0,0,0,"0, 0, 0, 0",36,0,36,-1,-1,false,-1,-1,-1,0,0,0,"0, 0, 0, 0",0,0,0,0,0,属性24=30,"35, 35, 20, 0, 0, 0, 0","35, 35, 20, 0, 0, 0, 0",0,0,list,"0, 0, 0, 0, 0",loopBonusSkillList,0,"0, 1, 2, 3, 20, 19, 29, 30, 31, 32",运用者的兵器重量越重，运用者对敌人造成的直接伤害就提高越多,运用者的兵器重量越重，敌人对运用者造成的直接伤害就降低越多
255,狮啸功,4,狮啸功气势惊人，需借伤残之势而发，运功者引吭长啸，隐隐如雷，若由内力淳厚者施为，则数里之外犹有回响，闻者无不震怖。,4,绝技,Invalid,2,6,0,399,true,false,13,属性0=125; 属性3=65; 属性82=300,153,879,3,2,4,false,2,2,300,0,0,-1,-1,0,"0, 0, 0, 0",0,"0, 0, 0, 0","0, 0, 0, 0","外:0, 内:0","外:0, 内:0","外:0, 内:0",0,0,0,0,0,0,0,0,"0, 0, 0, 0, 0, 0",0,list,0,0,30,15,0,0,list2,0,0,-1,-1,"20, 20, 1, 20, 20, 20, 20",0,"0, 0, 0, 0",false,false,"0, 0, 0, 0, 0, 0, 0, 0, 0, 0, 0, 0",0,-1,,0,0,0,"0, 0, 0, 0",36,0,36,-1,-1,false,-1,-1,-1,0,0,0,"0, 0, 0, 0",0,0,0,0,0,属性10=90,"70, 70, 40, 0, 0, 0, 0","0, 0, 0, 0, 0, 0, 0",0,25,list,"0, 0, 0, 0, 0",loopBonusSkillList,0,"0, 1, 2, 3, 20, 17, 29, 30, 31, 32",当战斗开始及运用者的战败标记总数超过战败条件的一半时，消除敌人所有的脚力,当战斗开始及运用者的战败标记总数超过战败条件的一半时，消除敌人所有的提气、架势
256,霸王解甲功,5,“抗兵相加，哀者胜矣”。相传霸王解甲功乃是西楚霸王项羽于绝境中所创，乃是在九死一生的战阵中，舍生向死，有去无还的搏命之法。,3,绝技,Invalid,2,6,0,400,true,true,14,属性3=205; 属性82=350,154,880,3,2,5,false,"0, 1",2,350,0,0,-1,-1,0,"0, 0, 0, 0",0,"0, 0, 0, 0","0, 0, 0, 0","外:0, 内:0","外:0, 内:0","外:0, 内:0",0,0,0,0,0,0,0,0,"0, 0, 0, 0, 0, 0",4500,list,0,45,0,15,0,0,list2,0,0,-1,-1,"20, 20, 1, 20, 20, 20, 20",0,"0, 0, 0, 0",false,false,"0, 0, 0, 0, 0, 0, 0, 0, 0, 0, 0, 0",0,-1,,0,0,0,"0, 0, 0, 0",36,0,36,-1,-1,false,-1,-1,-1,0,0,0,"0, 0, 0, 0",0,135,0,600,60,list3,"90, 90, 50, 0, 0, 0, 0","0, 0, 0, 0, 0, 0, 0",110,0,list,"0, 0, 0, 0, 0",loopBonusSkillList,0,"0, 1, 2, 3, 19, 17, 29, 30, 32",以此功法进行防御时，每当敌人以直接伤害对运用者造成伤势或重创标记，根据敌人造成的伤势标记数量，同时损耗敌人与运用者的「护体」真气，运用者损耗的「护体」真气会变化为「摧破」真气,以此功法进行防御时，每当敌人以直接伤害对运用者造成伤势或重创标记，根据敌人造成的伤势标记数量，同时损耗敌人与运用者的「摧破」真气，运用者损耗的「摧破」真气会变化为「护体」真气
257,五鬼搬运法,0,五鬼搬运法乃道门法术，诀曰：“山龙廉贞有向，水龙巨门见水”，施展者需净心诚意，以灵符为引，延请五鬼，从而以无易有，以虚易实。,3,绝技,Invalid,1,7,1,401,true,false,16,属性1=30; 属性5=70; 属性82=100; 属性54=80; 属性65=80,155,881,1,7,0,true,"3, 4, 5, 6",1,100,0,0,-1,-1,0,"0, 0, 0, 0",0,"0, 0, 0, 0","0, 0, 0, 0","外:0, 内:0","外:0, 内:0","外:0, 内:0",0,0,0,0,0,0,0,0,"0, 0, 0, 0, 0, 0",3000,list,0,40,40,15,0,0,list2,0,0,-1,-1,"20, 20, 1, 20, 20, 20, 20",0,"0, 0, 0, 0",false,false,"0, 0, 0, 0, 0, 0, 0, 0, 0, 0, 0, 0",0,-1,,0,0,0,"0, 0, 0, 0",36,0,36,-1,-1,false,-1,-1,-1,0,0,0,"0, 200, 0, 0",100,0,0,300,0,list3,"10, 10, 5, 0, 0, 0, 0","10, 10, 5, 0, 0, 0, 0",0,0,list,"0, 0, 0, 0, 0",loopBonusSkillList,0,"20, 19, 29, 31",以此功法进行防御时，如果运用者的御体低于敌人的破气，运用者受到敌人的直接伤害时，运用者的御体与敌人的破气会暂时被交换,以此功法进行防御时，如果运用者的御气低于敌人的破体，运用者受到敌人的直接伤害时，运用者的御气与敌人的破体会暂时被交换
258,长目飞耳功,1,“一曰长目，二曰飞耳，三曰树明”。此功乃然山派远望、察听、辩想之功，功成者五感通明，能知千里之外，隐微之中，故曰“长目飞耳功”。,4,绝技,Invalid,1,7,1,402,true,false,17,属性1=40; 属性5=75; 属性82=150; 属性54=120; 属性65=120,156,882,1,0,1,true,2,1,150,0,0,-1,-1,0,"0, 0, 0, 0",0,"0, 0, 0, 0","0, 0, 0, 0","外:0, 内:0","外:0, 内:0","外:0, 内:0",0,0,0,0,0,0,0,0,"0, 0, 0, 0, 0, 0",0,list,0,0,50,15,0,0,list2,0,0,-1,-1,"20, 20, 1, 20, 20, 20, 20",0,"0, 0, 0, 0",false,false,"0, 0, 0, 0, 0, 0, 0, 0, 0, 0, 0, 0",0,-1,,0,0,0,"0, 0, 0, 0",36,0,36,-1,-1,false,-1,-1,-1,0,0,0,"0, 0, 0, 0",0,0,0,0,0,属性13=60,"0, 0, 0, 0, 0, 0, 0","30, 30, 10, 0, 0, 0, 0",0,10,list,"0, 0, 0, 0, 0",loopBonusSkillList,0,"20, 16, 29, 31, 32",当运用者与敌人的距离大于3时，敌我距离越远，运用者的力道、精妙、迅疾、动心就提高越多,当运用者与敌人的距离大于3时，敌我距离越远，运用者的卸力、拆招、闪避、守心就提高越多
259,阴阳眼术,2,阴阳眼术亦真亦幻，神秘非常，修习者可将真气灌注于双目之中，使人见之则迷，陡生阴阳错乱、意散神消之感。,4,绝技,Invalid,1,7,1,403,true,false,18,属性4=40; 属性5=90; 属性82=200; 属性54=160; 属性65=160,157,883,2,1,2,true,2,1,200,0,0,-1,-1,0,"0, 0, 0, 0",0,"0, 0, 0, 0","0, 0, 0, 0","外:0, 内:0","外:0, 内:0","外:0, 内:0",0,0,0,0,0,0,0,0,"0, 0, 0, 0, 0, 0",0,list,0,0,100,15,0,0,list2,0,0,-1,-1,"20, 20, 1, 20, 20, 20, 20",0,"0, 0, 0, 0",false,false,"0, 0, 0, 0, 0, 0, 0, 0, 0, 0, 0, 0",0,-1,,0,0,0,"0, 0, 0, 0",36,0,36,-1,-1,false,-1,-1,-1,0,0,0,"0, 0, 0, 0",0,0,0,0,0,属性22=20,"0, 0, 0, 0, 0, 0, 0","40, 40, 20, 0, 0, 0, 0",0,15,list,"0, 0, 0, 0, 0",loopBonusSkillList,0,"20, 16, 29, 30, 31, 32",每当运用者开始施展功法时，运用者的施展速度高出敌人的施展速度越多，敌人的施展速度就减少越多,每当运用者开始施展功法时，敌人的施展速度高出运用者的施展速度越多，敌人的施展速度就减少越多
260,摄魂大法,3,所谓：“太一守骸，太上摄魂”。摄魂大法以符图为引，咒诀为辅，乃是以神明之力拘系人魂、辟除鬼魅的玄门心法。,3,绝技,Invalid,2,7,1,404,true,false,19,属性2=45; 属性5=100; 属性82=250; 属性54=200; 属性65=200,158,884,2,3,3,true,2,2,250,0,0,-1,-1,0,"0, 0, 0, 0",0,"0, 0, 0, 0","0, 0, 0, 0","外:0, 内:0","外:0, 内:0","外:0, 内:0",0,0,0,0,0,0,0,0,"0, 0, 0, 0, 0, 0",4500,list,0,40,100,15,0,0,list2,0,0,-1,-1,"20, 20, 1, 20, 20, 20, 20",0,"0, 0, 0, 0",false,false,"0, 0, 0, 0, 0, 0, 0, 0, 0, 0, 0, 0",0,-1,,0,0,0,"0, 0, 0, 0",36,0,36,-1,-1,false,-1,-1,-1,0,0,0,"0, 0, 0, 400",0,0,0,300,0,list3,"0, 0, 0, 0, 0, 0, 0","50, 50, 30, 0, 0, 0, 0",0,20,list,"0, 0, 0, 0, 0",loopBonusSkillList,0,"20, 16, 29, 30, 31",以此功法进行防御时：如果运用者获得「无」式，敌人也会获得1个「无」式，且如果运用者的动心高于敌人的守心，随机极长时间地封禁敌人1个未被封禁的功法，一场战斗中，每个功法只会被摄魂大法封禁1次,以此功法进行防御时：如果运用者出现失神标记，敌人也会获得1个失神标记，且如果运用者的动心高于敌人的守心，随机极长时间地封禁敌人1个未被封禁的功法，一场战斗中，每个功法只会被摄魂大法封禁1次
261,六丁六甲阵,4,诀曰：“上应天罡，下辟不祥，万精厌伏，所向无殃”。六丁六甲阵乃然山派独门奇术，施术者能召天兵护法，厉行风雷，役使百神。,4,绝技,Invalid,2,7,1,405,true,false,20,属性4=50; 属性5=110; 属性82=300; 属性54=240; 属性65=240,159,885,3,8,4,true,"0, 1, 2, 3, 4, 5, 6",2,300,0,0,-1,-1,0,"0, 0, 0, 0",0,"0, 0, 0, 0","0, 0, 0, 0","外:0, 内:0","外:0, 内:0","外:0, 内:0",0,0,0,0,0,0,0,0,"0, 0, 0, 0, 0, 0",0,list,0,0,70,15,0,0,list2,0,0,-1,-1,"20, 20, 1, 20, 20, 20, 20",0,"0, 0, 0, 0",false,false,"0, 0, 0, 0, 0, 0, 0, 0, 0, 0, 0, 0",0,-1,,0,0,0,"0, 0, 0, 0",36,0,36,-1,-1,false,-1,-1,-1,0,0,0,"0, 0, 0, 0",0,0,0,0,0,list3,"0, 0, 0, 0, 0, 0, 0","0, 0, 0, 0, 0, 0, 0",0,0,list,"0, 0, 0, 0, 0",loopBonusSkillList,0,"20, 19, 16, 17, 29, 30, 31, 32",运用者助战的同道能够更频繁地使用「出战」指令在短时间内代替运用者进行战斗；能够更频繁地使用「牵制」指令在短时间内禁止敌方同道使用助战指令,运用者助战的同道在使用「出战」指令时，其代替运用者出战的时间大幅增加；在使用「牵制」指令时，其禁止敌方同道使用助战指令的时间大幅增加
262,天罡咒,5,天罡咒正气浩然，总摄玄纲，其诀曰：“北斗七元，神气统天，威光万千，断绝邪源”，有斩邪灭踪、归真保宁之用，能助施术者内外贞白，辟除妖邪。,3,绝技,Invalid,2,7,5,406,true,false,21,属性3=55; 属性5=120; 属性82=350; 属性54=280; 属性65=280,160,886,3,1,5,true,2,2,350,0,0,-1,-1,0,"0, 0, 0, 0",0,"0, 0, 0, 0","0, 0, 0, 0","外:0, 内:0","外:0, 内:0","外:0, 内:0",0,0,0,0,0,0,0,0,"0, 0, 0, 0, 0, 0",4500,list,0,40,70,15,0,0,list2,0,0,-1,-1,"20, 20, 1, 20, 20, 20, 20",0,"0, 0, 0, 0",false,false,"0, 0, 0, 0, 0, 0, 0, 0, 0, 0, 0, 0",0,-1,,0,0,0,"0, 0, 0, 0",36,0,36,-1,-1,false,-1,-1,-1,0,400,400,"0, 0, 0, 0",0,0,0,300,0,list3,"0, 0, 0, 0, 0, 0, 0","90, 90, 50, 0, 0, 0, 0",0,35,list,"0, 0, 0, 0, 0",loopBonusSkillList,0,"20, 16, 30, 31, 32",以此功法进行防御时，敌人以逆练的功法对运用者造成的直接伤害大幅降低,以此功法进行防御时，敌人以正练的功法对运用者造成的直接伤害大幅降低
263,象拟比转功,6,“言有象，事有比。其有象比，以观其次”。象拟比转功乃鬼谷祖师所创，其法欲取反与，欲实反虚，能以无形求有声，以无为而致无不为。,3,绝技,Invalid,3,7,1,407,true,true,22,属性2=50; 属性5=140; 属性82=400; 属性54=320; 属性65=320,161,887,4,1,6,true,"3, 4, 5, 6",3,400,0,0,-1,-1,0,"0, 0, 0, 0",0,"0, 0, 0, 0","0, 0, 0, 0","外:0, 内:0","外:0, 内:0","外:0, 内:0",0,0,0,0,0,0,0,0,"0, 0, 0, 0, 0, 0",6000,list,0,50,70,15,0,0,list2,0,0,-1,-1,"20, 20, 1, 20, 20, 20, 20",0,"0, 0, 0, 0",false,false,"0, 0, 0, 0, 0, 0, 0, 0, 0, 0, 0, 0",0,-1,,0,0,0,"0, 0, 0, 0",36,0,36,-1,-1,false,-1,-1,-1,0,0,0,"0, 0, 0, 0",0,120,120,300,80,list3,"55, 55, 35, 35, 35, 35, 35","55, 55, 35, 35, 35, 35, 35",0,0,list,"0, 0, 0, 0, 0",loopBonusSkillList,0,"20, 19, 29, 30, 32",以此功法进行防御时：运用者受到的所有直接伤害减少45%；每当运用者反震敌人的攻击，将运用者的1个损害状态转移给敌人,以此功法进行防御时：运用者受到的所有直接伤害降低45%；每当运用者反震敌人的攻击，将敌人的1个增益状态转移给运用者
264,万化各归,7,“圣人之在天地间也，为众生之先。观阴阳之开阖以命物，筹策万类之终始，而守司其门户”。万化各归之法反以观往，复以验来，效仿圣人之道，可使万物复归于原有。,3,绝技,Invalid,3,7,5,408,true,true,23,属性1=45; 属性5=160; 属性82=450; 属性54=360; 属性65=360,162,888,4,3,7,true,2,3,450,0,0,-1,-1,0,"0, 0, 0, 0",0,"0, 0, 0, 0","0, 0, 0, 0","外:0, 内:0","外:0, 内:0","外:0, 内:0",0,0,0,0,0,0,0,0,"0, 0, 0, 0, 0, 0",4500,list,0,50,100,15,0,0,list2,0,0,-1,-1,"20, 20, 1, 20, 20, 20, 20",0,"0, 0, 0, 0",false,false,"0, 0, 0, 0, 0, 0, 0, 0, 0, 0, 0, 0",0,-1,,0,0,0,"0, 0, 0, 0",36,0,36,-1,-1,false,-1,-1,-1,0,0,0,"0, 400, 400, 0",200,0,0,600,0,list3,"0, 0, 0, 0, 0, 0, 0","130, 130, 90, 0, 0, 0, 0",0,60,list,"0, 0, 0, 0, 0",loopBonusSkillList,0,"20, 16, 29, 31",以此功法进行防御时，除非运用者被敌人命中要害，否则敌人的兵器攻击、摧破攻击均会被运用者化解，且运用者成功对敌人的兵器攻击进行反击时，恢复运用者1项低于初始值的真气；此功法防御结束时，将不可避免地被极长时间「封禁」,以此功法进行防御时，除非运用者被敌人命中要害，否则敌人的兵器攻击、摧破攻击均会被运用者化解，且运用者成功对敌人的兵器攻击进行反击时，损耗敌人1项高于初始值的真气；此功法防御结束时，将不可避免地被极长时间「封禁」
265,冰清玉洁,0,冰清玉洁之法，曰：“持身厉行，练精养志”，乃是使人养精合神，通于天地，从而容姿清迥、举止脱俗的璇女派奇技。,4,绝技,Invalid,1,8,2,409,true,false,18,属性2=30; 属性4=70; 属性82=100; 属性53=80; 属性62=80,163,889,1,0,0,true,2,1,100,0,0,-1,-1,0,"0, 0, 0, 0",0,"0, 0, 0, 0","0, 0, 0, 0","外:0, 内:0","外:0, 内:0","外:0, 内:0",0,0,0,0,0,0,0,0,"0, 0, 0, 0, 0, 0",0,list,0,0,100,20,0,0,list2,0,0,-1,-1,"20, 20, 1, 20, 20, 20, 20",0,"0, 0, 0, 0",false,false,"0, 0, 0, 0, 0, 0, 0, 0, 0, 0, 0, 0",0,-1,,0,0,0,"0, 0, 0, 0",36,0,36,-1,-1,false,-1,-1,-1,0,0,0,"0, 0, 0, 0",0,0,0,0,0,属性9=60,"0, 0, 0, 0, 0, 0, 0","30, 30, 10, 0, 0, 0, 0",0,0,list,"0, 0, 0, 0, 0",loopBonusSkillList,0,"20, 19, 16, 29, 30, 32",运用者的魅力越高，运用者的动心就提高越多,运用者的魅力越高，运用者的守心就提高越多
266,精卫填海式,1,“西飞精卫鸟，东海何由填”。精卫填海式虽仅有衔、投、起、落四种变化，但如精卫移山塞海一般往复来回、绵延不断之下，却也难以尽解。,3,绝技,Invalid,1,8,2,410,true,false,19,属性1=75; 属性5=40; 属性82=150; 属性53=120; 属性62=120,164,890,1,8,1,false,"3, 4, 5, 6",1,150,0,0,-1,-1,0,"0, 0, 0, 0",0,"0, 0, 0, 0","0, 0, 0, 0","外:0, 内:0","外:0, 内:0","外:0, 内:0",0,0,0,0,0,0,0,0,"0, 0, 0, 0, 0, 0",3000,list,0,35,50,20,0,0,list2,0,0,-1,-1,"20, 20, 1, 20, 20, 20, 20",0,"0, 0, 0, 0",false,false,"0, 0, 0, 0, 0, 0, 0, 0, 0, 0, 0, 0",0,-1,,0,0,0,"0, 0, 0, 0",36,0,36,-1,-1,false,-1,-1,-1,0,0,0,"0, 0, 300, 0",0,0,0,300,0,list3,"0, 0, 0, 0, 0, 0, 0","40, 40, 20, 0, 0, 0, 0",0,0,list,"0, 0, 0, 0, 0",loopBonusSkillList,0,"20, 19, 16, 29, 30, 31",以此功法进行防御时，每当运用者将敌人的攻击闪避，运用者给敌人添加1个「无」式,以此功法进行防御时，每当运用者将敌人的攻击闪避，运用者根据此功法的威力对敌人施加少量失神伤害
267,墨玉功,2,墨玉者，愈黑而愈贵重，虽黑而不改其洁。此功起于中极之下，止于心府之间，乃是引玄阴真气归于百神之舍，可定心凝神，化杂思而成真念。,4,绝技,Invalid,1,8,2,411,true,false,20,属性4=80; 属性5=50; 属性82=200; 属性53=160; 属性62=160,165,891,2,1,2,true,"0, 1",1,200,0,0,-1,-1,0,"0, 0, 0, 0",0,"0, 0, 0, 0","0, 0, 0, 0","外:0, 内:0","外:0, 内:0","外:0, 内:0",0,0,0,0,0,0,0,0,"0, 0, 0, 0, 0, 0",0,list,0,0,60,20,0,0,list2,0,0,-1,-1,"20, 20, 1, 20, 20, 20, 20",0,"0, 0, 0, 0",false,false,"0, 0, 0, 0, 0, 0, 0, 0, 0, 0, 0, 0",0,-1,,0,0,0,"0, 0, 0, 0",36,0,36,-1,-1,false,-1,-1,-1,0,0,0,"0, 0, 0, 0",0,0,0,0,0,属性15=60,"20, 20, 10, 0, 0, 0, 0","20, 20, 10, 0, 0, 0, 0",0,15,list,"0, 0, 0, 0, 0",loopBonusSkillList,0,"20, 29, 30, 32",运用者受到的失神标记的持续时间大幅降低,敌人受到的失神标记的持续时间大幅提高
268,天女散花阵,3,天女散花阵讲究“徘徊牵引，随风而动，来往随意，飘然无着”，观者往往心神迷醉，犹如身处云宫仙阙之中，以至于不知迩远，忘却虚实。,4,绝技,Invalid,2,8,2,412,true,false,21,属性1=90; 属性4=55; 属性82=250; 属性53=200; 属性62=200,166,892,2,8,3,true,"0, 1, 2, 3, 4, 5, 6",2,250,0,0,-1,-1,0,"0, 0, 0, 0",0,"0, 0, 0, 0","0, 0, 0, 0","外:0, 内:0","外:0, 内:0","外:0, 内:0",0,0,0,0,0,0,0,0,"0, 0, 0, 0, 0, 0",0,list,0,0,70,20,0,0,list2,0,0,-1,-1,"20, 20, 1, 20, 20, 20, 20",0,"0, 0, 0, 0",false,false,"0, 0, 0, 0, 0, 0, 0, 0, 0, 0, 0, 0",0,-1,,0,0,0,"0, 0, 0, 0",36,0,36,-1,-1,false,-1,-1,-1,0,0,0,"0, 0, 0, 0",0,0,0,0,0,list3,"0, 0, 0, 0, 0, 0, 0","0, 0, 0, 0, 0, 0, 0",0,0,list,"0, 0, 0, 0, 0",loopBonusSkillList,0,"20, 19, 16, 17, 29, 30, 31, 32",运用者助战的同道能够更频繁地使用「迅进」、「拉回」指令推拉运用者使运用者与敌人的距离发生变化,运用者助战的同道在使用「迅进」、「拉回」指令时，能使运用者被推拉的距离更远
269,霞姝仙衣法,4,霞姝仙衣法虚无自然，澹然存真，运功者引明光而作履，凝清气以为衣，如可乘风拂云，任意来去，正是：“下靡兰蕙，上拂羽盖，缥乎忽忽，若神仙之仿佛”。,4,绝技,Invalid,2,8,2,413,true,false,22,属性4=90; 属性5=70; 属性82=300; 属性53=240; 属性62=240,167,893,3,1,4,true,"0, 1, 2",2,300,0,0,-1,-1,0,"0, 0, 0, 0",0,"0, 0, 0, 0","0, 0, 0, 0","外:0, 内:0","外:0, 内:0","外:0, 内:0",0,0,0,0,0,0,0,0,"0, 0, 0, 0, 0, 0",0,list,0,0,100,20,0,0,list2,0,0,-1,-1,"20, 20, 1, 20, 20, 20, 20",0,"0, 0, 0, 0",false,false,"0, 0, 0, 0, 0, 0, 0, 0, 0, 0, 0, 0",0,-1,,0,0,0,"0, 0, 0, 0",36,0,36,-1,-1,false,-1,-1,-1,0,0,0,"0, 0, 0, 0",0,0,0,0,0,属性11=90,"0, 0, 0, 0, 0, 0, 0","90, 90, 50, 0, 0, 0, 0",0,0,list,"0, 0, 0, 0, 0",loopBonusSkillList,0,"20, 19, 16, 29, 30, 31, 32",大幅降低运用者当前运起的「轻灵」功法时的脚力衰减,大幅提高敌人当前运起的「轻灵」功法的脚力衰减
270,镜花水月,5,“峥嵘栋梁，一旦而摧，水月镜像，无心去来”。镜花水月之法能化心神为镜，照映万千思绪，混同虚实真伪，使人惘然恍惚，不知所措。,3,绝技,Invalid,2,8,2,414,true,true,23,属性1=75; 属性4=100; 属性82=350; 属性53=280; 属性62=280,168,894,3,8,5,true,"3, 4, 5, 6",2,350,0,0,-1,-1,0,"0, 0, 0, 0",0,"0, 0, 0, 0","0, 0, 0, 0","外:0, 内:0","外:0, 内:0","外:0, 内:0",0,0,0,0,0,0,0,0,"0, 0, 0, 0, 0, 0",4500,list,0,45,70,20,0,0,list2,0,0,-1,-1,"20, 20, 1, 20, 20, 20, 20",0,"0, 0, 0, 0",false,false,"0, 0, 0, 0, 0, 0, 0, 0, 0, 0, 0, 0",0,-1,,0,0,0,"0, 0, 0, 0",36,0,36,-1,-1,false,-1,-1,-1,0,0,0,"0, 250, 250, 0",150,0,0,600,0,list3,"0, 0, 0, 0, 0, 0, 0","90, 90, 50, 0, 0, 0, 0",0,35,list,"0, 0, 0, 0, 0",loopBonusSkillList,0,"20, 16, 29, 31",以此功法进行防御时，敌人拥有的「无」式越多，运用者就有越高的几率直接化解敌人的攻击,以此功法进行防御时，敌人受到的失神标记越多，运用者就有越高的几率直接化解敌人的攻击
271,女娲补天式,6,女娲补天式以气海为混沌，诸脉为阴阳，能和同清浊，绝止凶戾，使生机复苏，化伤止害，有补修苍天，扶正四极之力。,3,绝技,Invalid,3,8,2,415,true,true,24,属性4=110; 属性5=80; 属性82=400; 属性53=320; 属性62=320,169,895,4,1,6,true,"0, 1, 2",3,400,0,0,-1,-1,0,"0, 0, 0, 0",0,"0, 0, 0, 0","0, 0, 0, 0","外:0, 内:0","外:0, 内:0","外:0, 内:0",0,0,0,0,0,0,0,0,"0, 0, 0, 0, 0, 0",6000,list,0,45,100,20,0,0,list2,0,0,-1,-1,"20, 20, 1, 20, 20, 20, 20",0,"0, 0, 0, 0",false,false,"0, 0, 0, 0, 0, 0, 0, 0, 0, 0, 0, 0",0,-1,,0,0,0,"0, 0, 0, 0",36,0,36,-1,-1,false,-1,-1,-1,0,400,400,"0, 0, 0, 0",0,0,0,600,0,list3,"0, 0, 0, 0, 0, 0, 0","110, 110, 70, 0, 0, 0, 0",65,0,list,"0, 0, 0, 0, 0",loopBonusSkillList,0,"19, 16, 30, 31, 32",以此功法进行防御时：如果运用者的战败标记总数达到战败条件，运用者不会被击败；如果此功法防御结束时，运用者的战败标记总数达到战败条件，运用者的外伤标记会恢复至此功法防御开始时的数量,以此功法进行防御时：如果运用者的战败标记总数达到战败条件，运用者不会被击败；如果此功法防御结束时，运用者的战败标记总数达到战败条件，运用者的内伤标记会恢复至此功法防御开始时的数量
272,七手八脚功,0,“君子性非异也，善假于物也”。七手八脚功乃匠人所创，能借器物之势成我之威风，顺器物之利助我之来去，身携越多器物，越有便利。,4,绝技,Invalid,1,9,5,416,true,false,13,属性1=35; 属性3=35; 属性5=30; 属性82=100; 属性56=60; 属性57=60; 属性60=60; 属性61=60,170,896,1,8,0,false,"3, 4, 5, 6",1,100,0,0,-1,-1,0,"0, 0, 0, 0",0,"0, 0, 0, 0","0, 0, 0, 0","外:0, 内:0","外:0, 内:0","外:0, 内:0",0,0,0,0,0,0,0,0,"0, 0, 0, 0, 0, 0",0,list,0,0,0,20,0,0,list2,0,0,-1,-1,"20, 20, 1, 20, 20, 20, 20",0,"0, 0, 0, 0",false,false,"0, 0, 0, 0, 0, 0, 0, 0, 0, 0, 0, 0",0,-1,,0,0,0,"0, 0, 0, 0",36,0,36,-1,-1,false,-1,-1,-1,0,0,0,"0, 0, 0, 0",0,0,0,0,0,属性18=20,"0, 0, 0, 10, 10, 10, 10","0, 0, 0, 10, 10, 10, 10",0,0,list,"0, 0, 0, 0, 0",loopBonusSkillList,0,"20, 19, 29, 30, 31, 32",当运用者装备3种不同类型的兵器时，运用者的施展速度提高,当运用者装备3种不同类型的兵器时，运用者的移动速度提高
273,木甲护身法,1,木甲护身法乃铸剑山庄御物法门之一，欲修此法者，需将无数细小的机关设置于躯干之上，从而在遇敌之时卸去劲力，护守其身。,3,绝技,Invalid,1,9,3,417,true,false,14,属性3=80; 属性5=35; 属性82=150; 属性56=90; 属性57=90; 属性60=90; 属性61=90,171,897,1,4,1,false,"0, 1",1,150,0,0,-1,-1,0,"0, 0, 0, 0",0,"0, 0, 0, 0","0, 0, 0, 0","外:0, 内:0","外:0, 内:0","外:0, 内:0",0,0,0,0,0,0,0,0,"0, 0, 0, 0, 0, 0",3000,list,0,40,0,20,0,0,list2,0,0,-1,-1,"20, 20, 1, 20, 20, 20, 20",0,"0, 0, 0, 0",false,false,"0, 0, 0, 0, 0, 0, 0, 0, 0, 0, 0, 0",0,-1,,0,0,0,"0, 0, 0, 0",36,0,36,-1,-1,false,-1,-1,-1,0,0,0,"0, 0, 0, 0",0,60,60,900,50,list3,"20, 20, 10, 0, 0, 0, 0","20, 20, 10, 0, 0, 0, 0",0,0,list,"0, 0, 0, 0, 0",loopBonusSkillList,0,"20, 19, 29, 30, 32",以此功法进行防御时：运用者受到的所有直接伤害降低15%；如果敌人的精纯境界不高于运用者，或敌人所用兵器的品级不高于运用者受攻击的部位的护具的品级至少2个品级，运用者所有护具的坚韧大幅提高,以此功法进行防御时：运用者受到的所有直接伤害降低15%；如果敌人的精纯境界不高于运用者，或敌人所用兵器的品级不高于运用者受攻击的部位的护具的品级至少2个品级，运用者所有护具的破刃大幅提高
274,辟甲真钢十四诀,2,辟甲真刚十四诀乃匠人于反复锤炼、雕琢器物时练就，修习者可从器物的撞击、挥舞之声中察觉其薄弱之处与缝隙所在，以彼之弱而成我之所强。,4,绝技,Invalid,1,9,5,418,true,false,15,属性1=45; 属性3=45; 属性5=40; 属性82=200; 属性56=120; 属性57=120; 属性60=120; 属性61=120,172,898,2,4,2,false,2,1,200,0,0,-1,-1,0,"0, 0, 0, 0",0,"0, 0, 0, 0","0, 0, 0, 0","外:0, 内:0","外:0, 内:0","外:0, 内:0",0,0,0,0,0,0,0,0,"0, 0, 0, 0, 0, 0",0,list,0,0,0,20,0,0,list2,0,0,-1,-1,"20, 20, 1, 20, 20, 20, 20",0,"0, 0, 0, 0",false,false,"0, 0, 0, 0, 0, 0, 0, 0, 0, 0, 0, 0",0,-1,,0,0,0,"0, 0, 0, 0",36,0,36,-1,-1,false,-1,-1,-1,0,0,0,"0, 0, 0, 0",0,0,0,0,0,属性6=60,"50, 50, 30, 0, 0, 0, 0","0, 0, 0, 0, 0, 0, 0",0,0,list,"0, 0, 0, 0, 0",loopBonusSkillList,0,"20, 19, 17, 30, 31, 32",大幅提高运用者的兵器的破甲、坚韧,大幅提高运用者的护具的破刃、坚韧
275,神机阵,3,正所谓：“神机分万象，慧眼见虚实”。神机阵内由列阵者布下重重机关，阵眼可借机关察知虚实，避开凶险，动必有功，如有神助。,4,绝技,Invalid,2,9,3,419,true,false,16,属性1=50; 属性3=50; 属性5=45; 属性82=250; 属性56=150; 属性57=150; 属性60=150; 属性61=150,173,899,2,8,3,false,"0, 1, 2, 3, 4, 5, 6",2,250,0,0,-1,-1,0,"0, 0, 0, 0",0,"0, 0, 0, 0","0, 0, 0, 0","外:0, 内:0","外:0, 内:0","外:0, 内:0",0,0,0,0,0,0,0,0,"0, 0, 0, 0, 0, 0",0,list,0,0,0,20,0,0,list2,0,0,-1,-1,"20, 20, 1, 20, 20, 20, 20",0,"0, 0, 0, 0",false,false,"0, 0, 0, 0, 0, 0, 0, 0, 0, 0, 0, 0",0,-1,,0,0,0,"0, 0, 0, 0",36,0,36,-1,-1,false,-1,-1,-1,0,0,0,"0, 0, 0, 0",0,0,0,0,0,list3,"0, 0, 0, 0, 0, 0, 0","0, 0, 0, 0, 0, 0, 0",0,0,list,"0, 0, 0, 0, 0",loopBonusSkillList,0,"20, 19, 16, 17, 29, 30, 31, 32",运用者助战的同道能够更频繁地使用「警示」、「掠阵」指令在短时间内增加运用者的化解、命中,运用者助战的同道在使用「警示」、「掠阵」指令时，能够更多的增加运用者的化解、命中
276,天兵披甲术,4,凡兵有质，神甲无形。天兵披甲术乃是以内力灌注于甲胄之中，弥补缺隙，化虚为实的法门，可令凡铁化为精金，不为外力所摧毁。,3,绝技,Invalid,2,9,3,420,true,false,17,属性3=110; 属性5=50; 属性82=300; 属性56=180; 属性57=180; 属性60=180; 属性61=180,174,900,3,4,4,false,"0, 1",2,300,0,0,-1,-1,0,"0, 0, 0, 0",0,"0, 0, 0, 0","0, 0, 0, 0","外:0, 内:0","外:0, 内:0","外:0, 内:0",0,0,0,0,0,0,0,0,"0, 0, 0, 0, 0, 0",4500,list,0,40,40,20,0,0,list2,0,0,-1,-1,"20, 20, 1, 20, 20, 20, 20",0,"0, 0, 0, 0",false,false,"0, 0, 0, 0, 0, 0, 0, 0, 0, 0, 0, 0",0,-1,,0,0,0,"0, 0, 0, 0",36,0,36,-1,-1,false,-1,-1,-1,0,300,300,"0, 0, 0, 0",0,0,0,600,0,list3,"70, 70, 40, 0, 0, 0, 0","0, 0, 0, 0, 0, 0, 0",45,0,list,"0, 0, 0, 0, 0",loopBonusSkillList,0,"19, 17, 30, 31, 32",以此功法进行防御时，如果敌人的精纯境界不高于运用者，或敌人所用兵器的品级不高于运用者受攻击的部位的护具的品级至少2个品级，敌人对运用者造成的所有直接外伤降低60%,以此功法进行防御时，如果敌人的精纯境界不高于运用者，或敌人所用兵器的品级不高于运用者受攻击的部位的护具的品级至少2个品级，敌人对运用者造成的所有直接内伤降低60%
277,玲珑九窍,5,“九窍、五藏、十二节，皆通乎天气”。玲珑九窍之法非能工难以参悟，非巧匠难以功成，可以宝物之灵滋养九窍，使人内充外逸、气足神完。,3,绝技,Invalid,2,9,5,421,true,false,18,属性3=120; 属性5=55; 属性82=350; 属性56=210; 属性57=210; 属性60=210; 属性61=210,175,901,3,4,5,true,"0, 1",2,350,0,0,-1,-1,0,"0, 0, 0, 0",0,"0, 0, 0, 0","0, 0, 0, 0","外:0, 内:0","外:0, 内:0","外:0, 内:0",0,0,0,0,0,0,0,0,"0, 0, 0, 0, 0, 0",6000,list,0,40,60,20,0,0,list2,0,0,-1,-1,"20, 20, 1, 20, 20, 20, 20",0,"0, 0, 0, 0",false,false,"0, 0, 0, 0, 0, 0, 0, 0, 0, 0, 0, 0",0,-1,,0,0,0,"0, 0, 0, 0",36,0,36,-1,-1,false,-1,-1,-1,0,0,0,"250, 250, 250, 0",0,0,0,600,0,list3,"45, 45, 25, 0, 0, 0, 0","45, 45, 25, 0, 0, 0, 0",0,35,list,"0, 0, 0, 0, 0",loopBonusSkillList,0,"20, 29, 30, 31",以此功法进行防御时，每当运用者将敌人非追击的兵器攻击化解，运用者驱动所装备的随机宝物损耗1点耐久修复运用者的一件非宝物的装备3点耐久，且根据该宝物的品级增加运用者随机1件兵器的解封进度,以此功法进行防御时，每当运用者将敌人非追击的兵器攻击化解，运用者驱动所装备的随机宝物损耗1点耐久损坏敌人的一件非宝物的装备3点耐久，且根据宝物的品级增加运用者随机1件兵器的解封进度
278,天铸玄铁册,6,天铸玄铁册之法记于天铁之上，乃天造之物，非凡人书写。此册共上下两页，记凡铁三十类、金英十九类、奇山七座、地脉五条，道尽其中诸般变化。,4,绝技,Invalid,3,9,3,422,true,true,19,属性3=130; 属性5=60; 属性82=400; 属性56=240; 属性57=240; 属性60=240; 属性61=240,176,902,4,4,6,false,"0, 2",3,400,0,0,-1,-1,0,"0, 0, 0, 0",0,"0, 0, 0, 0","0, 0, 0, 0","外:0, 内:0","外:0, 内:0","外:0, 内:0",0,0,0,0,0,0,0,0,"0, 0, 0, 0, 0, 0",0,list,0,0,0,20,0,0,list2,0,0,-1,-1,"20, 20, 1, 20, 20, 20, 20",0,"0, 0, 0, 0",false,false,"0, 0, 0, 0, 0, 0, 0, 0, 0, 0, 0, 0",0,-1,,0,0,0,"0, 0, 0, 0",36,0,36,-1,-1,false,-1,-1,-1,0,0,0,"0, 0, 0, 0",0,0,0,0,0,属性24=40,"110, 110, 70, 0, 0, 0, 0","0, 0, 0, 0, 0, 0, 0",65,0,list,"0, 0, 0, 0, 0",loopBonusSkillList,0,"19, 17, 29, 30, 31, 32",运用者的锻造、制木、巧匠、织锦造诣越高，运用者兵器的发挥威力就额外提高越多；此功法额外提高的发挥威力不低于50%时，运用者装备的兵器将在战斗中变化为「玄兵」：「玄兵」无法被卸除；「玄兵」不会因进行兵器攻击而损坏；以「玄兵」攻击造成的直接伤害无法被任何效果降低，除非敌人受到「玄甲」的保护,运用者的锻造、制木、巧匠、织锦造诣越高，运用者护具的发挥威力就额外提高越多；此功法额外提高的发挥威力不低于50%时，运用者装备的护具将在战斗中变化为「玄甲」：「玄甲」无法被卸除；「玄甲」不会因受到兵器攻击而损坏；以「玄甲」抵挡的所有直接伤害无法被任何效果提高，除非敌人以「玄兵」进行攻击
279,四指青膏,0,四指青膏乃是将百草青汁涂抹于四指之上，再以抹、化、截、封等巧妙手法施药的法门。,4,绝技,Invalid,1,10,4,423,true,false,10,属性1=30; 属性2=30; 属性5=40; 属性82=100; 属性58=80; 属性59=80,177,903,1,8,0,false,"3, 4",1,100,0,0,-1,-1,0,"0, 0, 0, 0",0,"0, 0, 0, 0","0, 0, 0, 0","外:0, 内:0","外:0, 内:0","外:0, 内:0",0,0,0,0,0,0,0,0,"0, 0, 0, 0, 0, 0",0,list,0,0,30,20,0,0,list2,0,0,-1,-1,"20, 20, 1, 20, 20, 20, 20",0,"0, 0, 0, 0",false,false,"0, 0, 0, 0, 0, 0, 0, 0, 0, 0, 0, 0",0,-1,,0,0,0,"0, 0, 0, 0",36,0,36,-1,-1,false,-1,-1,-1,0,0,0,"0, 0, 0, 0",0,0,0,0,0,属性27=20,"15, 15, 5, 0, 0, 0, 0","15, 15, 5, 0, 0, 0, 0",0,0,list,"0, 0, 0, 0, 0",loopBonusSkillList,0,"20, 19, 29, 30, 31, 32",当运用者的「奇窍」真气高于敌人的「奇窍」真气时，敌人对运用者造成的所有直接伤害降低15%,当运用者的「奇窍」真气高于敌人「奇窍」真气的两倍时，运用者对敌人造成的所有直接伤害提高15%
280,三部九候法,1,正所谓：“人有三部，部有三候”。三部九侯法以切脉、按诊之术遍察人体上、中、下三部，每部天、地、人三侯，修习者能明百病，知邪疾，辨虚实，断死生。,4,绝技,Invalid,1,10,5,424,true,false,11,属性1=35; 属性2=35; 属性5=45; 属性82=150; 属性58=120; 属性59=120,178,904,1,8,1,false,"3, 4",1,150,0,0,-1,-1,0,"0, 0, 0, 0",0,"0, 0, 0, 0","0, 0, 0, 0","外:0, 内:0","外:0, 内:0","外:0, 内:0",0,0,0,0,0,0,0,0,"0, 0, 0, 0, 0, 0",0,list,0,0,30,20,0,0,list2,0,0,-1,-1,"20, 20, 1, 20, 20, 20, 20",0,"0, 0, 0, 0",false,false,"0, 0, 0, 0, 0, 0, 0, 0, 0, 0, 0, 0",0,-1,,0,0,0,"0, 0, 0, 0",36,0,36,-1,-1,false,-1,-1,-1,0,0,0,"0, 0, 0, 0",0,0,0,0,0,属性13=60,"20, 20, 10, 0, 0, 0, 0","20, 20, 10, 0, 0, 0, 0",0,0,list,"0, 0, 0, 0, 0",loopBonusSkillList,0,"20, 19, 29, 31, 32",运用者与敌人的距离小于5时，敌我距离越近，运用者的力道、精妙、迅疾、动心就提高越多,运用者与敌人的距离小于5时，敌我距离越近，运用者的卸力、拆招、闪避、守心就提高越多
281,透骨切剖法,2,透骨切剖法乃剖析人体之术，非寻常医术，此法自肌肤至脏腑，自骨骼至血髓，人身要害，关窍玄机，无有不知。,4,绝技,Invalid,1,10,5,425,true,false,12,属性1=40; 属性2=40; 属性5=50; 属性82=200; 属性58=160; 属性59=160,179,905,2,8,2,false,"3, 4",1,200,0,0,-1,-1,0,"0, 0, 0, 0",0,"0, 0, 0, 0","0, 0, 0, 0","外:0, 内:0","外:0, 内:0","外:0, 内:0",0,0,0,0,0,0,0,0,"0, 0, 0, 0, 0, 0",0,list,0,0,40,20,0,0,list2,0,0,-1,-1,"20, 20, 1, 20, 20, 20, 20",0,"0, 0, 0, 0",false,false,"0, 0, 0, 0, 0, 0, 0, 0, 0, 0, 0, 0",0,-1,,0,0,0,"0, 0, 0, 0",36,0,36,-1,-1,false,-1,-1,-1,0,0,0,"0, 0, 0, 0",0,0,0,0,0,属性7=60,"25, 25, 15, 0, 0, 0, 0","25, 25, 15, 0, 0, 0, 0",0,0,list,"0, 0, 0, 0, 0",loopBonusSkillList,0,"20, 19, 29, 31, 32",运用者对敌人未受伤的部位造成的直接外伤提高45%,运用者对敌人未受伤的部位造成的直接内伤提高45%
282,五黄辟毒术,3,五黄，即五味名中带黄、于恶月使用的辟邪药材。五黄辟毒术以五黄为引，能辟除百毒，消解疠气，使阳气生发，阴邪退散。,3,绝技,Invalid,2,10,4,426,true,false,13,属性3=40; 属性4=40; 属性5=65; 属性82=250; 属性58=200; 属性59=200,180,906,2,5,3,true,2,2,250,0,0,-1,-1,0,"0, 0, 0, 0",0,"0, 0, 0, 0","0, 0, 0, 0","外:0, 内:0","外:0, 内:0","外:0, 内:0",0,0,0,0,0,0,0,0,"0, 0, 0, 0, 0, 0",4500,list,0,40,60,20,0,0,list2,0,0,-1,-1,"20, 20, 1, 20, 20, 20, 20",0,"0, 0, 0, 0",false,false,"0, 0, 0, 0, 0, 0, 0, 0, 0, 0, 0, 0",0,-1,,0,0,0,"0, 0, 0, 0",36,0,36,-1,-1,false,-1,-1,-1,0,0,0,"0, 500, 0, 0",0,0,0,300,0,list3,"35, 35, 20, 0, 0, 0, 0","35, 35, 20, 0, 0, 0, 0",0,0,list,"0, 0, 0, 0, 0",loopBonusSkillList,0,"20, 19, 29, 30, 31",以此功法进行防御时：运用者免受所有直接毒害；敌人对运用者施加的毒素，反而会减少运用者相应的毒素,以此功法进行防御时：运用者免受所有直接毒害；敌人对运用者施加的毒素，反而会施加到敌人自己的身上
283,子午安息香,4,“春生，夏长，秋收，冬藏，气之常也，人亦应之，以一日分为四时”。子午安息香合于营卫运行之理，深入经隧之中，可使中者神气归藏，困倦安息。,4,绝技,Invalid,2,10,4,427,true,false,14,属性3=45; 属性4=45; 属性5=70; 属性82=300; 属性58=240; 属性59=240,181,907,3,5,4,true,2,2,300,0,0,-1,-1,0,"0, 0, 0, 0",0,"0, 0, 0, 0","0, 0, 0, 0","外:0, 内:0","外:0, 内:0","外:0, 内:0",0,0,0,0,0,0,0,0,"0, 0, 0, 0, 0, 0",0,list,0,0,100,20,0,0,list2,0,0,-1,-1,"20, 20, 1, 20, 20, 20, 20",0,"0, 0, 0, 0",false,false,"0, 0, 0, 0, 0, 0, 0, 0, 0, 0, 0, 0",0,-1,,0,0,0,"0, 0, 0, 0",36,0,36,-1,-1,false,-1,-1,-1,0,0,0,"0, 0, 0, 0",0,0,0,0,0,属性26=30,"35, 35, 20, 0, 0, 0, 0","35, 35, 20, 0, 0, 0, 0",0,25,list,"0, 0, 0, 0, 0",loopBonusSkillList,0,"20, 29, 30, 31, 32",每当运用者以直接伤害对敌人造成伤势、中毒或重创标记，运用者获得5点随机类型的真气,每当运用者以直接伤害对敌人造成伤势、中毒或重创标记，敌人失去5点随机类型的真气
284,驱血法,5,“气壮则血行，气衰则血止”。驱血法极难修炼，需以内力导引体内血液，或改变气血运转之速度，或调换气血运行之流向。,4,绝技,Invalid,2,10,5,428,true,false,15,属性3=50; 属性4=50; 属性5=75; 属性82=350; 属性58=280; 属性59=280,182,908,3,0,5,true,"0, 1",2,350,0,0,-1,-1,0,"0, 0, 0, 0",0,"0, 0, 0, 0","0, 0, 0, 0","外:0, 内:0","外:0, 内:0","外:0, 内:0",0,0,0,0,0,0,0,0,"0, 0, 0, 0, 0, 0",0,list,0,0,70,20,0,0,list2,0,0,-1,-1,"20, 20, 1, 20, 20, 20, 20",0,"0, 0, 0, 0",false,false,"0, 0, 0, 0, 0, 0, 0, 0, 0, 0, 0, 0",0,-1,,0,0,0,"0, 0, 0, 0",36,0,36,-1,-1,false,-1,-1,-1,0,0,0,"0, 0, 0, 0",0,0,0,0,0,属性28=40; 属性29=40; 属性31=40; 属性30=40; 属性32=40; 属性33=40,"55, 55, 35, 0, 0, 0, 0","55, 55, 35, 0, 0, 0, 0",0,0,list,"0, 0, 0, 0, 0",loopBonusSkillList,0,"20, 19, 29, 30, 31, 32",提高战斗中运用者对敌人造成的直接毒害,降低战斗中敌人毒发所需要的行为次数，使敌人更容易毒发
285,白水长生法,6,白水出于昆仑之山，饮之不死。白水长生法脱胎于黄白之术，其法乃是以药毒之偏性助人打通经脉，使真气源源不绝，如同仙人服食神丹，寿无穷已，与天地相毕。,4,绝技,Invalid,3,10,4,429,true,true,16,属性3=55; 属性4=55; 属性5=80; 属性82=400; 属性58=320; 属性59=320,183,909,4,0,6,true,"0, 1, 2, 3, 4, 5, 6",3,400,0,0,-1,-1,0,"0, 0, 0, 0",0,"0, 0, 0, 0","0, 0, 0, 0","外:0, 内:0","外:0, 内:0","外:0, 内:0",0,0,0,0,0,0,0,0,"0, 0, 0, 0, 0, 0",0,list,0,0,100,20,0,0,list2,0,0,-1,-1,"20, 20, 1, 20, 20, 20, 20",0,"0, 0, 0, 0",false,false,"0, 0, 0, 0, 0, 0, 0, 0, 0, 0, 0, 0",0,-1,,0,0,0,"0, 0, 0, 0",36,0,36,-1,-1,false,-1,-1,-1,0,0,0,"0, 0, 0, 0",0,0,0,0,0,属性19=40,"65, 65, 45, 0, 0, 0, 0","65, 65, 45, 0, 0, 0, 0",0,0,list,"0, 0, 0, 0, 0",loopBonusSkillList,0,"20, 19, 29, 30, 31, 32",每当敌人毒性发作，运用者获得相当于发作毒素的标记数量3倍的「奇窍」真气，且降低运用者的新增紊乱,每当运用者毒性发作，运用者获得相当于发作毒素的标记数量3倍的「奇窍」真气，且降低运用者的新增紊乱
286,青蛟生骨功,7,“譬彼蛟龙，乘云浮兮，雷动电发，馺高举兮，驰风骋雨，游无穷兮”。青蛟生骨功讲究“升虚凌冥，沛浊浮清”，有使骨肉再生、阴阳相续之用。,3,绝技,Invalid,3,10,4,430,true,true,17,属性3=60; 属性4=60; 属性5=85; 属性82=450; 属性58=360; 属性59=360,184,910,4,1,7,true,"0, 1, 2, 3, 4, 5, 6",3,450,0,0,-1,-1,0,"0, 0, 0, 0",0,"0, 0, 0, 0","0, 0, 0, 0","外:0, 内:0","外:0, 内:0","外:0, 内:0",0,0,0,0,0,0,0,0,"0, 0, 0, 0, 0, 0",4500,list,0,50,100,20,0,0,list2,0,0,-1,-1,"20, 20, 1, 20, 20, 20, 20",0,"0, 0, 0, 0",false,false,"0, 0, 0, 0, 0, 0, 0, 0, 0, 0, 0, 0",0,-1,,0,0,0,"0, 0, 0, 0",36,0,36,-1,-1,false,-1,-1,-1,0,0,0,"400, 0, 400, 0",200,0,0,600,0,list3,"80, 80, 60, 0, 0, 0, 0","80, 80, 60, 0, 0, 0, 0",0,0,list,"0, 0, 0, 0, 0",loopBonusSkillList,0,"20, 19, 29, 31",以此功法进行防御时：如果运用者的战败标记总数达到战败条件，运用者不会被击败；运用者所有的外伤标记均会随时间迅速自行消除；此功法防御结束时，消除运用者6个重创标记,以此功法进行防御时：如果运用者的战败标记总数达到战败条件，运用者不会被击败；运用者所有的内伤标记均会随时间迅速自行消除；此功法防御结束时，消除运用者6个重创标记
287,九色玉蝉法,8,玉蝉之为物：“蜕于浊秽，以浮游尘埃之外，不获世之污垢”。九色玉蝉法能炼化元精，积储元魂，传说修此秘法者，只要内气不散，便成不死不灭之身。,4,绝技,Invalid,3,10,4,431,true,true,18,属性3=65; 属性4=65; 属性5=90; 属性82=500; 属性58=400; 属性59=400,185,911,5,5,8,true,2,3,500,0,0,-1,-1,0,"0, 0, 0, 0",0,"0, 0, 0, 0","0, 0, 0, 0","外:0, 内:0","外:0, 内:0","外:0, 内:0",0,0,0,0,0,0,0,0,"0, 0, 0, 0, 0, 0",0,list,0,0,100,20,0,0,list2,0,0,-1,-1,"20, 20, 1, 20, 20, 20, 20",0,"0, 0, 0, 0",false,false,"0, 0, 0, 0, 0, 0, 0, 0, 0, 0, 0, 0",0,-1,,0,0,0,"0, 0, 0, 0",36,0,36,-1,-1,false,-1,-1,-1,0,0,0,"0, 0, 0, 0",0,0,0,0,0,属性27=40,"80, 80, 60, 0, 0, 0, 0","80, 80, 60, 0, 0, 0, 0",100,0,list,"0, 0, 0, 0, 0",loopBonusSkillList,0,"19, 29, 30, 31, 32",当运用者的战败标记总数达到战败条件时，运用者立即不可避免地消耗9点「奇窍」真气，随机消除运用者的总计9个伤势标记、妨害标记、重创标记,当运用者的战败标记总数达到战败条件时，运用者立即不可避免地消耗9点「奇窍」真气，消除运用者所有的伤势标记、妨害标记、重创标记；此功法每次生效后，下次生效所需消耗的「奇窍」真气增加9点，最多消耗99点
288,随所欲,0,“人生而静，天之性也。感于物而动，性之欲也”。随所欲之法由人之天性而发，运功者可随欲而动，不计得失，因物所感，无有拘束。,4,绝技,Invalid,1,11,5,432,true,false,13,属性2=30; 属性3=35; 属性4=35; 属性82=100; 属性63=100,186,912,1,3,0,true,2,1,100,0,0,-1,-1,0,"0, 0, 0, 0",0,"0, 0, 0, 0","0, 0, 0, 0","外:0, 内:0","外:0, 内:0","外:0, 内:0",0,0,0,0,0,0,0,0,"0, 0, 0, 0, 0, 0",0,list,0,0,50,20,0,0,list2,0,0,-1,-1,"20, 20, 1, 20, 20, 20, 20",0,"0, 0, 0, 0",false,false,"0, 0, 0, 0, 0, 0, 0, 0, 0, 0, 0, 0",0,-1,,0,0,0,"0, 0, 0, 0",36,0,36,-1,-1,false,-1,-1,-1,0,0,0,"0, 0, 0, 0",0,0,0,0,0,属性12=60,"15, 15, 5, 0, 0, 0, 0","15, 15, 5, 0, 0, 0, 0",0,5,list,"0, 0, 0, 0, 0",loopBonusSkillList,0,"20, 30, 31, 32",每当运用者以直接伤害对敌人造成伤势或重创标记时，运用者获得5点随机类型的真气或失去3点随机类型的真气，同时失去1个无法使用的式，如果运用者因此功法失去真气，下次必然因此功法获得真气,每当敌人以直接伤害对运用者造成伤势或重创标记时，运用者获得5点随机类型的真气或失去3点随机类型的真气，同时失去1个无法使用的式，如果运用者因此功法失去真气，下次必然因此功法获得真气
289,拿脉功,1,所谓：“脉道以通，血气乃行”。拿脉功架势繁而不乱、直取要害，乃是通过拿捏脉门而使人气血不行、无法动作的技法。,3,绝技,Invalid,1,11,0,433,true,false,14,属性0=40; 属性2=35; 属性4=40; 属性82=150; 属性63=150,187,913,1,8,1,true,"3, 4",1,150,0,0,-1,-1,0,"0, 0, 0, 0",0,"0, 0, 0, 0","0, 0, 0, 0","外:0, 内:0","外:0, 内:0","外:0, 内:0",0,0,0,0,0,0,0,0,"0, 0, 0, 0, 0, 0",3000,list,0,40,40,20,0,0,list2,0,0,-1,-1,"20, 20, 1, 20, 20, 20, 20",0,"0, 0, 0, 0",false,false,"0, 0, 0, 0, 0, 0, 0, 0, 0, 0, 0, 0",0,-1,,0,0,0,"0, 0, 0, 0",36,0,36,-1,-1,false,-1,-1,-1,0,0,0,"100, 100, 100, 0",100,0,0,300,0,list3,"40, 40, 20, 0, 0, 0, 0","0, 0, 0, 0, 0, 0, 0",0,0,list,"0, 0, 0, 0, 0",loopBonusSkillList,0,"20, 19, 17, 29, 31",以此功法进行防御时，每当运用者成功对敌人的兵器攻击进行反击，向敌人施加一个降低架势恢复的损害状态,以此功法进行防御时，每当运用者成功对敌人的兵器攻击进行反击，向敌人施加一个降低提气恢复的损害状态
290,易筋缩骨功,2,易筋缩骨功易学难精，时有妙用，乃是控制自身关节、骨骼，以使身形能够陡然缩小，筋肉之间不留丝毫间隙的法门。,3,绝技,Invalid,1,11,0,434,true,false,15,属性2=40; 属性3=90; 属性82=200; 属性63=200,188,914,2,2,2,false,"0, 1, 3, 4, 5, 6",1,200,0,0,-1,-1,0,"0, 0, 0, 0",0,"0, 0, 0, 0","0, 0, 0, 0","外:0, 内:0","外:0, 内:0","外:0, 内:0",0,0,0,0,0,0,0,0,"0, 0, 0, 0, 0, 0",4500,list,0,35,30,20,0,0,list2,0,0,-1,-1,"20, 20, 1, 20, 20, 20, 20",0,"0, 0, 0, 0",false,false,"0, 0, 0, 0, 0, 0, 0, 0, 0, 0, 0, 0",0,-1,,0,0,0,"0, 0, 0, 0",36,0,36,-1,-1,false,-1,-1,-1,0,0,0,"150, 150, 150, 0",0,0,0,600,0,list3,"40, 40, 20, 20, 20, 20, 20","0, 0, 0, 0, 0, 0, 0",0,0,list,"0, 0, 0, 0, 0",loopBonusSkillList,0,"20, 19, 17, 29, 30, 31",以此功法进行防御时，运用者的四肢不会出现新的破绽、点穴、不会被命中要害，且敌人以运用者的四肢为目标的攻击更容易被化解,以此功法进行防御时，运用者的胸腹不会出现新的破绽、点穴、不会被命中要害，且敌人以运用者的胸腹为目标的攻击更容易被化解
291,七轮感应法,3,三脉七轮乃人体灵气汇集之所。修习七轮感应法者需由静定入门，观想周身，及至觉察体内气机流动、脉轮旋转，便可身心相应，运化自如。,4,绝技,Invalid,2,11,5,435,true,false,16,属性2=45; 属性3=50; 属性4=50; 属性82=250; 属性63=250,189,915,2,6,3,true,"0, 1",2,250,0,0,-1,-1,0,"0, 0, 0, 0",0,"0, 0, 0, 0","0, 0, 0, 0","外:0, 内:0","外:0, 内:0","外:0, 内:0",0,0,0,0,0,0,0,0,"0, 0, 0, 0, 0, 0",0,list,0,0,100,20,0,0,list2,0,0,-1,-1,"20, 20, 1, 20, 20, 20, 20",0,"0, 0, 0, 0",false,false,"0, 0, 0, 0, 0, 0, 0, 0, 0, 0, 0, 0",0,-1,,0,0,0,"0, 0, 0, 0",36,0,36,-1,-1,false,-1,-1,-1,0,0,0,"0, 0, 0, 0",0,0,0,0,0,属性22=30,"0, 0, 0, 0, 0, 0, 0","50, 50, 30, 30, 30, 30, 30",0,0,list,"0, 0, 0, 0, 0",loopBonusSkillList,0,"20, 19, 16, 29, 30, 31, 32",运用者在受到增益状态时，所有增益状态的初始强度加倍，并向运用者额外施加一个缓慢增加随机类型真气的增益状态；且运用者的增益状态的强度在被增强时，增强的幅度也会提高,敌人在受到损害状态时，所有损害状态的初始强度加倍，并向敌人额外施加一个缓慢减少随机类型真气的损害状态；且敌人的损害状态的强度在被增强时，增强的幅度也会提高
292,曼荼罗真言,4,曼荼罗真言轮圆具足，功德汇聚，形如团花，乃佛门秘藏，修习者心画宝印，口发真言，可开菩提道，破地狱门，望之如有天雨妙华环绕其身。,3,绝技,Invalid,2,11,0,436,true,false,17,属性2=80; 属性4=80; 属性82=300; 属性63=300,190,916,3,3,4,true,2,2,300,0,0,-1,-1,0,"0, 0, 0, 0",0,"0, 0, 0, 0","0, 0, 0, 0","外:0, 内:0","外:0, 内:0","外:0, 内:0",0,0,0,0,0,0,0,0,"0, 0, 0, 0, 0, 0",6000,list,0,45,100,20,0,0,list2,0,0,-1,-1,"20, 20, 1, 20, 20, 20, 20",0,"0, 0, 0, 0",false,false,"0, 0, 0, 0, 0, 0, 0, 0, 0, 0, 0, 0",0,-1,,0,0,0,"0, 0, 0, 0",36,0,36,-1,-1,false,-1,-1,-1,0,0,0,"0, 0, 0, 0",0,90,90,300,80,list3,"70, 70, 40, 0, 0, 0, 0","0, 0, 0, 0, 0, 0, 0",0,25,list,"0, 0, 0, 0, 0",loopBonusSkillList,0,"20, 17, 29, 30, 32",以此功法进行防御时：运用者受到的所有直接伤害降低30%；每当运用者反震敌人的攻击，运用者每对敌人造成1个伤势标记，运用者就获得5点「护体」真气,以此功法进行防御时：运用者受到的所有直接伤害降低30%；每当运用者反震敌人的攻击，运用者每对敌人造成1个伤势标记，运用者就获得5点「摧破」真气
293,明王拙火定,5,明王拙火定乃是经由观想腹中灵热而入定之法，修习者可见烟雾、萤火、阳焰、灯照、青天等五相，以炽燃之拙火断灭三毒，智慧之明光成就无碍。,3,绝技,Invalid,2,11,0,437,true,false,18,属性2=65; 属性3=70; 属性4=40; 属性82=350; 属性63=350,191,917,3,6,5,true,"0, 1",2,350,0,0,-1,-1,0,"0, 0, 0, 0",0,"0, 0, 0, 0","0, 0, 0, 0","外:0, 内:0","外:0, 内:0","外:0, 内:0",0,0,0,0,0,0,0,0,"0, 0, 0, 0, 0, 0",6000,list,0,40,70,20,0,0,list2,0,0,-1,-1,"20, 20, 1, 20, 20, 20, 20",0,"0, 0, 0, 0",false,false,"0, 0, 0, 0, 0, 0, 0, 0, 0, 0, 0, 0",0,-1,,0,0,0,"0, 0, 0, 0",36,0,36,-1,-1,false,-1,-1,-1,0,0,0,"500, 0, 0, 0",0,0,0,300,0,list3,"90, 90, 50, 0, 0, 0, 0","0, 0, 0, 0, 0, 0, 0",0,35,list,"0, 0, 0, 0, 0",loopBonusSkillList,0,"20, 17, 29, 30, 31",以此功法进行防御时，每当运用者将敌人的攻击卸力，运用者向敌人施加大量的烈性「剧毒」,以此功法进行防御时，每当运用者将敌人的攻击卸力，运用者向敌人施加大量的郁性「剧毒」
294,大手印,6,大手印不以言传，不具表象，相传乃是由佛祖亲手印定，周遍于生死涅槃之一切法中，故有至高无上之德，包容万物之用。,4,绝技,Invalid,3,11,0,438,true,false,19,属性2=70; 属性3=75; 属性4=45; 属性82=400; 属性63=400,192,918,4,3,6,true,2,3,400,0,0,-1,-1,0,"0, 0, 0, 0",0,"0, 0, 0, 0","0, 0, 0, 0","外:0, 内:0","外:0, 内:0","外:0, 内:0",0,0,0,0,0,0,0,0,"0, 0, 0, 0, 0, 0",0,list,0,0,100,20,0,0,list2,0,0,-1,-1,"20, 20, 1, 20, 20, 20, 20",0,"0, 0, 0, 0",false,false,"0, 0, 0, 0, 0, 0, 0, 0, 0, 0, 0, 0",0,-1,,0,0,0,"0, 0, 0, 0",36,0,36,-1,-1,false,-1,-1,-1,0,0,0,"0, 0, 0, 0",0,0,0,0,0,属性18=40,"0, 0, 0, 0, 0, 0, 0","110, 110, 70, 0, 0, 0, 0",0,45,list,"0, 0, 0, 0, 0",loopBonusSkillList,0,"20, 16, 29, 30, 31, 32",只要敌人所有类型的真气数量的总和低于运用者所有类型的真气数量的总和，敌人拥有的蓄式数量就无法超过5个；敌人因此而被提前消除的蓄式，会变化为5点敌人随机类型的真气,只要敌人所有类型的真气数量的总和高于运用者所有类型的真气数量的总和，敌人拥有的蓄式数量就无法超过5个；敌人因此而被提前消除的蓄式，会变化为5点运用者随机类型的真气
295,即身成佛,7,“见我身者发菩提心，闻我名者断恶修善，闻我法者得大智能，知我心者即身成佛”。唯有顿超三大阿僧祗劫，以无量劫为食粮的大能之士方可修得即身成佛之法。,3,绝技,Invalid,3,11,0,439,true,true,20,属性2=75; 属性3=130; 属性82=450; 属性63=450,193,919,4,6,7,true,"0, 1, 2, 3, 4, 5, 6",3,450,0,0,-1,-1,0,"0, 0, 0, 0",0,"0, 0, 0, 0","0, 0, 0, 0","外:0, 内:0","外:0, 内:0","外:0, 内:0",0,0,0,0,0,0,0,0,"0, 0, 0, 0, 0, 0",4500,list,0,45,50,20,0,0,list2,0,0,-1,-1,"20, 20, 1, 20, 20, 20, 20",0,"0, 0, 0, 0",false,false,"0, 0, 0, 0, 0, 0, 0, 0, 0, 0, 0, 0",0,-1,,0,0,0,"0, 0, 0, 0",36,0,36,-1,-1,false,-1,-1,-1,0,400,400,"0, 0, 0, 0",0,0,0,600,0,list3,"130, 130, 90, 90, 90, 90, 90","0, 0, 0, 0, 0, 0, 0",0,0,list,"0, 0, 0, 0, 0",loopBonusSkillList,0,"20, 19, 17, 30, 31",以此功法进行防御时：只要运用者未被命中要害，运用者就免受重创伤害；运用者的每3点「护体」真气，可以消除敌人对运用者造成的1个伤势标记，但运用者的内息紊乱会因此增加,以此功法进行防御时：只要运用者未被命中要害，运用者就免受重创伤害；运用者的每3点「护体」真气，可以消除敌人对运用者造成的1个妨害标记，但运用者的内息紊乱会因此增加
296,迷虫香,0,迷虫香可以百毒为饵，气血为食，乃是五仙教将敌身阴浊之气化为蛊引的饲蛊之法。,4,绝技,Invalid,1,12,1,440,true,false,14,属性1=50; 属性5=50; 属性82=100; 属性59=100,194,920,1,5,0,false,2,1,100,0,0,-1,-1,0,"0, 0, 0, 0",0,"0, 0, 0, 0","0, 0, 0, 0","外:0, 内:0","外:0, 内:0","外:0, 内:0",0,0,0,0,0,0,0,0,"0, 0, 0, 0, 0, 0",0,list,0,0,70,15,0,0,list2,0,0,-1,-1,"20, 20, 1, 20, 20, 20, 20",0,"0, 0, 0, 0",false,false,"0, 0, 0, 0, 0, 0, 0, 0, 0, 0, 0, 0",0,-1,,0,0,0,"0, 0, 0, 0",36,0,36,-1,-1,false,-1,-1,-1,0,0,0,"0, 0, 0, 0",0,0,0,0,0,属性14=60,"0, 0, 0, 0, 0, 0, 0","0, 0, 30, 0, 0, 0, 0",0,0,list,"0, 0, 0, 0, 0",loopBonusSkillList,0,"20, 19, 16, 29, 30, 31",运用者在战斗中持续获得蛊引，运用者的毒术越高，获得的速度越快，最多获得90只蛊引；运用者的蛊引越多，敌人毒发时衍生出的毒素量就越多,运用者在战斗中持续获得蛊引，运用者的毒术越高，获得的速度越快，最多获得90只蛊引；运用者的蛊引越多，运用者毒发时衍生出的毒素量就越少
297,乱情瘴,1,喜怒哀惧爱恶欲，谓之七情。乱情瘴乃是由真气激发迷香而成，此香虽无色无味，却能扰乱人心，使人七情郁结、五内煎熬。,3,绝技,Invalid,1,12,1,441,true,false,15,属性4=60; 属性5=55; 属性82=150; 属性59=150,195,921,1,5,1,false,2,1,150,0,0,-1,-1,0,"0, 0, 0, 0",0,"0, 0, 0, 0","0, 0, 0, 0","外:0, 内:0","外:0, 内:0","外:0, 内:0",0,0,0,0,0,0,0,0,"0, 0, 0, 0, 0, 0",3000,list,0,35,50,15,0,0,list2,0,0,-1,-1,"20, 20, 1, 20, 20, 20, 20",0,"0, 0, 0, 0",false,false,"0, 0, 0, 0, 0, 0, 0, 0, 0, 0, 0, 0",0,-1,,0,0,0,"0, 0, 0, 0",36,0,36,-1,-1,false,-1,-1,-1,0,0,0,"0, 0, 0, 200",0,0,0,300,0,list3,"15, 15, 5, 0, 0, 0, 0","15, 15, 5, 0, 0, 0, 0",0,10,list,"0, 0, 0, 0, 0",loopBonusSkillList,0,"20, 29, 30, 31",以此功法进行防御时，如果敌人的动心与守心之和不高于运用者的动心与守心之和，且敌人与运用者的距离不大于7，持续增加敌人的内息紊乱,以此功法进行防御时，如果敌人的动心与守心之和不高于运用者的动心与守心之和，且敌人与运用者的距离不小于7，持续增加敌人的内息紊乱
298,红玉九香虫,2,红玉九香虫质如红玉，身有异香，出自西南群山之中，喜食毒物。五仙教弟子以秘法将此虫种入体内，可使其随毒性变化而动，从而刺激诸穴，激发宿主凶性。,4,绝技,Invalid,1,12,1,442,true,false,16,属性3=70; 属性5=60; 属性82=200; 属性59=200,196,922,2,5,2,false,"3, 4",1,200,0,0,-1,-1,0,"0, 0, 0, 0",0,"0, 0, 0, 0","0, 0, 0, 0","外:0, 内:0","外:0, 内:0","外:0, 内:0",0,0,0,0,0,0,0,0,"0, 0, 0, 0, 0, 0",0,list,0,0,100,15,0,0,list2,0,0,-1,-1,"20, 20, 1, 20, 20, 20, 20",0,"0, 0, 0, 0",false,false,"0, 0, 0, 0, 0, 0, 0, 0, 0, 0, 0, 0",0,-1,,0,0,0,"0, 0, 0, 0",36,0,36,-1,-1,false,-1,-1,-1,0,0,0,"0, 0, 0, 0",0,0,0,0,0,属性8=60,"25, 25, 15, 0, 0, 0, 0","25, 25, 15, 0, 0, 0, 0",0,0,list,"0, 0, 0, 0, 0",loopBonusSkillList,0,"20, 19, 29, 30, 31",敌人身上的中毒标记越多，运用者对敌人造成的直接伤害就越高,运用者身上的中毒标记越多，运用者对敌人造成的直接伤害就越高
299,灭蛊咒,3,灭蛊咒乃饲蛊之人所传，仅有“厌魅蛊道，咒起尸鬼，凡害我者，还诸本人”十六字，却能使蛊虫断命坏身，不敢加害，可谓出则有神，言而必灵。,3,绝技,Invalid,2,12,5,443,true,false,17,属性1=40; 属性4=40; 属性5=65; 属性82=250; 属性59=250,197,923,2,5,3,false,"0, 1, 2, 3, 4, 5, 6",2,250,0,0,-1,-1,0,"0, 0, 0, 0",0,"0, 0, 0, 0","0, 0, 0, 0","外:0, 内:0","外:0, 内:0","外:0, 内:0",0,0,0,0,0,0,0,0,"0, 0, 0, 0, 0, 0",6000,list,0,45,40,15,0,0,list2,0,0,-1,-1,"20, 20, 1, 20, 20, 20, 20",0,"0, 0, 0, 0",false,false,"0, 0, 0, 0, 0, 0, 0, 0, 0, 0, 0, 0",0,-1,,0,0,0,"0, 0, 0, 0",36,0,36,-1,-1,false,-1,-1,-1,0,0,0,"400, 0, 0, 0",150,0,0,300,0,list3,"25, 25, 15, 0, 0, 0, 0","25, 25, 15, 0, 0, 0, 0",0,20,list,"0, 0, 0, 0, 0",loopBonusSkillList,0,"20, 29, 31",以此功法进行防御时：运用者不会被敌人施种蛊虫；每当运用者成功对敌人的兵器攻击进行反击，将运用者体内刚刚被种下的随机若蛊施种给敌人，并使其变化为未识主的若蛊，若敌人无法被施种或已被施种对应的若蛊，该若蛊将会死亡,以此功法进行防御时：运用者不会被敌人施种蛊虫；每当运用者成功对敌人的兵器攻击进行反击，将敌人体内刚刚被种下的随机若蛊施种给运用者，并使其变化为已识主的若蛊，若运用者无法被施种或已被施种对应的若蛊，该若蛊将会死亡
300,血偶破煞法,4,血偶破煞法极为阴毒，乃是以精气为引，使人恍惚迷离、自戕其身的秘术，中此术者固然魂损魄伤，施术者亦不免受其反噬。,3,绝技,Invalid,2,12,1,444,true,false,18,属性3=90; 属性5=70; 属性82=300; 属性59=300,198,924,3,5,4,false,"0, 1, 2, 3, 4, 5, 6",2,300,0,0,-1,-1,0,"0, 0, 0, 0",0,"0, 0, 0, 0","0, 0, 0, 0","外:0, 内:0","外:0, 内:0","外:0, 内:0",0,0,0,0,0,0,0,0,"0, 0, 0, 0, 0, 0",4500,,0,45,50,15,0,0,,0,0,-1,-1,"20, 20, 1, 20, 20, 20, 20",0,"0, 0, 0, 0",false,false,"0, 0, 0, 0, 0, 0, 0, 0, 0, 0, 0, 0",0,-1,,0,0,0,"0, 0, 0, 0",36,0,36,-1,-1,false,-1,-1,-1,0,0,0,"0, 400, 0, 0",150,0,0,300,0,,"45, 45, 25, 0, 0, 0, 0","45, 45, 25, 0, 0, 0, 0",0,0,,"0, 0, 0, 0, 0",,0,"20, 19, 29, 31",以此功法进行防御时，每当运用者成功对敌人的兵器攻击进行反击，运用者向敌人施加一个血偶破煞的特殊状态与一个降低敌人破体的损害状态，令敌人为运用者承受下一次运用者受到的直接外伤,以此功法进行防御时，每当运用者成功对敌人的兵器攻击进行反击，运用者向敌人施加一个血偶破煞的特殊状态与一个降低敌人破气的损害状态，令敌人为运用者承受下一次运用者受到的直接内伤
301,丧魂息,5,丧魂息之毒藏于唇齿之间，乃陈年腐尸所化，吐出时恰如黑云蔽日、万蝗齐飞，故有“神仙丧胆，恶鬼失魂”之称。,3,绝技,Invalid,2,12,1,445,true,false,19,属性1=50; 属性3=45; 属性5=80; 属性82=350; 属性59=350,199,925,3,5,5,false,2,2,350,0,0,-1,-1,0,"0, 0, 0, 0",0,"0, 0, 0, 0","0, 0, 0, 0","外:0, 内:0","外:0, 内:0","外:0, 内:0",0,0,0,0,0,0,0,0,"0, 0, 0, 0, 0, 0",3000,,0,45,70,15,0,0,,0,0,-1,-1,"20, 20, 1, 20, 20, 20, 20",0,"0, 0, 0, 0",false,false,"0, 0, 0, 0, 0, 0, 0, 0, 0, 0, 0, 0",0,-1,,0,0,0,"0, 0, 0, 0",36,0,36,-1,-1,false,-1,-1,-1,0,0,0,"0, 0, 400, 0",150,0,0,300,0,,"45, 45, 25, 0, 0, 0, 0","45, 45, 25, 0, 0, 0, 0",0,35,,"0, 0, 0, 0, 0",,0,"20, 29, 31",以此功法进行防御时，每当运用者成功对敌人的兵器攻击进行反击，运用者向敌人施加大量的腐性「剧毒」,以此功法进行防御时，每当运用者成功对敌人的兵器攻击进行反击，运用者向敌人施加大量的幻性「剧毒」
302,天蚕噬蛊,6,天蚕噬蛊性情温和，无色无形，不以蛊引为食，却能借由驭使它蛊而吸取真气，此乃五仙教秘传之奇蛊，非有功于圣教者不可授予。,4,绝技,Invalid,3,12,1,446,true,true,20,属性4=100; 属性5=90; 属性82=400; 属性59=400,200,926,4,5,6,false,"0, 1, 2, 3, 4, 5, 6",3,400,0,0,-1,-1,0,"0, 0, 0, 0",0,"0, 0, 0, 0","0, 0, 0, 0","外:0, 内:0","外:0, 内:0","外:0, 内:0",0,0,0,0,0,0,0,0,"0, 0, 0, 0, 0, 0",0,list,0,0,100,15,0,0,list2,0,0,-1,-1,"20, 20, 1, 20, 20, 20, 20",0,"0, 0, 0, 0",false,false,"0, 0, 0, 0, 0, 0, 0, 0, 0, 0, 0, 0",0,-1,,0,0,0,"0, 0, 0, 0",36,0,36,-1,-1,false,-1,-1,-1,0,0,0,"0, 0, 0, 0",0,0,0,0,0,属性28=60; 属性29=60; 属性31=60; 属性30=60; 属性32=60; 属性33=60,"65, 65, 45, 0, 0, 0, 0","65, 65, 45, 0, 0, 0, 0",0,0,list,"0, 0, 0, 0, 0",loopBonusSkillList,0,"20, 19, 29, 30, 31",敌人身上每被施种一种蛊虫，敌人随机类型的真气就会持续减少3点,运用者身上每被施种一种蛊虫，运用者随机类型的真气就会持续增加3点
303,鬼降大法,7,鬼降大法能事无形，以舞降神，乃上古巫觋沟通神灵、役使百鬼的奇术，中此术者，无不目见鬼形，耳闻鬼声，乃至神机逆乱，举止癫狂。,3,绝技,Invalid,3,12,1,447,true,true,21,属性1=55; 属性3=50; 属性5=100; 属性82=450; 属性59=450,201,927,4,5,7,false,2,3,450,0,0,-1,-1,0,"0, 0, 0, 0",0,"0, 0, 0, 0","0, 0, 0, 0","外:0, 内:0","外:0, 内:0","外:0, 内:0",0,0,0,0,0,0,0,0,"0, 0, 0, 0, 0, 0",4500,list,0,45,70,15,0,0,list2,0,0,-1,-1,"20, 20, 1, 20, 20, 20, 20",0,"0, 0, 0, 0",false,false,"0, 0, 0, 0, 0, 0, 0, 0, 0, 0, 0, 0",0,-1,,0,0,0,"0, 0, 0, 0",36,0,36,-1,-1,false,-1,-1,-1,0,0,0,"400, 400, 400, 0",0,0,0,600,0,list3,"65, 65, 45, 0, 0, 0, 0","65, 65, 45, 0, 0, 0, 0",0,60,list,"0, 0, 0, 0, 0",loopBonusSkillList,0,"20, 29, 30, 31",以此功法进行防御时，运用者所受的未命中要害的直接伤害降低60%；每当运用者将敌人的非追击的攻击化解，敌人每有2个「无」式，就会出现1个随机部位的严重破绽，如果敌人没有「无」式，运用者就向敌人施加2个「无」式,以此功法进行防御时，运用者所受的未命中要害的直接伤害降低60%；每当运用者将敌人的非追击的攻击化解，敌人每有2个失神标记，就会出现1个随机部位的严重封穴，如果敌人没有失神标记，根据此功法的威力对敌人施加大量失神伤害
304,天蛇换骨功,8,“一龙一蛇，与时俱化”。天蛇换骨功乃是将奇毒化入骨髓之中，从而生残补缺、延命保身的五仙教秘法，功成者骨骼尽软，身有玄光，却也往往会因奇毒之故而日渐消瘦。,4,绝技,Invalid,3,12,1,448,true,true,22,属性3=60; 属性4=50; 属性5=110; 属性82=500; 属性59=500,202,928,5,5,8,false,"0, 1, 2, 3, 4, 5, 6",3,500,0,0,-1,-1,0,"0, 0, 0, 0",0,"0, 0, 0, 0","0, 0, 0, 0","外:0, 内:0","外:0, 内:0","外:0, 内:0",0,0,0,0,0,0,0,0,"0, 0, 0, 0, 0, 0",0,list,0,0,100,15,0,0,list2,0,0,-1,-1,"20, 20, 1, 20, 20, 20, 20",0,"0, 0, 0, 0",false,false,"0, 0, 0, 0, 0, 0, 0, 0, 0, 0, 0, 0",0,-1,,0,0,0,"0, 0, 0, 0",36,0,36,-1,-1,false,-1,-1,-1,0,0,0,"0, 0, 0, 0",0,0,0,0,0,属性21=80; 属性23=80,"80, 80, 60, 55, 55, 55, 55","80, 80, 60, 55, 55, 55, 55",0,0,list,"0, 0, 0, 0, 0",loopBonusSkillList,0,"20, 19, 29, 30, 31, 32",运用者的外伤标记会随时间自行消除；除非运用者受到直接外伤时，受伤的部位已有4个外伤标记，否则运用者不会受到外伤重创,运用者的内伤标记会随时间自行消除；除非运用者受到直接内伤时，受伤的部位已有4个内伤标记，否则运用者不会受到内伤重创
305,天关通,0,所谓：“金方烧易得，星度算来玄”。天关通之法可将体内数百孔穴连为一体，使之如周天星辰一般此弱彼强，此消彼长，从而助人行气化势，逆中取胜。,4,绝技,Invalid,1,13,2,449,true,false,16,属性1=25; 属性4=25; 属性5=50; 属性82=100; 属性54=100,203,929,1,1,0,true,"0, 1, 2, 3, 4, 5, 6",1,100,0,0,-1,-1,0,"0, 0, 0, 0",0,"0, 0, 0, 0","0, 0, 0, 0","外:0, 内:0","外:0, 内:0","外:0, 内:0",0,0,0,0,0,0,0,0,"0, 0, 0, 0, 0, 0",0,list,0,0,100,20,0,0,list2,0,0,-1,-1,"20, 20, 1, 20, 20, 20, 20",0,"0, 0, 0, 0",false,false,"0, 0, 0, 0, 0, 0, 0, 0, 0, 0, 0, 0",0,-1,,0,0,0,"0, 0, 0, 0",36,0,36,-1,-1,false,-1,-1,-1,0,0,0,"0, 0, 0, 0",0,0,0,0,0,属性21=40; 属性23=40,"0, 0, 0, 0, 0, 0, 0","30, 30, 10, 0, 0, 0, 0",0,0,list,"0, 0, 0, 0, 0",loopBonusSkillList,0,"20, 19, 16, 29, 30, 31, 32",每当运用者全身的封穴数量总和不低于7个时，解开运用者身上所有的封穴，且不会引发解开封穴带来的任何效果,每当运用者全身的破绽数量总和不低于7个时，消除运用者身上所有的破绽，且不会引发消除破绽带来的任何效果
306,河伯娶妻,1,河伯乃河水之神，能兴风作浪，乘龙游川。河伯娶妻可使真气奔腾如河水，卷荡来敌之气力，使彼之气力为我所用。,3,绝技,Invalid,1,13,2,450,true,false,17,属性1=30; 属性4=30; 属性5=55; 属性82=150; 属性54=150,204,930,1,1,1,true,"0, 1",1,150,0,0,-1,-1,0,"0, 0, 0, 0",0,"0, 0, 0, 0","0, 0, 0, 0","外:0, 内:0","外:0, 内:0","外:0, 内:0",0,0,0,0,0,0,0,0,"0, 0, 0, 0, 0, 0",4500,list,0,40,70,20,0,0,list2,0,0,-1,-1,"20, 20, 1, 20, 20, 20, 20",0,"0, 0, 0, 0",false,false,"0, 0, 0, 0, 0, 0, 0, 0, 0, 0, 0, 0",0,-1,,0,0,0,"0, 0, 0, 0",36,0,36,-1,-1,false,-1,-1,-1,0,0,0,"150, 0, 150, 0",100,0,0,600,0,list3,"20, 20, 10, 0, 0, 0, 0","20, 20, 10, 0, 0, 0, 0",0,0,list,"0, 0, 0, 0, 0",loopBonusSkillList,0,"20, 19, 29, 31",以此功法进行防御时，每当运用者成功对敌人的兵器攻击进行反击，将敌人的1个运用者可用的蓄式转移给运用者,以此功法进行防御时，每当运用者成功对敌人的兵器攻击进行反击，将运用者的1个运用者不可用的蓄式转移给敌人
307,六转天潢,2,六转天潢之法似水无形，暗流涌动，运功者能于敌我内力流转之时，驭使敌之真气化为己用，宛如天河流转，百川入海。,3,绝技,Invalid,1,13,5,451,true,false,18,属性4=65; 属性5=65; 属性82=200; 属性54=200,205,931,2,0,2,true,"0, 1, 2, 3, 4, 5, 6",1,200,0,0,-1,-1,0,"0, 0, 0, 0",0,"0, 0, 0, 0","0, 0, 0, 0","外:0, 内:0","外:0, 内:0","外:0, 内:0",0,0,0,0,0,0,0,0,"0, 0, 0, 0, 0, 0",3000,list,0,35,100,20,0,0,list2,0,0,-1,-1,"20, 20, 1, 20, 20, 20, 20",0,"0, 0, 0, 0",false,false,"0, 0, 0, 0, 0, 0, 0, 0, 0, 0, 0, 0",0,-1,,0,0,0,"0, 0, 0, 0",36,0,36,-1,-1,false,-1,-1,-1,0,0,0,"0, 0, 300, 0",0,0,0,300,0,list3,"0, 0, 0, 0, 0, 0, 0","50, 50, 30, 0, 0, 0, 0",0,0,list,"0, 0, 0, 0, 0",loopBonusSkillList,0,"20, 19, 16, 29, 30, 31",以此功法进行防御时，每当运用者将敌人的攻击闪避，分别吸取敌人的3点膂力、3点体质、3点定力,以此功法进行防御时，每当运用者将敌人的攻击闪避，分别吸取敌人的3点灵敏、3点根骨、3点悟性
308,寒冰八脉,3,“经脉者，所以行血气而营阴阳，濡筋骨，利关节者也”。寒冰八脉之法，乃是以内力化作寒冰之气瞬间冻结八脉，使之固若坚冰，一时难以伤毁。,3,绝技,Invalid,2,13,2,452,true,false,19,属性4=95; 属性5=50; 属性82=250; 属性54=250,206,932,2,1,3,true,"0, 1, 2, 3, 4, 5, 6",2,250,0,0,-1,-1,0,"0, 0, 0, 0",0,"0, 0, 0, 0","0, 0, 0, 0","外:0, 内:0","外:0, 内:0","外:0, 内:0",0,0,0,0,0,0,0,0,"0, 0, 0, 0, 0, 0",4500,list,0,45,100,20,0,0,list2,0,0,-1,-1,"20, 20, 1, 20, 20, 20, 20",0,"0, 0, 0, 0",false,false,"0, 0, 0, 0, 0, 0, 0, 0, 0, 0, 0, 0",0,-1,,0,0,0,"0, 0, 0, 0",36,0,36,-1,-1,false,-1,-1,-1,0,0,400,"0, 0, 0, 0",0,0,90,600,70,list3,"35, 35, 20, 0, 0, 0, 0","35, 35, 20, 0, 0, 0, 0",0,0,list,"0, 0, 0, 0, 0",loopBonusSkillList,0,"20, 19, 30, 32",以此功法进行防御时，敌人对运用者造成的直接内伤降低45%,以此功法进行防御时，运用者对敌人造成的反震内伤提高30%
309,南斗六星阵,4,所谓：“北斗注死，南斗注生”。南斗六星阵借势于南斗诸星，列阵者彼此相生，互助气势，可生归真凝神，生化万物之气。,4,绝技,Invalid,2,13,2,453,true,false,20,属性1=85; 属性5=75; 属性82=300; 属性54=300,207,933,3,7,4,true,"0, 1, 2, 3, 4, 5, 6",2,300,0,0,-1,-1,0,"0, 0, 0, 0",0,"0, 0, 0, 0","0, 0, 0, 0","外:0, 内:0","外:0, 内:0","外:0, 内:0",0,0,0,0,0,0,0,0,"0, 0, 0, 0, 0, 0",0,list,0,0,60,20,0,0,list2,0,0,-1,-1,"20, 20, 1, 20, 20, 20, 20",0,"0, 0, 0, 0",false,false,"0, 0, 0, 0, 0, 0, 0, 0, 0, 0, 0, 0",0,-1,,0,0,0,"0, 0, 0, 0",36,0,36,-1,-1,false,-1,-1,-1,0,0,0,"0, 0, 0, 0",0,0,0,0,0,list3,"0, 0, 0, 0, 0, 0, 0","0, 0, 0, 0, 0, 0, 0",0,0,list,"0, 0, 0, 0, 0",loopBonusSkillList,0,"20, 19, 16, 17, 29, 30, 31, 32",运用者助战的同道能够更频繁地使用「催发」指令增加运用者功法的施展进度,运用者助战的同道能使用「催发」指令时，能够更多的增加运用者功法的施展进度
310,九曜星君眼,5,正所谓：“天有九曜，人有九窍”。九曜又称九执，能攘妖邪、主祸福。九曜星君眼乃是助人打通关窍，存神于天的法门，运功者双目炯炯，精光焕赫，能凭借星相察觉战机，如同星君借眼，无往不利。,4,绝技,Invalid,2,13,2,454,true,true,21,属性1=40; 属性4=40; 属性5=95; 属性82=350; 属性54=350,208,934,3,1,5,true,"0, 1, 2, 3, 4, 5, 6",2,350,0,0,-1,-1,0,"0, 0, 0, 0",0,"0, 0, 0, 0","0, 0, 0, 0","外:0, 内:0","外:0, 内:0","外:0, 内:0",0,0,0,0,0,0,0,0,"0, 0, 0, 0, 0, 0",0,list,0,0,100,20,0,0,list2,0,0,-1,-1,"20, 20, 1, 20, 20, 20, 20",0,"0, 0, 0, 0",false,false,"0, 0, 0, 0, 0, 0, 0, 0, 0, 0, 0, 0",0,-1,,0,0,0,"0, 0, 0, 0",36,0,36,-1,-1,false,-1,-1,-1,0,0,0,"0, 0, 0, 0",0,0,0,0,0,属性20=30,"55, 55, 35, 0, 0, 0, 0","55, 55, 35, 0, 0, 0, 0",0,0,list,"0, 0, 0, 0, 0",loopBonusSkillList,0,"20, 19, 29, 30, 31, 32",运用者拥有的「掷」式越多，运用者的力道提高越多；运用者拥有的「弹」式越多，运用者的迅疾提高越多；运用者拥有的「御」式越多，运用者的精妙提高越多,运用者拥有的「掷」式越多，运用者的卸力提高越多；运用者拥有的「弹」式越多，运用者的闪避提高越多；运用者拥有的「御」式越多，运用者的拆招提高越多
311,七元解厄大法,6,“七元真君，北极之灵，至真摄鬼，群魔摧倾”。七元解厄大法乃置人死地而后生的绝技，非陷入绝境不可轻易施展，运功者越受摧残，此功越显神效。,3,绝技,Invalid,3,13,2,455,true,true,22,属性4=90; 属性5=100; 属性82=400; 属性54=400,209,935,4,1,6,true,"0, 1, 3, 4, 5, 6",3,400,0,0,-1,-1,0,"0, 0, 0, 0",0,"0, 0, 0, 0","0, 0, 0, 0","外:0, 内:0","外:0, 内:0","外:0, 内:0",0,0,0,0,0,0,0,0,"0, 0, 0, 0, 0, 0",4500,list,0,50,100,20,0,0,list2,0,0,-1,-1,"20, 20, 1, 20, 20, 20, 20",0,"0, 0, 0, 0",false,false,"0, 0, 0, 0, 0, 0, 0, 0, 0, 0, 0, 0",0,-1,,0,0,0,"0, 0, 0, 0",36,0,36,-1,-1,false,-1,-1,-1,0,0,0,"0, 0, 0, 0",0,120,120,300,70,list3,"55, 55, 35, 0, 0, 0, 0","55, 55, 35, 0, 0, 0, 0",65,0,list,"0, 0, 0, 0, 0",loopBonusSkillList,0,"19, 29, 30, 32",以此功法进行防御时：运用者残毁的部位越多，敌人对运用者造成的直接伤害就降低越多，此功法对敌人造成的反震伤害就提高越多；且每当敌人击中运用者残毁的部位，随机使运用者的1个「摧破」功法的持续效果的层数增加其最大层数的25%,以此功法进行防御时：运用者残毁的部位越多，敌人对运用者造成的直接伤害就降低越多，此功法对敌人造成的反震伤害就提高越多；且每当敌人击中运用者残毁的部位，随机使敌人的1个「摧破」功法的持续效果的层数减少其最大层数的25%
312,怒相功,0,怒相功全凭心念而发，乃伏龙坛以怒助力之法，运功者横眉立目，须发上指，能以骇人声势摧破外敌。,4,绝技,Invalid,1,14,3,456,true,false,14,属性0=70; 属性3=30; 属性82=100; 属性55=80; 属性64=80,210,936,1,2,0,false,2,1,100,0,0,-1,-1,0,"0, 0, 0, 0",0,"0, 0, 0, 0","0, 0, 0, 0","外:0, 内:0","外:0, 内:0","外:0, 内:0",0,0,0,0,0,0,0,0,"0, 0, 0, 0, 0, 0",0,list,0,0,0,25,0,0,list2,0,0,-1,-1,"20, 20, 1, 20, 20, 20, 20",0,"0, 0, 0, 0",false,false,"0, 0, 0, 0, 0, 0, 0, 0, 0, 0, 0, 0",0,-1,,0,0,0,"0, 0, 0, 0",36,0,36,-1,-1,false,-1,-1,-1,0,0,0,"0, 0, 0, 0",0,0,0,0,0,属性6=60,"30, 30, 10, 0, 0, 0, 0","0, 0, 0, 0, 0, 0, 0",0,0,list,"0, 0, 0, 0, 0",loopBonusSkillList,0,"20, 19, 17, 30, 31, 32",当运用者的「摧破」真气高于敌人的「摧破」真气时，敌人对运用者造成的所有直接伤害降低15%,当运用者的「摧破」真气高于敌人「摧破」真气的两倍时，运用者对敌人造成的所有直接伤害提高15%
313,龙回首,1,龙回首讲究“寓意于力，瞬发瞬收”，运功者气走全身，遇敌便出，宛如龙鳞被撄，奋而回首，其势猛烈，常人绝难抵挡。,3,绝技,Invalid,1,14,3,457,true,false,15,属性0=75; 属性1=40; 属性82=150; 属性55=120; 属性64=120,211,937,1,7,1,false,1,1,150,0,0,-1,-1,0,"0, 0, 0, 0",0,"0, 0, 0, 0","0, 0, 0, 0","外:0, 内:0","外:0, 内:0","外:0, 内:0",0,0,0,0,0,0,0,0,"0, 0, 0, 0, 0, 0",4500,list,0,40,0,25,0,0,list2,0,0,-1,-1,"20, 20, 1, 20, 20, 20, 20",0,"0, 0, 0, 0",false,false,"0, 0, 0, 0, 0, 0, 0, 0, 0, 0, 0, 0",0,-1,,0,0,0,"0, 0, 0, 0",36,0,36,-1,-1,false,-1,-1,-1,0,150,0,"0, 0, 0, 0",0,60,0,600,60,list3,"40, 40, 20, 0, 0, 0, 0","0, 0, 0, 0, 0, 0, 0",0,0,list,"0, 0, 0, 0, 0",loopBonusSkillList,0,"20, 19, 17, 30, 32",以此功法进行防御时：运用者受到的所有直接外伤降低30%；每当运用者反震敌人的攻击，运用者获得1点「摧破」真气,以此功法进行防御时：运用者受到的所有直接外伤降低30%；每当运用者反震敌人的攻击，敌人失去1点「摧破」真气
314,神火罩功,2,神火罩功乃伏龙坛独门运劲之法，运功者涵劲蓄势，蕴气不吐，可使阳火真气笼罩全身，望之如有神火护体。,3,绝技,Invalid,1,14,3,458,true,false,16,属性0=45; 属性3=50; 属性4=35; 属性82=200; 属性55=160; 属性64=160,212,938,2,0,2,true,"0, 1",1,200,0,0,-1,-1,0,"0, 0, 0, 0",0,"0, 0, 0, 0","0, 0, 0, 0","外:0, 内:0","外:0, 内:0","外:0, 内:0",0,0,0,0,0,0,0,0,"0, 0, 0, 0, 0, 0",4500,list,0,40,40,25,0,0,list2,0,0,-1,-1,"20, 20, 1, 20, 20, 20, 20",0,"0, 0, 0, 0",false,false,"0, 0, 0, 0, 0, 0, 0, 0, 0, 0, 0, 0",0,-1,,0,0,0,"0, 0, 0, 0",36,0,36,-1,-1,false,-1,-1,-1,0,0,150,"0, 0, 0, 0",0,0,60,600,60,list3,"25, 25, 15, 0, 0, 0, 0","25, 25, 15, 0, 0, 0, 0",0,0,list,"0, 0, 0, 0, 0",loopBonusSkillList,0,"20, 19, 30, 32",以此功法进行防御时：运用者受到的所有直接内伤降低30%；每当运用者反震敌人的攻击，运用者获得1点「护体」真气,以此功法进行防御时：运用者受到的所有直接内伤降低30%；每当运用者反震敌人的攻击，敌人失去1点「护体」真气
315,龙闯阵,3,“天地后冲，龙变其中，潜则不测，动则无穷”。龙闯阵以形取意，状若蛟龙，不论结阵者的位置如何变动，皆有风云突回、首尾相应之用。,4,绝技,Invalid,2,14,3,459,true,false,17,属性0=85; 属性3=60; 属性82=250; 属性55=200; 属性64=200,213,939,2,8,3,false,"0, 1, 2, 3, 4, 5, 6",2,250,0,0,-1,-1,0,"0, 0, 0, 0",0,"0, 0, 0, 0","0, 0, 0, 0","外:0, 内:0","外:0, 内:0","外:0, 内:0",0,0,0,0,0,0,0,0,"0, 0, 0, 0, 0, 0",0,list,0,0,0,25,0,0,list2,0,0,-1,-1,"20, 20, 1, 20, 20, 20, 20",0,"0, 0, 0, 0",false,false,"0, 0, 0, 0, 0, 0, 0, 0, 0, 0, 0, 0",0,-1,,0,0,0,"0, 0, 0, 0",36,0,36,-1,-1,false,-1,-1,-1,0,0,0,"0, 0, 0, 0",0,0,0,0,0,list3,"0, 0, 0, 0, 0, 0, 0","0, 0, 0, 0, 0, 0, 0",0,0,list,"0, 0, 0, 0, 0",loopBonusSkillList,0,"20, 19, 16, 17, 29, 30, 31, 32",运用者助战的同道能够更频繁地使用「摧破」指令施展摧破功法攻击敌人,运用者助战的同道在使用「摧破」指令时，此指令的威力增加效果大幅提高
316,雷公铸骨,4,“夫雷霆者，天地枢机”。雷公铸骨乃伏龙坛横练之法，修习时需重击全身，乃至阳气生发，阴煞自除，似能身受雷霆而不倒，召合五脏之神气。,3,绝技,Invalid,2,14,3,460,true,false,18,属性0=90; 属性3=70; 属性82=300; 属性55=240; 属性64=240,214,940,3,2,4,false,"0, 1, 2, 3, 4, 5, 6",2,300,0,0,-1,-1,0,"0, 0, 0, 0",0,"0, 0, 0, 0","0, 0, 0, 0","外:0, 内:0","外:0, 内:0","外:0, 内:0",0,0,0,0,0,0,0,0,"0, 0, 0, 0, 0, 0",6000,list,0,45,50,25,0,0,list2,0,0,-1,-1,"20, 20, 1, 20, 20, 20, 20",0,"0, 0, 0, 0",false,false,"0, 0, 0, 0, 0, 0, 0, 0, 0, 0, 0, 0",0,-1,,0,0,0,"0, 0, 0, 0",36,0,36,-1,-1,false,-1,-1,-1,0,400,0,"0, 0, 0, 0",0,90,0,600,70,list3,"90, 90, 50, 0, 0, 0, 0","0, 0, 0, 0, 0, 0, 0",0,0,list,"0, 0, 0, 0, 0",loopBonusSkillList,0,"20, 19, 17, 30, 32",以此功法进行防御时，敌人对运用者造成的直接外伤降低45%,以此功法进行防御时，运用者对敌人造成的反震外伤提高30%
317,天芒丹心术,5,天芒丹心术由内而外，能将周身真气化为阳火，聚于心口，迸发强光，激发莫大潜力。此功至刚至纯，心有杂念者必受阳火反噬，故非心性纯粹之人不可修炼。,4,绝技,Invalid,2,14,3,461,true,false,19,属性0=95; 属性4=80; 属性82=350; 属性55=280; 属性64=280,215,941,3,1,5,true,"0, 1",2,350,0,0,-1,-1,0,"0, 0, 0, 0",0,"0, 0, 0, 0","0, 0, 0, 0","外:0, 内:0","外:0, 内:0","外:0, 内:0",0,0,0,0,0,0,0,0,"0, 0, 0, 0, 0, 0",0,list,0,0,100,25,0,0,list2,0,0,-1,-1,"20, 20, 1, 20, 20, 20, 20",0,"0, 0, 0, 0",false,false,"0, 0, 0, 0, 0, 0, 0, 0, 0, 0, 0, 0",0,-1,,0,0,0,"0, 0, 0, 0",36,0,36,-1,-1,false,-1,-1,-1,0,0,0,"0, 0, 0, 0",0,0,0,0,0,属性18=30,"55, 55, 35, 0, 0, 0, 0","55, 55, 35, 0, 0, 0, 0",0,160,list,"0, 0, 0, 0, 0",loopBonusSkillList,0,"20, 29, 30, 31, 32",运用者拥有的「崩」式越多，运用者的力道提高越多；运用者拥有的「点」式越多，运用者的迅疾提高越多；运用者拥有的「拿」式越多，运用者的精妙提高越多,运用者拥有的「崩」式越多，运用者的卸力提高越多；运用者拥有的「点」式越多，运用者的闪避提高越多；运用者拥有的「拿」式越多，运用者的拆招提高越多
318,千年醉,6,“酒中有意无须尽，四海无涯任我行”。千年醉既是技法，亦为心念，需借痛饮之势而发，可助人神游天地，消一切愁绪，展万丈胸怀。,4,绝技,Invalid,3,14,5,462,true,true,20,属性0=100; 属性3=90; 属性82=400; 属性55=320; 属性64=320,216,942,4,3,6,false,2,3,400,0,0,-1,-1,0,"0, 0, 0, 0",0,"0, 0, 0, 0","0, 0, 0, 0","外:0, 内:0","外:0, 内:0","外:0, 内:0",0,0,0,0,0,0,0,0,"0, 0, 0, 0, 0, 0",0,list,0,0,100,25,0,0,list2,0,0,-1,-1,"20, 20, 1, 20, 20, 20, 20",0,"0, 0, 0, 0",false,false,"0, 0, 0, 0, 0, 0, 0, 0, 0, 0, 0, 0",0,-1,,0,0,0,"0, 0, 0, 0",36,0,36,-1,-1,false,-1,-1,-1,0,0,0,"0, 0, 0, 0",0,0,0,0,0,属性25=40,"0, 0, 0, 0, 0, 0, 0","110, 110, 70, 0, 0, 0, 0",0,45,list,"0, 0, 0, 0, 0",loopBonusSkillList,0,"20, 16, 29, 30, 31, 32",运用者被敌人追击的几率大幅减少，且敌人击中运用者的几率降低，当运用者醉酒时，效果加倍,运用者追击敌人的几率大幅增加，且运用者击中敌人的几率提高，当运用者醉酒时，效果加倍
319,遮天蔽日功,7,遮天蔽日功威能广大，乃是以真气扰动一方天地的奇术。此功一旦运起，便见飞沙走石，漫天昏黑，如同长云蔽目，日月无光。,3,绝技,Invalid,3,14,3,463,true,true,21,属性0=110; 属性3=95; 属性82=450; 属性55=360; 属性64=360,217,943,4,1,7,true,"0, 1, 2, 3, 4, 5, 6",3,450,0,0,-1,-1,0,"0, 0, 0, 0",0,"0, 0, 0, 0","0, 0, 0, 0","外:0, 内:0","外:0, 内:0","外:0, 内:0",0,0,0,0,0,0,0,0,"0, 0, 0, 0, 0, 0",6000,list,0,50,50,25,0,0,list2,0,0,-1,-1,"20, 20, 1, 20, 20, 20, 20",0,"0, 0, 0, 0",false,false,"0, 0, 0, 0, 0, 0, 0, 0, 0, 0, 0, 0",0,-1,,0,0,0,"0, 0, 0, 0",36,0,36,-1,-1,false,-1,-1,-1,0,0,0,"0, 0, 0, 0",0,120,120,300,80,list3,"160, 160, 120, 0, 0, 0, 0","0, 0, 0, 0, 0, 0, 0",0,0,list,"0, 0, 0, 0, 0",loopBonusSkillList,0,"20, 19, 17, 29, 30, 32",开始施展此功法时，运用者迫使敌人所有在场上助战的同道退场；以此功法进行防御时，敌方助战的同道无法使用任何助战指令，运用者对敌人造成的外伤反震伤害会由敌方所有人物分担，且敌方助战的同道越多，分担的反震伤害越大,开始施展此功法时，运用者迫使敌人所有在场上助战的同道退场；以此功法进行防御时，敌方助战的同道无法使用任何助战指令，运用者对敌人造成的内伤反震伤害会由敌方所有人物分担，且敌方助战的同道越多，分担的反震伤害越大
320,烂泥绝技,0,烂泥绝技唯以一“缠”字为要，运用者常四体抱架，缠绕敌身，形如烂泥，多为君子所不齿。,3,绝技,Invalid,1,15,4,464,true,false,14,属性1=65; 属性5=35; 属性82=100; 属性59=80; 属性65=80,218,944,1,8,0,false,"0, 1, 2, 3, 4, 5, 6",1,100,0,0,-1,-1,0,"0, 0, 0, 0",0,"0, 0, 0, 0","0, 0, 0, 0","外:0, 内:0","外:0, 内:0","外:0, 内:0",0,0,0,0,0,0,0,0,"0, 0, 0, 0, 0, 0",3000,list,0,35,0,25,0,0,list2,0,0,-1,-1,"20, 20, 1, 20, 20, 20, 20",0,"0, 0, 0, 0",false,false,"0, 0, 0, 0, 0, 0, 0, 0, 0, 0, 0, 0",0,-1,,0,0,0,"0, 0, 0, 0",36,0,36,-1,-1,false,-1,-1,-1,0,150,150,"0, 0, 0, 0",0,0,0,600,0,list3,"20, 20, 5, 0, 0, 0, 0","0, 0, 0, 0, 0, 0, 0",15,0,list,"0, 0, 0, 0, 0",loopBonusSkillList,0,"19, 17, 30, 31, 32",以此功法进行防御时：运用者受到的所有直接外伤降低30%；大幅降低敌人「追击」时的破体,以此功法进行防御时：运用者受到的所有直接内伤降低30%；大幅降低敌人「追击」时的破气
321,乱气杀,1,乱气杀乃逆乱之法，非内息紊乱之人无法运用。此功一旦发作，修习者往往心智失常，苦不堪言，但也因此愈发凶恶残忍，嗜血如狂。,4,绝技,Invalid,1,15,4,465,true,false,15,属性0=75; 属性3=40; 属性82=150; 属性59=120; 属性65=120,219,945,1,3,1,false,2,1,150,0,0,-1,-1,0,"0, 0, 0, 0",0,"0, 0, 0, 0","0, 0, 0, 0","外:0, 内:0","外:0, 内:0","外:0, 内:0",0,0,0,0,0,0,0,0,"0, 0, 0, 0, 0, 0",0,list,0,0,100,25,0,0,list2,0,0,-1,-1,"20, 20, 1, 20, 20, 20, 20",0,"0, 0, 0, 0",false,false,"0, 0, 0, 0, 0, 0, 0, 0, 0, 0, 0, 0",0,-1,,0,0,0,"0, 0, 0, 0",36,0,36,-1,-1,false,-1,-1,-1,0,0,0,"0, 0, 0, 0",0,0,0,0,0,属性26=20,"15, 15, 5, 0, 0, 0, 0","15, 15, 5, 0, 0, 0, 0",20,0,list,"0, 0, 0, 0, 0",loopBonusSkillList,0,"19, 29, 30, 31, 32",运用者的内息越紊乱，运用者对敌人造成的直接外伤就越高,运用者的内息越紊乱，运用者对敌人造成的直接内伤就越高
322,鬼夜哭,2,鬼夜哭之法怪异可怖，乃是丹田运劲，以力鼓声，长啸不止，使人如闻野鬼怨泣，望风而逃的法门。,3,绝技,Invalid,1,15,4,466,true,false,16,属性0=45; 属性1=45; 属性5=40; 属性82=200; 属性59=160; 属性65=160,220,946,2,3,2,false,2,1,200,0,0,-1,-1,0,"0, 0, 0, 0",0,"0, 0, 0, 0","0, 0, 0, 0","外:0, 内:0","外:0, 内:0","外:0, 内:0",0,0,0,0,0,0,0,0,"0, 0, 0, 0, 0, 0",4500,list,0,40,100,25,0,0,list2,0,0,-1,-1,"20, 20, 1, 20, 20, 20, 20",0,"0, 0, 0, 0",false,false,"0, 0, 0, 0, 0, 0, 0, 0, 0, 0, 0, 0",0,-1,,0,0,0,"0, 0, 0, 0",36,0,36,-1,-1,false,-1,-1,-1,0,0,0,"0, 0, 200, 0",100,0,0,300,0,list3,"20, 20, 10, 0, 0, 0, 0","20, 20, 10, 0, 0, 0, 0",0,15,list,"0, 0, 0, 0, 0",loopBonusSkillList,0,"20, 29, 31",以此功法进行防御时，每当运用者成功对敌人的兵器攻击进行反击，依次对比运用者与敌人的冷静、聪颖、热情、勇壮、坚毅赋性，敌人每有一项赋性低于运用者的赋性，运用者就有一定的几率向敌人施加1个「无」式,以此功法进行防御时，每当运用者成功对敌人的兵器攻击进行反击，依次对比运用者与敌人的冷静、聪颖、热情、勇壮、坚毅赋性，敌人每有一项赋性低于运用者的赋性，运用者就有较低的几率根据此功法的威力对敌人施加少量失神伤害
323,血食功,3,血食功以鲜血为牺牲，杀戮为祭祀，共有刿、剖、伐、施等二十八式，运功者见血则狂，食血则喜，心无怜悯，不似常人。,4,绝技,Invalid,2,15,4,467,true,false,17,属性0=80; 属性3=30; 属性5=35; 属性82=250; 属性59=200; 属性65=200,221,947,2,3,3,false,2,2,250,0,0,-1,-1,0,"0, 0, 0, 0",0,"0, 0, 0, 0","0, 0, 0, 0","外:0, 内:0","外:0, 内:0","外:0, 内:0",0,0,0,0,0,0,0,0,"0, 0, 0, 0, 0, 0",0,list,0,0,60,25,0,0,list2,0,0,-1,-1,"20, 20, 1, 20, 20, 20, 20",0,"0, 0, 0, 0",false,false,"0, 0, 0, 0, 0, 0, 0, 0, 0, 0, 0, 0",0,-1,,0,0,0,"0, 0, 0, 0",36,0,36,-1,-1,false,-1,-1,-1,0,0,0,"0, 0, 0, 0",0,0,0,0,0,属性27=30,"25, 25, 15, 0, 0, 0, 0","25, 25, 15, 0, 0, 0, 0",35,0,list,"0, 0, 0, 0, 0",loopBonusSkillList,0,"19, 29, 30, 31, 32",每当运用者对敌人造成1个直接外伤标记，就能随机消除运用者自身外伤程度不高于4的部位上的1个外伤标记,每当运用者对敌人造成1个直接内伤标记，就能随机消除运用者自身内伤程度不高于4的部位上的1个内伤标记
324,移魂大法,4,移魂大法脱化于厌胜之术，乃古之灵巫所传。此法恶毒诡秘，能以邪祟之气拘转人鬼阴阳，勾魂摄魄，嫁祸索命尽皆不在话下。,3,绝技,Invalid,2,15,5,468,true,false,18,属性1=80; 属性5=80; 属性82=300; 属性59=240; 属性65=240,222,948,3,3,4,true,2,2,300,0,0,-1,-1,0,"0, 0, 0, 0",0,"0, 0, 0, 0","0, 0, 0, 0","外:0, 内:0","外:0, 内:0","外:0, 内:0",0,0,0,0,0,0,0,0,"0, 0, 0, 0, 0, 0",6000,list,0,45,100,25,0,0,list2,0,0,-1,-1,"20, 20, 1, 20, 20, 20, 20",0,"0, 0, 0, 0",false,false,"0, 0, 0, 0, 0, 0, 0, 0, 0, 0, 0, 0",0,-1,,0,0,0,"0, 0, 0, 0",36,0,36,-1,-1,false,-1,-1,-1,0,0,0,"250, 0, 250, 0",150,0,0,600,0,list3,"0, 0, 0, 0, 0, 0, 0","70, 70, 40, 0, 0, 0, 0",0,25,list,"0, 0, 0, 0, 0",loopBonusSkillList,0,"20, 16, 29, 31",以此功法进行防御时，每当运用者成功对敌人的兵器攻击进行反击，将运用者的2个外伤标记及一部分新增紊乱转移给敌人,以此功法进行防御时，每当运用者成功对敌人的兵器攻击进行反击，将运用者的2个内伤标记及一部分新增紊乱转移给敌人
325,心我两灭咒,5,欲成心我两灭之法，当摒弃自我，断灭七情，不感生，不悲死，经十层苦练，渐舍三魂七魄，而后心念成空，再无人欲。,4,绝技,Invalid,2,15,4,469,true,false,19,属性0=90; 属性5=85; 属性82=350; 属性59=280; 属性65=280,223,949,3,3,5,false,2,2,350,0,0,-1,-1,0,"0, 0, 0, 0",0,"0, 0, 0, 0","0, 0, 0, 0","外:0, 内:0","外:0, 内:0","外:0, 内:0",0,0,0,0,0,0,0,0,"0, 0, 0, 0, 0, 0",0,list,0,0,100,25,0,0,list2,0,0,-1,-1,"20, 20, 1, 20, 20, 20, 20",0,"0, 0, 0, 0",false,false,"0, 0, 0, 0, 0, 0, 0, 0, 0, 0, 0, 0",0,-1,,0,0,0,"0, 0, 0, 0",36,0,36,-1,-1,false,-1,-1,-1,0,0,0,"0, 0, 0, 0",0,0,0,0,0,属性21=60; 属性23=60,"45, 45, 25, 0, 0, 0, 0","45, 45, 25, 0, 0, 0, 0",0,35,list,"0, 0, 0, 0, 0",loopBonusSkillList,0,"20, 29, 30, 31, 32",每当运用者助战的同道的战败标记总数超过战败条件的一半时，根据该同道的各类真气的数量，使运用者获得大量的真气,每当运用者助战的同道的战败标记总数超过战败条件的一半时，根据该同道的各类真气的数量，使敌人失去大量的真气
326,十二血童大阵,6,十二血童大阵不以众生为念，不以五逆为苦，乃天下至邪之法，助阵者皆与阵主心意相连，神魂相通，故能以死为生，以身代厄。,4,绝技,Invalid,3,15,4,470,true,true,20,属性0=100; 属性3=45; 属性4=45; 属性82=400; 属性59=320; 属性65=320,224,950,4,3,6,false,"0, 1, 2, 3, 4, 5, 6",3,400,0,0,-1,-1,0,"0, 0, 0, 0",0,"0, 0, 0, 0","0, 0, 0, 0","外:0, 内:0","外:0, 内:0","外:0, 内:0",0,0,0,0,0,0,0,0,"0, 0, 0, 0, 0, 0",0,list,0,0,100,25,0,0,list2,0,0,-1,-1,"20, 20, 1, 20, 20, 20, 20",0,"0, 0, 0, 0",false,false,"0, 0, 0, 0, 0, 0, 0, 0, 0, 0, 0, 0",0,-1,,0,0,0,"0, 0, 0, 0",36,0,36,-1,-1,false,-1,-1,-1,0,0,0,"0, 0, 0, 0",0,0,0,0,0,list3,"0, 0, 0, 0, 0, 0, 0","0, 0, 0, 0, 0, 0, 0",0,0,list,"0, 0, 0, 0, 0",loopBonusSkillList,0,"20, 19, 16, 17, 29, 30, 31, 32",运用者助战的同道在战斗中只能够获得为运用者分担大量外伤和重创的「替命」指令,运用者助战的同道在战斗中只能够获得为运用者分担大量内伤和重创的「替命」指令
327,天魔通,7,天魔乃欲界第六天之主，有无量眷属，常障碍佛道。天魔通不以禅定为法，不以非想为要，唯求于他化之中得自在，功成者不受五衰之苦，而有破坏善法之能。,3,绝技,Invalid,3,15,4,471,true,true,21,属性0=130; 属性5=75; 属性82=450; 属性59=360; 属性65=360,225,951,4,3,7,false,2,3,450,0,0,-1,-1,0,"0, 0, 0, 0",0,"0, 0, 0, 0","0, 0, 0, 0","外:0, 内:0","外:0, 内:0","外:0, 内:0",0,0,0,0,0,0,0,0,"0, 0, 0, 0, 0, 0",6000,list,0,50,100,25,0,0,list2,0,0,-1,-1,"20, 20, 1, 20, 20, 20, 20",0,"0, 0, 0, 0",false,false,"0, 0, 0, 0, 0, 0, 0, 0, 0, 0, 0, 0",0,-1,,0,0,0,"0, 0, 0, 0",36,0,36,-1,-1,false,-1,-1,-1,0,300,300,"0, 0, 0, 0",0,80,80,300,90,list3,"0, 0, 0, 0, 0, 0, 0","140, 140, 90, 0, 0, 0, 0",0,60,list,"0, 0, 0, 0, 0",loopBonusSkillList,0,"20, 16, 30, 32",以此功法进行防御时：运用者受到的所有直接外伤降低60%；每当运用者反震敌人的攻击，运用者向敌人施加大量的赤性「剧毒」，小幅恶化敌人所有的外伤,以此功法进行防御时：运用者受到的所有直接内伤降低60%；每当运用者反震敌人的攻击，运用者向敌人施加大量的寒性「剧毒」，小幅恶化敌人所有的内伤
328,血童不死身,8,“万法本空相，尘劫若火轮，入我魔罗道，成我不死身”。血童不死身乃血犼教无上之秘法，其势由无明妄心而发，绝知断见乃止，可助人灭尽一切烦恼、阻碍，成就不死不灭之躯。,4,绝技,Invalid,3,15,4,472,true,true,22,属性0=25; 属性3=100; 属性4=95; 属性82=500; 属性59=400; 属性65=400,226,952,5,3,8,false,2,3,500,0,0,-1,-1,0,"0, 0, 0, 0",0,"0, 0, 0, 0","0, 0, 0, 0","外:0, 内:0","外:0, 内:0","外:0, 内:0",0,0,0,0,0,0,0,0,"0, 0, 0, 0, 0, 0",0,list,0,0,100,25,0,0,list2,0,0,-1,-1,"20, 20, 1, 20, 20, 20, 20",0,"0, 0, 0, 0",false,false,"0, 0, 0, 0, 0, 0, 0, 0, 0, 0, 0, 0",0,-1,,0,0,0,"0, 0, 0, 0",36,0,36,-1,-1,false,-1,-1,-1,0,0,0,"0, 0, 0, 0",0,0,0,0,0,属性22=40,"160, 160, 120, 0, 0, 0, 0","0, 0, 0, 0, 0, 0, 0",100,0,list,"0, 0, 0, 0, 0",loopBonusSkillList,0,"19, 17, 29, 30, 31, 32",当运用者的战败标记总数达到战败条件时，如果运用者的内息紊乱未达到“绝断”，运用者就会开始持续增加更难恢复的旧时紊乱，在运用者的内息紊乱达到“绝断”之前，运用者无法被击败，且运用者造成的直接外伤与受到的直接内伤提高80%，且施展功法所需消耗的架势降低50%,当运用者的战败标记总数达到战败条件时，如果运用者的内息紊乱未达到“绝断”，运用者就会开始持续增加更难恢复的旧时紊乱，在运用者的内息紊乱达到“绝断”之前，运用者无法被击败，且运用者造成的直接内伤与受到的直接外伤提高80%，且施展功法所需消耗的提气降低50%
329,少林长拳,0,少林长拳讲究“筋顺骨直，正大光明”，招式尽是横截直击，虽然看似简单刻板，然而法度却极严谨，堪称少林武学之典范。,1,拳掌,Invalid,1,1,0,473,true,false,24,属性0=20; 属性2=50; 属性3=30; 属性83=100; 属性63=100,597,1323,1,8,0,false,"3, 4",1,100,0,0,-1,-1,0,"0, 0, 0, 0",0,"0, 0, 0, 0","0, 0, 0, 0","外:0, 内:0","外:0, 内:0","外:0, 内:0",0,0,0,0,0,0,0,0,"0, 0, 0, 0, 0, 0",21000,4,0,60,0,25,320,15,式6=2,0,0,300,-1,"60, 40, 1, 10, 10, 0, 0",60,"50, 30, 20, 0",false,false,"0, 0, 0, 0, 0, 0, 0, 0, 0, 0, 0, 0",50,-1,,0,0,0,"0, 0, 0, 0",36,0,36,-1,-1,false,-1,-1,-1,0,0,0,"0, 0, 0, 0",0,0,0,0,0,list3,"0, 0, 0, 20, 20, 0, 0","0, 0, 0, 0, 0, 0, 0",0,0,list,"0, 0, 0, 0, 0",loopBonusSkillList,0,"20, 19, 17, 41, 42, 43, 44, 45, 46",战斗开始时，运用者获得0层此效果：每当运用者因敌人的直接外伤，受到外伤标记或重创标记时，此效果提高1层，最多36层，每层都会提高此功法的威力,战斗开始时，运用者获得0层此效果：每当运用者因敌人的直接内伤，受到内伤标记或重创标记时，此效果提高1层，最多36层，每层都会提高此功法的威力
330,少林金刚掌,1,少林金刚掌易学难精，虽初练即生开碑碎石之刚强掌力，然而若要练至阳劲内敛而生阴劲乃至刚柔相济的上乘境界，却极是艰难。,1,拳掌,Invalid,1,1,0,474,true,false,25,属性0=25; 属性2=55; 属性3=35; 属性83=150; 属性63=150,598,1324,1,2,1,false,"3, 4",1,150,0,0,-1,-1,0,"0, 0, 0, 0",0,"0, 0, 0, 0","0, 0, 0, 0","外:0, 内:0","外:0, 内:0","外:0, 内:0",0,0,0,0,0,0,0,0,"0, 0, 0, 0, 0, 0",24000,4,0,60,0,25,520,10,式6=2,0,0,273,-1,"80, 20, 1, 10, 10, 0, 0",40,"60, 20, 20, 0",false,false,"0, 0, 0, 0, 0, 0, 0, 0, 0, 0, 0, 0",50,-1,,0,0,0,"0, 0, 0, 0",36,0,36,-1,-1,false,-1,-1,-1,0,0,0,"0, 0, 0, 0",0,0,0,0,0,list3,"0, 0, 0, 15, 15, 0, 0","0, 0, 0, 15, 15, 0, 0",0,0,list,"0, 0, 0, 0, 0",loopBonusSkillList,0,"20, 19, 41, 42, 43, 44, 45, 46",根据此功法发挥的成数，此功法的内功比例提高，当达到100%内功时，此功法的威力大幅提高，且对敌人造成的直接伤害不会因状态效果降低,根据此功法发挥的成数，此功法的外功比例提高，当达到100%外功时，此功法的威力大幅提高，且对敌人造成的直接伤害不会因状态效果降低
331,大通臂拳,2,“其起如虎扑人，其落如鹰捉物”，力贯双臂，左右一体，谓之“通臂”也。大通臂拳招式刚猛，直上直下，放长而击远，势整而力顺。,1,拳掌,Invalid,1,1,0,475,true,false,26,属性0=30; 属性2=60; 属性3=40; 属性83=200; 属性63=200,599,1325,2,2,2,false,"3, 4",1,200,0,0,-1,-1,0,"0, 0, 0, 0",0,"0, 0, 0, 0","0, 0, 0, 0","外:0, 内:0","外:0, 内:0","外:0, 内:0",0,0,0,0,0,0,0,0,"0, 0, 0, 0, 0, 0",24000,4,0,60,0,25,400,15,式6=2,0,0,300,-1,"60, 20, 1, 10, 10, 10, 10",80,"50, 30, 20, 0",false,true,"0, 0, 0, 0, 0, 0, 0, 0, 0, 0, 0, 0",50,-1,,0,0,0,"0, 0, 0, 0",36,0,36,-1,-1,false,-1,-1,-1,0,0,0,"0, 0, 0, 0",0,0,0,0,0,list3,"0, 0, 0, 40, 40, 0, 0","0, 0, 0, 0, 0, 0, 0",0,0,list,"0, 0, 0, 0, 0",loopBonusSkillList,0,"20, 19, 17, 41, 42, 43, 44, 45, 46",此功法的攻击范围增加；此功法发挥$0$成威力后，运用者获得10层此效果：运用者的最大攻击距离增加1，在此效果下再次施展此功法时，此功法的威力提高,此功法的攻击范围增加；此功法发挥$0$成威力后，运用者获得10层此效果：运用者的最小攻击距离减少1，在此效果下再次施展此功法时，此功法的威力提高
332,六十八式罗汉拳,3,六十八式罗汉拳模仿十八罗汉之姿态神通，既有灵活多变之招式，又不离三正守中之根本，可谓刚柔并济，神形完备。,1,拳掌,Invalid,2,1,0,476,true,false,27,属性0=35; 属性2=65; 属性3=45; 属性83=250; 属性63=250,600,1326,2,8,3,false,"3, 4",2,250,0,0,-1,-1,0,"0, 0, 0, 0",0,"0, 0, 0, 0","0, 0, 0, 0","外:0, 内:0","外:0, 内:0","外:0, 内:0",0,0,0,0,0,0,0,0,"0, 0, 0, 0, 0, 0",21000,4,0,80,30,25,480,10,式6=2; 式8=1,0,0,300,-1,"40, 40, 1, 20, 20, 0, 0",100,"40, 40, 20, 0",false,false,"0, 0, 0, 0, 0, 0, 0, 0, 0, 0, 0, 0",50,-1,,0,0,0,"0, 0, 0, 0",36,0,36,-1,-1,false,-1,-1,-1,0,0,0,"0, 0, 0, 0",0,0,0,0,0,list3,"0, 0, 0, 25, 25, 0, 0","0, 0, 0, 25, 25, 0, 0",0,0,list,"0, 0, 0, 0, 0",loopBonusSkillList,0,"20, 19, 41, 42, 43, 44, 45, 46",运用者运起「护体」功法的过程中，可以施展此功法；根据此功法发挥的成数，大幅恢复运用者的「护体」功法的持续时间,运用者运起「护体」功法的过程中，可以施展此功法；根据此功法发挥的成数，大幅消耗敌人的「护体」功法的持续时间
333,大金刚拳,4,大金刚拳刚猛绝伦，力发千斤，拳力稳重果决，气势雄浑，招式大开大合，井然不失法度，举手投足间均显示出莫大的威力。,1,拳掌,Invalid,2,1,0,477,true,false,28,属性0=40; 属性2=70; 属性3=50; 属性83=300; 属性63=300,601,1327,3,2,4,false,"0, 1, 3, 4",2,300,0,0,-1,-1,0,"0, 0, 0, 0",0,"0, 0, 0, 0","0, 0, 0, 0","外:0, 内:0","外:0, 内:0","外:0, 内:0",0,0,0,0,0,0,0,0,"0, 0, 0, 0, 0, 0",27000,4,0,80,0,25,760,10,式6=3,0,0,273,-1,"100, 20, 1, 0, 0, 0, 0",90,"60, 20, 20, 0",false,false,"0, 0, 0, 0, 0, 0, 0, 0, 0, 0, 0, 0",50,-1,,0,0,0,"0, 0, 0, 0",36,0,36,-1,-1,false,-1,-1,-1,0,0,0,"0, 0, 0, 0",0,0,0,0,0,list3,"0, 0, 0, 70, 70, 0, 0","0, 0, 0, 0, 0, 0, 0",0,0,list,"0, 0, 0, 0, 0",loopBonusSkillList,0,"20, 19, 17, 41, 42, 43, 44, 45, 46",以此功法攻击敌人时，如果运用者的膂力高于敌人，将运用者的一部分破气转移为破体；此功法发挥$0$成威力时，消耗运用者的10点膂力，向运用者施加一个提高破体的增益状态与一个降低破气的损害状态,以此功法攻击敌人时，如果运用者的膂力高于敌人，将运用者的一部分破体转移为破气；此功法发挥$0$成威力时，消耗运用者的10点膂力，向运用者施加一个提高破气的增益状态与一个降低破体的损害状态
334,达摩十八手,5,所谓：“达摩西来一字无，全凭心意用功夫”，达摩十八手招式固然精奇，而那“守心住缘，无念为宗”的功法总诀更为少林武学之真髓。,1,拳掌,Invalid,2,1,0,478,true,false,29,属性0=45; 属性2=75; 属性3=55; 属性83=350; 属性63=350,602,1328,3,8,5,false,"3, 4",2,350,0,0,-1,-1,0,"0, 0, 0, 0",0,"0, 0, 0, 0","0, 0, 0, 0","外:0, 内:0","外:0, 内:0","外:0, 内:0",0,0,0,0,0,0,0,0,"0, 0, 0, 0, 0, 0",24000,4,0,80,50,25,520,15,式6=1; 式7=1; 式8=1,0,0,300,-1,"30, 30, 1, 15, 15, 15, 15",170,"30, 40, 30, 0",true,true,"0, 0, 0, 0, 0, 0, 0, 0, 0, 0, 0, 0",50,-1,,0,0,0,"0, 0, 0, 0",36,0,36,-1,-1,false,-1,-1,-1,0,0,0,"0, 0, 0, 0",0,0,0,0,0,list3,"0, 0, 0, 45, 45, 0, 0","0, 0, 0, 45, 45, 0, 0",0,0,list,"0, 0, 0, 0, 0",loopBonusSkillList,0,"20, 19, 41, 42, 43, 44, 45, 46",开始施展此功法时，如果运用者的御体高于运用者的破体，此功法的威力提高；以此功法攻击敌人时，运用者的破体额外附加运用者的御体,开始施展此功法时，如果运用者的御气高于运用者的破气，此功法的威力提高；以此功法攻击敌人时，运用者的破气额外附加运用者的御气
335,金刚般若掌,6,金刚般若掌刚强无俦，由外而内，内外兼修，威力奇大无比。掌力一旦吐出便汹涌难绝，层层叠叠，莫可抵挡，堪称少林第一神掌。,1,拳掌,Invalid,3,1,0,479,true,false,30,属性0=50; 属性2=80; 属性3=60; 属性83=400; 属性63=400,603,1329,4,2,6,false,"3, 4",3,400,0,0,-1,-1,0,"0, 0, 0, 0",0,"0, 0, 0, 0","0, 0, 0, 0","外:0, 内:0","外:0, 内:0","外:0, 内:0",0,0,0,0,0,0,0,0,"0, 0, 0, 0, 0, 0",30000,4,0,100,30,25,1000,10,式6=4,0,0,300,-1,"80, 20, 1, 10, 10, 0, 0",140,"50, 40, 10, 0",false,false,"0, 0, 0, 0, 0, 0, 0, 0, 0, 0, 0, 0",50,-1,,0,0,0,"0, 0, 0, 0",36,0,36,-1,-1,false,-1,-1,-1,0,0,0,"0, 0, 0, 0",0,0,0,0,0,list3,"0, 0, 0, 110, 110, 0, 0","0, 0, 0, 0, 0, 0, 0",0,0,list,"0, 0, 0, 0, 0",loopBonusSkillList,0,"20, 19, 17, 41, 42, 43, 44, 45, 46",以此功法开始攻击敌人时，如果敌人的内力属性为「紫霞」、「归元」，消除敌人运起的「护体」、「轻灵」功法，并将敌人3个「摧破」功法的持续效果消减为0层,此功法发挥$0$成威力时，如果敌人的内力属性为「紫霞」、「归元」，运用者对敌人造成的直接伤害提高90%
336,降魔光明拳,7,“愿我智慧光，普照十方刹”。降魔光明拳质朴温和，却具无上大力，招式举重若轻，劲力无所不至，正如佛光普照一切时，一切处。,1,拳掌,Invalid,3,1,0,480,true,false,31,属性0=55; 属性2=85; 属性3=65; 属性83=450; 属性63=450,604,1330,4,2,7,false,"0, 2, 3, 4",3,450,0,0,-1,-1,0,"0, 0, 0, 0",0,"0, 0, 0, 0","0, 0, 0, 0","外:0, 内:0","外:0, 内:0","外:0, 内:0",0,0,0,0,0,0,0,0,"0, 0, 0, 0, 0, 0",33000,4,0,100,70,25,1080,20,式6=4,0,0,300,-1,"80, 40, 1, 0, 0, 0, 0",220,"50, 50, 0, 0",false,false,"0, 0, 0, 0, 0, 0, 0, 0, 0, 0, 0, 0",50,-1,,0,0,0,"0, 0, 0, 0",36,0,36,-1,-1,false,-1,-1,-1,0,0,0,"0, 0, 0, 0",0,0,0,0,0,list3,"0, 0, 0, 70, 70, 0, 0","0, 0, 0, 70, 70, 0, 0",0,0,list,"0, 0, 0, 0, 0",loopBonusSkillList,0,"20, 19, 41, 42, 43, 44, 45, 46",开始施展此功法时，敌人的处世立场与仁善差距越大，此功法的攻击范围与威力就提高越多；此功法发挥$0$成威力时，如果运用者的动心高于敌人的守心，使敌人的处世立场向仁善变化，且如果敌人的处世立场因此由非仁善变化为仁善，敌人就会在可以逃跑的情况下立即开始逃跑,开始施展此功法时，敌人的处世立场与叛逆差距越大，此功法的攻击范围与威力就提高越多；此功法发挥$0$成威力时，如果运用者的动心高于敌人的守心，使敌人的处世立场向叛逆变化，且如果敌人的处世立场因此由非叛逆变化为叛逆，敌人就会在可以逃跑的情况下立即开始逃跑
337,三十六闭手,0,三十六闭手每一式均有虚实、正反、引送、沉浮等数十种不同手法。攻防之际膝肘并用，招式连绵不断，令敌人进退维谷，所以谓之“闭”也。,1,拳掌,Invalid,1,2,1,481,true,false,24,属性1=40; 属性2=30; 属性5=30; 属性83=100; 属性62=80; 属性63=80,620,1346,1,8,0,false,"3, 4, 5, 6",1,100,0,0,-1,-1,0,"0, 0, 0, 0",0,"0, 0, 0, 0","0, 0, 0, 0","外:0, 内:0","外:0, 内:0","外:0, 内:0",0,0,0,0,0,0,0,0,"0, 0, 0, 0, 0, 0",21000,4,0,60,70,25,160,10,式8=2,0,0,354,-1,"20, 20, 1, 30, 30, 10, 10",80,"20, 40, 40, 0",true,false,"0, 0, 0, 0, 0, 0, 0, 0, 0, 0, 0, 0",50,-1,,0,0,0,"0, 0, 0, 0",36,0,36,-1,-1,false,-1,-1,-1,0,0,0,"0, 0, 0, 0",0,0,0,0,0,list3,"0, 0, 0, 10, 10, 0, 0","0, 0, 0, 10, 10, 0, 0",0,0,list,"0, 0, 0, 0, 0",loopBonusSkillList,0,"20, 19, 41, 42, 43, 44, 45, 46",此功法发挥$0$成威力后，运用者获得18层此效果：每当运用者被敌人添加无法使用的式时，消耗相同数量的此效果层数将其抵消,此功法发挥$0$成威力后，运用者获得18层此效果：每当运用者被敌人消除可以使用的式时，消耗相同数量的此效果层数将其抵消
338,鸭形拳,1,鸭形拳生动灵巧，妙趣横生，虽然望之犹如一鸭，似是无比滑稽，但于左摇右摆，前撩后拨之中，却隐含着极迅疾的凶狠招式。,1,拳掌,Invalid,1,2,1,482,true,false,25,属性1=45; 属性2=35; 属性5=35; 属性83=150; 属性62=120; 属性63=120,621,1347,1,7,1,false,"3, 4, 5, 6",1,150,0,0,-1,-1,0,"0, 0, 0, 0",0,"0, 0, 0, 0","0, 0, 0, 0","外:0, 内:0","外:0, 内:0","外:0, 内:0",0,0,0,0,0,0,0,0,"0, 0, 0, 0, 0, 0",18000,4,0,60,30,25,280,10,式7=1; 式8=1,0,0,345,-1,"0, 20, 1, 25, 25, 25, 25",60,"30, 30, 40, 0",false,true,"0, 0, 0, 0, 0, 0, 0, 0, 0, 0, 0, 0",50,-1,,0,0,0,"0, 0, 0, 0",36,0,36,-1,-1,false,-1,-1,-1,0,0,0,"0, 0, 0, 0",0,0,0,0,0,list3,"0, 0, 0, 30, 30, 0, 0","0, 0, 0, 0, 0, 0, 0",0,0,list,"0, 0, 0, 0, 0",loopBonusSkillList,0,"20, 19, 17, 41, 42, 43, 44, 45, 46",开始施展此功法时，敌人的危机感越低，此功法的威力就提高越多；此功法无法发挥$0$成威力时，降低敌人的危机感,开始施展此功法时，敌人的危机感越高，此功法的威力就提高越多；此功法无法发挥$0$成威力时，提高敌人的危机感
339,十二手滥缠丝拳,2,十二手滥缠丝拳行拳如春蚕吐丝，发放如毒箭离弦。诀曰：“脚踏长山手拉弓，巴拿抖造力无穷，擒拿挂劈缠丝劲，直踏中宫冲洪门”。,1,拳掌,Invalid,1,2,1,483,true,false,26,属性1=50; 属性2=40; 属性5=40; 属性83=200; 属性62=160; 属性63=160,622,1348,2,8,2,false,"3, 4, 5, 6",1,200,0,0,-1,-1,0,"0, 0, 0, 0",0,"0, 0, 0, 0","0, 0, 0, 0","外:0, 内:0","外:0, 内:0","外:0, 内:0",0,0,0,0,0,0,0,0,"0, 0, 0, 0, 0, 0",21000,4,0,60,60,25,160,10,式8=2,0,0,354,-1,"0, 20, 1, 50, 50, 0, 0",140,"20, 50, 30, 0",false,true,"0, 0, 0, 0, 0, 0, 0, 0, 0, 0, 0, 0",50,-1,,0,0,0,"0, 0, 0, 0",36,0,36,-1,-1,false,-1,-1,-1,0,0,0,"0, 0, 0, 0",0,0,0,0,0,list3,"0, 0, 0, 20, 20, 0, 0","0, 0, 0, 20, 20, 0, 0",0,0,list,"0, 0, 0, 0, 0",loopBonusSkillList,0,"20, 19, 41, 42, 43, 44, 45, 46",只要此功法未被敌人闪避，此功法对敌人造成的直接外伤大幅提高且不会因状态效果降低,只要此功法未被敌人闪避，此功法对敌人造成的直接内伤大幅提高且不会因状态效果降低
340,白猿通臂拳,3,“道人更自出新奇，乃是山中白猿授”。白猿通臂拳灵动多变，招式匪夷所思，极尽山猿蹿跃嬉戏之形态，堪称拳法中之一奇。,1,拳掌,Invalid,2,2,1,484,true,false,27,属性1=55; 属性2=45; 属性5=45; 属性83=250; 属性62=200; 属性63=200,623,1349,2,8,3,false,"3, 4",2,250,0,0,-1,-1,0,"0, 0, 0, 0",0,"0, 0, 0, 0","0, 0, 0, 0","外:0, 内:0","外:0, 内:0","外:0, 内:0",0,0,0,0,0,0,0,0,"0, 0, 0, 0, 0, 0",21000,4,0,80,50,25,360,20,式6=1; 式7=1; 式8=1,0,0,345,-1,"20, 20, 1, 25, 25, 15, 15",120,"30, 30, 40, 0",false,false,"0, 0, 0, 0, 0, 0, 0, 0, 0, 0, 0, 0",50,-1,,0,0,0,"0, 0, 0, 0",36,0,36,-1,-1,false,-1,-1,-1,0,0,0,"0, 0, 0, 0",0,0,0,0,0,list3,"0, 0, 0, 50, 50, 0, 0","0, 0, 0, 0, 0, 0, 0",0,0,list,"0, 0, 0, 0, 0",loopBonusSkillList,0,"20, 19, 17, 41, 42, 43, 44, 45, 46",根据此功法发挥的成数，大幅恢复运用者的脚力,根据此功法发挥的成数，大幅损耗敌人的脚力
341,移花接木手,4,移花接木手若真若假，变幻莫测。招式看似轻柔无已，实则凌厉至极，正是：“柔为刚之本，刚为柔之用，若欲极刚，必力极柔”。,1,拳掌,Invalid,2,2,1,485,true,false,28,属性1=60; 属性2=50; 属性5=50; 属性83=300; 属性62=240; 属性63=240,624,1350,3,0,4,true,"3, 4",2,300,0,0,-1,-1,0,"0, 0, 0, 0",0,"0, 0, 0, 0","0, 0, 0, 0","外:0, 内:0","外:0, 内:0","外:0, 内:0",0,0,0,0,0,0,0,0,"0, 0, 0, 0, 0, 0",18000,4,0,80,70,25,280,15,式8=3,0,0,372,-1,"0, 0, 1, 40, 40, 20, 20",170,"10, 60, 30, 0",true,false,"0, 0, 0, 0, 0, 0, 0, 0, 0, 0, 0, 0",50,-1,,0,0,0,"0, 0, 0, 0",36,0,36,-1,-1,false,-1,-1,-1,0,0,0,"0, 0, 0, 0",0,0,0,0,0,list3,"0, 0, 0, 35, 35, 0, 0","0, 0, 0, 35, 35, 0, 0",0,0,list,"0, 0, 0, 0, 0",loopBonusSkillList,0,"20, 19, 41, 42, 43, 44, 45, 46",以此功法攻击敌人时，如果运用者的灵敏高于敌人，将敌人的一部分御体转移为御气；此功法发挥$0$成威力时，消耗运用者的10点灵敏，向敌人施加一个提高御气的增益状态与一个降低御体的损害状态,以此功法攻击敌人时，如果运用者的灵敏高于敌人，将敌人的一部分御气转移为御体；此功法发挥$0$成威力时，消耗运用者的10点灵敏，向敌人施加一个提高御体的增益状态与一个降低御气的损害状态
342,天罡雷轰掌,5,天罡雷轰掌威力极强，骤发骤收，催坚毁物只在一瞬之间。掌法一经使动则全身劲力暴增，掌中如灌闪电轰雷，声势无比惊人。,1,拳掌,Invalid,2,2,1,486,true,false,29,属性2=55; 属性4=65; 属性5=55; 属性83=350; 属性62=280; 属性63=280,625,1351,3,0,5,true,"0, 3, 4",2,350,0,0,-1,-1,0,"0, 0, 0, 0",0,"0, 0, 0, 0","0, 0, 0, 0","外:0, 内:0","外:0, 内:0","外:0, 内:0",0,0,0,0,0,0,0,0,"0, 0, 0, 0, 0, 0",24000,4,0,80,100,25,680,15,式6=3,0,0,273,-1,"80, 20, 10, 10, 10, 0, 0",140,"30, 40, 30, 0",false,false,"0, 0, 0, 0, 0, 0, 0, 0, 0, 0, 0, 0",50,-1,,0,0,0,"0, 0, 0, 0",36,0,36,-1,-1,false,-1,-1,-1,0,0,0,"0, 0, 0, 0",0,0,0,0,0,list3,"0, 0, 0, 0, 0, 0, 0","0, 0, 0, 90, 90, 0, 0",0,0,list,"0, 0, 0, 0, 0",loopBonusSkillList,0,"20, 19, 16, 41, 42, 43, 44, 45, 46",战斗开始时，运用者获得3层此效果：运用者可以从施展进度50%开始施展此功法攻击敌人，且运用者以此功法攻击敌人时的破体大幅提高，但此效果剩余层数越多，运用者的架势恢复速度就降低越多,战斗开始时，运用者获得3层此效果：运用者可以从施展进度50%开始施展此功法攻击敌人，且运用者以此功法攻击敌人时的破气大幅提高，但此效果剩余层数越多，运用者的提气恢复速度就降低越多
343,金刚三昧掌,6,金刚三昧掌乃峨眉内门神掌之绝诣，刚柔一体，绝无破绽。“如金刚能一切无碍，能通达一切诸法之三昧”，故而谓之“金刚三昧”。,1,拳掌,Invalid,3,2,1,487,true,false,30,属性2=60; 属性4=70; 属性5=60; 属性83=400; 属性62=320; 属性63=320,626,1352,4,1,6,true,"0, 1, 3, 4",3,400,0,0,-1,-1,0,"0, 0, 0, 0",0,"0, 0, 0, 0","0, 0, 0, 0","外:0, 内:0","外:0, 内:0","外:0, 内:0",0,0,0,0,0,0,0,0,"0, 0, 0, 0, 0, 0",27000,4,0,100,60,25,720,10,式6=2; 式8=2,0,0,273,-1,"40, 40, 1, 20, 20, 0, 0",200,"40, 30, 30, 0",false,false,"0, 0, 0, 0, 0, 0, 0, 0, 0, 0, 0, 0",50,-1,,0,0,0,"0, 0, 0, 0",36,0,36,-1,-1,false,-1,-1,-1,0,0,0,"0, 0, 0, 0",0,0,0,0,0,list3,"0, 0, 0, 55, 55, 0, 0","0, 0, 0, 55, 55, 0, 0",0,0,list,"0, 0, 0, 0, 0",loopBonusSkillList,0,"20, 19, 41, 42, 43, 44, 45, 46",此功法无法被打断；此功法必然发挥$0$成威力，且敌人的御气越高，敌人的御体就降低越多，最多降低一半，但运用者每有一项命中被敌人化解，就需要消耗运用者的5点「奇窍」真气，否则这些效果将不会生效,此功法无法被打断；此功法必然发挥$0$成威力，且敌人的御体越高，敌人的御气就降低越多，最多降低一半，但运用者每有一项命中被敌人化解，就需要消耗运用者的5点「奇窍」真气，否则这些效果将不会生效
344,武当长拳,0,武当长拳共有三十二式，尚意而不尚力。招式开合分明，运化自然，静则四肢舒展慢条斯理，动则手足齐到势如连环。,1,拳掌,Invalid,1,4,3,488,true,false,24,属性1=30; 属性2=30; 属性4=40; 属性83=100; 属性62=100,675,1401,1,8,0,false,"3, 4",1,100,0,0,-1,-1,0,"0, 0, 0, 0",0,"0, 0, 0, 0","0, 0, 0, 0","外:0, 内:0","外:0, 内:0","外:0, 内:0",0,0,0,0,0,0,0,0,"0, 0, 0, 0, 0, 0",21000,4,0,60,50,20,240,15,式6=1; 式8=1,0,0,273,-1,"30, 30, 1, 20, 20, 10, 10",80,"40, 40, 20, 0",false,false,"0, 0, 0, 0, 0, 0, 0, 0, 0, 0, 0, 0",50,-1,,0,0,0,"0, 0, 0, 0",36,0,36,-1,-1,false,-1,-1,-1,0,0,0,"0, 0, 0, 0",0,0,0,0,0,list3,"0, 0, 0, 10, 10, 0, 0","0, 0, 0, 10, 10, 0, 0",0,0,list,"0, 0, 0, 0, 0",loopBonusSkillList,0,"20, 19, 41, 42, 43, 44, 45, 46",根据此功法发挥的威力成数，增加运用者所有「奇窍」功法的威力上限，持续直到战斗结束,根据此功法发挥的威力成数，极短时间封禁敌人的1个「奇窍」功法
345,追风云环掌,1,“周身无处不旋转，神固体逸不散乱”。追风云环掌招招相连，式式相接，行功走架间不拘于身，不困于形，犹如清风飞扬。,1,拳掌,Invalid,1,4,3,489,true,false,25,属性1=45; 属性2=35; 属性4=35; 属性83=150; 属性62=150,676,1402,1,8,1,true,"3, 4",1,150,0,0,-1,-1,0,"0, 0, 0, 0",0,"0, 0, 0, 0","0, 0, 0, 0","外:0, 内:0","外:0, 内:0","外:0, 内:0",0,0,0,0,0,0,0,0,"0, 0, 0, 0, 0, 0",18000,4,0,60,70,20,160,10,式8=2,0,0,354,-1,"25, 25, 1, 25, 25, 10, 10",110,"20, 40, 40, 0",true,false,"0, 0, 0, 0, 0, 0, 0, 0, 0, 0, 0, 0",50,-1,,0,0,0,"0, 0, 0, 0",36,0,36,-1,-1,false,-1,-1,-1,0,0,0,"0, 0, 0, 0",0,0,0,0,0,list3,"0, 0, 0, 0, 0, 0, 0","0, 0, 0, 30, 30, 0, 0",0,0,list,"0, 0, 0, 0, 0",loopBonusSkillList,0,"20, 19, 16, 41, 42, 43, 44, 45, 46",此功法发挥$0$成威力后，运用者获得4层此效果：运用者获得的所有「崩」式、「点」式，变化为「拿」式,此功法发挥$0$成威力时，运用者获得2个「拿」式
346,武当绵掌,2,武当绵掌出手无形，落手无声，掌力随方就圆，无孔不入。中掌之处绝无丝毫痕迹，但脏腑已然重伤，可谓绵里藏铁，柔中寓刚。,1,拳掌,Invalid,1,4,5,490,true,false,26,属性1=35; 属性2=45; 属性4=50; 属性83=200; 属性62=200,677,1403,2,8,2,true,"3, 4",1,200,0,0,-1,-1,0,"0, 0, 0, 0",0,"0, 0, 0, 0","0, 0, 0, 0","外:0, 内:0","外:0, 内:0","外:0, 内:0",0,0,0,0,0,0,0,0,"0, 0, 0, 0, 0, 0",27000,4,0,60,100,20,400,10,式8=2,0,0,354,-1,"40, 40, 1, 20, 20, 0, 0",100,"20, 60, 20, 0",false,false,"0, 0, 0, 0, 0, 0, 0, 0, 0, 0, 0, 0",50,-1,,0,0,0,"0, 0, 0, 0",36,0,36,-1,-1,false,-1,-1,-1,0,0,0,"0, 0, 0, 0",0,0,0,0,0,list3,"0, 0, 0, 0, 0, 0, 0","0, 0, 0, 40, 40, 0, 0",0,0,list,"0, 0, 0, 0, 0",loopBonusSkillList,0,"20, 19, 16, 41, 42, 43, 44, 45, 46",以此功法击中敌人时，无视敌人的护具；此功法发挥$0$成威力后，运用者获得3层此效果：当敌人受到运用者的功法攻击时，消耗运用者10点根骨，提高运用者的破体、破气,以此功法击中敌人时，无视敌人的护具；此功法发挥$0$成威力后，运用者获得3层此效果：当运用者受到敌人的功法攻击时，消耗运用者10点根骨，提高运用者的御体、御气
347,游身八卦掌,3,游身八卦掌首重走转步法，所谓：“八卦掌，卦上走，人在卦上变身手”。御敌之际足不停步，掌不离身，随走随变，甚是玄妙精微。,1,拳掌,Invalid,2,4,3,491,true,false,27,属性1=50; 属性2=40; 属性4=55; 属性83=250; 属性62=250,678,1404,2,7,3,true,"3, 4, 5, 6",2,250,0,0,-1,-1,0,"0, 0, 0, 0",0,"0, 0, 0, 0","0, 0, 0, 0","外:0, 内:0","外:0, 内:0","外:0, 内:0",0,0,0,0,0,0,0,0,"0, 0, 0, 0, 0, 0",18000,4,0,80,50,20,320,15,式6=1; 式8=2,0,0,354,-1,"20, 20, 1, 20, 20, 20, 20",120,"20, 40, 40, 0",false,true,"0, 0, 0, 0, 0, 0, 0, 0, 0, 0, 0, 0",50,-1,,0,0,0,"0, 0, 0, 0",36,0,36,-1,-1,false,-1,-1,-1,0,0,0,"0, 0, 0, 0",0,0,0,0,0,list3,"0, 0, 0, 25, 25, 0, 0","0, 0, 0, 25, 25, 0, 0",0,0,list,"0, 0, 0, 0, 0",loopBonusSkillList,0,"20, 19, 41, 42, 43, 44, 45, 46",战斗开始时，运用者获得0层此效果：运用者每累积移动1距离，此效果增加1层，最多5层，此效果层数越高，运用者施展此功法时需要消耗的提气、架势就越少，运用者的力道、精妙、迅疾就提高越多；此功法施展结束后，此效果减少1层,战斗开始时，运用者获得0层此效果：运用者每累积移动1距离，此效果增加1层，最多5层，此效果层数越高，运用者施展此功法时需要消耗的提气、架势就越少，运用者的卸力、拆招、闪避就提高越多；此功法施展结束后，此效果减少1层
348,太乙逍遥掌,4,太乙逍遥掌乃道门内家掌法之绝技。其姿态飘逸灵动，洋洋洒洒，以意气为本而招式为末，双掌随意而发，无中生有，洒脱有如神仙，如入逍遥之境。,1,拳掌,Invalid,2,4,5,492,true,false,28,属性1=65; 属性2=50; 属性4=45; 属性83=300; 属性62=300,679,1405,3,7,4,true,"3, 4, 5, 6",2,300,0,0,-1,-1,0,"0, 0, 0, 0",0,"0, 0, 0, 0","0, 0, 0, 0","外:0, 内:0","外:0, 内:0","外:0, 内:0",0,0,0,0,0,0,0,0,"0, 0, 0, 0, 0, 0",24000,4,0,80,100,20,480,20,式8=3,0,0,354,-1,"25, 25, 1, 20, 20, 15, 15",140,"20, 50, 30, 0",true,false,"0, 0, 0, 0, 0, 0, 0, 0, 0, 0, 0, 0",50,-1,,0,0,0,"0, 0, 0, 0",36,0,36,-1,-1,false,-1,-1,-1,0,0,0,"0, 0, 0, 0",0,0,0,0,0,list3,"0, 0, 0, 0, 0, 0, 0","0, 0, 0, 70, 70, 0, 0",0,0,list,"0, 0, 0, 0, 0",loopBonusSkillList,0,"20, 19, 16, 41, 42, 43, 44, 45, 46",施展此功法的过程中，运用者可以前进最多4距离，运用者前进的距离越远，此功法的威力就提高越多，运用者每前进0.2距离就能够获得3点「奇窍」真气,施展此功法的过程中，运用者可以后退最多4距离，运用者后退的距离越远，此功法的威力就提高越多，运用者每后退0.2距离就能够获得3点「奇窍」真气
349,玄功神拳,5,所谓：“损之又损，以至于无为”。玄功神拳愈练招式愈少，愈练劲力愈空，是以“无为而无不为”，无招乃胜有招，劲空则容万法。,1,拳掌,Invalid,2,4,3,493,true,false,29,属性1=40; 属性2=55; 属性4=80; 属性83=350; 属性62=350,680,1406,3,0,5,true,"1, 3, 4",2,350,0,0,-1,-1,0,"0, 0, 0, 0",0,"0, 0, 0, 0","0, 0, 0, 0","外:0, 内:0","外:0, 内:0","外:0, 内:0",0,0,0,0,0,0,0,0,"0, 0, 0, 0, 0, 0",21000,4,0,80,100,20,400,20,式6=1; 式8=2,0,0,354,-1,"30, 30, 1, 20, 20, 10, 10",190,"30, 50, 20, 0",false,false,"0, 0, 0, 0, 0, 0, 0, 0, 0, 0, 0, 0",50,-1,,0,0,0,"0, 0, 0, 0",36,0,36,-1,-1,false,-1,-1,-1,0,0,0,"0, 0, 0, 0",0,0,0,0,0,list3,"0, 0, 0, 0, 0, 0, 0","0, 0, 0, 90, 90, 0, 0",0,0,list,"0, 0, 0, 0, 0",loopBonusSkillList,0,"20, 19, 16, 41, 42, 43, 44, 45, 46",此功法发挥$0$成威力时，使敌人的3个「金刚」功法、2个「紫霞」功法、1个「纯阳」功法被短时间「封禁」,此功法发挥$0$成威力时，使敌人的3个「金刚」功法、2个「紫霞」功法、1个「纯阳」功法的威力降低，持续直到战斗结束
350,武当纯阳拳,6,相传乃道门吕祖所传之神拳。武当纯阳拳用自然之道，运自然之力，拳力和煦如阳光普照，慢劲快打而后发先至，无愧于“武当一黄庭，纯阳三分技”。,1,拳掌,Invalid,3,4,3,494,true,false,30,属性2=60; 属性4=130; 属性83=400; 属性62=400,681,1407,4,0,6,true,"0, 3, 4",3,400,0,0,-1,-1,0,"0, 0, 0, 0",0,"0, 0, 0, 0","0, 0, 0, 0","外:0, 内:0","外:0, 内:0","外:0, 内:0",0,0,0,0,0,0,0,0,"0, 0, 0, 0, 0, 0",24000,4,0,100,50,20,800,10,式6=3; 式8=1,0,0,273,-1,"40, 40, 1, 10, 10, 10, 10",160,"40, 30, 30, 0",false,true,"0, 0, 0, 0, 0, 0, 0, 0, 0, 0, 0, 0",50,-1,,0,0,0,"0, 0, 0, 0",36,0,36,-1,-1,false,-1,-1,-1,0,0,0,"0, 0, 0, 0",0,0,0,0,0,list3,"0, 0, 0, 55, 55, 0, 0","0, 0, 0, 55, 55, 0, 0",0,0,list,"0, 0, 0, 0, 0",loopBonusSkillList,0,"20, 19, 41, 42, 43, 44, 45, 46",敌人施展内功比例更高的「摧破」功法时，运用者能够从施展进度50%开始施展此功法，且此功法发挥$0$成威力时，「打断」敌人施展的内功比例更高的「摧破」功法,敌人施展外功比例更高的「摧破」功法时，运用者能够从施展进度50%开始施展此功法，且此功法发挥$0$成威力时，「打断」敌人施展的外功比例更高的「摧破」功法
351,紫阳正气拳,7,“阳气鼎盛之极，正气浩荡之极”，谓之“紫阳”也。紫阳正气拳乃是玄门正宗拳法之绝诣，拳力非刚非柔，庄严宏大，铺天盖地。,1,拳掌,Invalid,3,4,3,495,true,false,31,属性2=70; 属性4=135; 属性83=450; 属性62=450,682,1408,4,0,7,true,"0, 1, 3, 4",3,450,0,0,-1,-1,0,"0, 0, 0, 0",0,"0, 0, 0, 0","0, 0, 0, 0","外:0, 内:0","外:0, 内:0","外:0, 内:0",0,0,0,0,0,0,0,0,"0, 0, 0, 0, 0, 0",27000,4,0,100,100,20,920,15,式6=2; 式8=2,0,0,273,-1,"50, 50, 1, 10, 10, 0, 0",220,"40, 40, 20, 0",false,false,"0, 0, 0, 0, 0, 0, 0, 0, 0, 0, 0, 0",50,-1,,0,0,0,"0, 0, 0, 0",36,0,36,-1,-1,false,-1,-1,-1,0,0,0,"0, 0, 0, 0",0,0,0,0,0,list3,"0, 0, 0, 0, 0, 0, 0","0, 0, 0, 140, 140, 0, 0",0,0,list,"0, 0, 0, 0, 0",loopBonusSkillList,0,"20, 19, 16, 41, 42, 43, 44, 45, 46",此功法无法被反震；开始施展此功法时，运用者的调息吐纳越高，此功法的威力就提高越多，且此功法发挥$0$成威力时，大幅降低运用者的新增紊乱,此功法无法被反震；开始施展此功法时，运用者的调息吐纳越高，此功法的威力就提高越多，且此功法发挥$0$成威力时，大幅增加敌人的内息紊乱
352,太极拳,8,无极生太极，太极阴阳之母也。太极拳阴阳相随，圆融一体，以柔克刚，四两拨千斤，正是：“妙手一运一太极，太极一运化乌有”。,1,拳掌,Invalid,3,4,5,496,true,false,32,属性2=75; 属性4=145; 属性83=500; 属性62=500,683,1409,5,8,8,true,"0, 1, 3, 4",3,500,0,0,-1,-1,0,"0, 0, 0, 0",0,"0, 0, 0, 0","0, 0, 0, 0","外:0, 内:0","外:0, 内:0","外:0, 内:0",0,0,0,0,0,0,0,0,"0, 0, 0, 0, 0, 0",30000,4,0,100,60,20,920,10,式6=1; 式8=3,0,0,354,-1,"30, 30, 1, 20, 20, 10, 10",240,"0, 80, 20, 0",false,false,"0, 0, 0, 0, 0, 0, 0, 0, 0, 0, 0, 0",50,-1,,0,0,0,"0, 0, 0, 0",36,0,36,-1,-1,false,-1,-1,-1,0,0,0,"0, 0, 0, 0",0,0,0,0,0,list3,"0, 0, 0, 0, 0, 0, 0","0, 0, 0, 180, 180, 0, 0",0,0,list,"0, 0, 0, 0, 0",loopBonusSkillList,0,"20, 19, 16, 41, 42, 43, 44, 45, 46",战斗开始或此功法由逆练转变为正练时，运用者获得20层此效果：运用者受到敌人非动心的兵器、摧破攻击时，将根据敌人自身的攻击、防御，累积增加此功法的“借力”，如果运用者化解该攻击，运用者获得的“借力”大幅提高，此功法的威力越高，积蓄的倍率也越高；此功法积蓄的“借力”，可减少敌人的功法对运用者造成的直接伤害；此功法施展结束后，会由正练转变为逆练,战斗开始或此功法由正练转变为逆练时，运用者获得20层此效果：敌人受到运用者非动心的兵器、摧破攻击时，将根据运用者自身的攻击、防御，累积增加此功法的“借力”，如果敌人化解该攻击，运用者获得的“借力”大幅提高，此功法的威力越高，积蓄的倍率也越高；此功法积蓄的“借力”，可令此功法对敌人造成额外的重创伤害；此功法施展结束后，会由逆练转变为正练
353,推山掌,0,推山掌招式粗浅，易学易练，仅横竖正反四式掌法，厉害之处全在年深月久之劲力积蓄，临敌之际一并迸发，却也颇为惊人。,1,拳掌,Invalid,1,6,0,497,true,false,15,属性0=55; 属性3=75; 属性83=100,323,1049,1,2,0,false,"3, 4",1,100,0,0,-1,-1,0,"0, 0, 0, 0",0,"0, 0, 0, 0","0, 0, 0, 0","外:0, 内:0","外:0, 内:0","外:0, 内:0",0,0,0,0,0,0,0,0,"0, 0, 0, 0, 0, 0",24000,4,0,60,0,15,440,15,式6=2,0,0,282,-1,"80, 20, 1, 10, 10, 0, 0",40,"60, 20, 20, 0",false,false,"0, 0, 0, 0, 0, 0, 0, 0, 0, 0, 0, 0",50,-1,,0,0,0,"0, 0, 0, 0",36,0,36,-1,-1,false,-1,-1,-1,0,0,0,"0, 0, 0, 0",0,0,0,0,0,list3,"0, 0, 0, 20, 20, 0, 0","0, 0, 0, 0, 0, 0, 0",0,0,list,"0, 0, 0, 0, 0",loopBonusSkillList,0,"0, 1, 2, 3, 20, 19, 17, 41, 42, 43, 44, 45, 46",此功法发挥$0$成威力后，运用者获得10层此效果：此效果剩余的层数越少，运用者攻击敌人时，运用者的力道就提高越多,此功法发挥$0$成威力后，运用者获得10层此效果：此效果剩余的层数越少，敌人攻击运用者时，敌人的力道降低越多
354,狮相铁担手,1,以双手之手背反复摔砸敌身之重手法。狮相铁担手共有二十四式，出招之时必先“旋腰甩臂，借势而发”，此时力上加力，掌力便即倍增。,1,拳掌,Invalid,1,6,0,498,true,false,16,属性0=65; 属性3=80; 属性83=150,324,1050,1,2,1,false,"3, 4",1,150,0,0,-1,-1,0,"0, 0, 0, 0",0,"0, 0, 0, 0","0, 0, 0, 0","外:0, 内:0","外:0, 内:0","外:0, 内:0",0,0,0,0,0,0,0,0,"0, 0, 0, 0, 0, 0",21000,4,0,60,0,15,440,10,式6=2,0,0,282,-1,"80, 0, 1, 20, 20, 0, 0",50,"50, 20, 30, 0",false,false,"0, 0, 0, 0, 0, 0, 0, 0, 0, 0, 0, 0",50,-1,,0,0,0,"0, 0, 0, 0",36,0,36,-1,-1,false,-1,-1,-1,0,0,0,"0, 0, 0, 0",0,0,0,0,0,list3,"0, 0, 0, 30, 30, 0, 0","0, 0, 0, 0, 0, 0, 0",0,0,list,"0, 0, 0, 0, 0",loopBonusSkillList,0,"0, 1, 2, 3, 20, 19, 17, 41, 42, 43, 44, 45, 46",此功法发挥$0$成威力后，运用者获得4层此效果：运用者获得的所有「点」式、「拿」式，变化为「崩」式,此功法发挥$0$成威力时，运用者获得2个「崩」式
355,大开门八式,2,大开门八式刚强暴烈，劲整力猛，正是：“动如绷弓，发若炸雷”，劲力自下盘而发，直透全身，可达四面八方，名有“破开敌人门户”之意。,1,拳掌,Invalid,1,6,0,499,true,false,17,属性0=75; 属性3=85; 属性83=200,325,1051,2,8,2,false,"3, 4",1,200,0,0,-1,-1,0,"0, 0, 0, 0",0,"0, 0, 0, 0","0, 0, 0, 0","外:0, 内:0","外:0, 内:0","外:0, 内:0",0,0,0,0,0,0,0,0,"0, 0, 0, 0, 0, 0",27000,4,0,60,0,15,520,15,式6=2,0,0,282,-1,"60, 20, 1, 10, 10, 10, 10",60,"60, 20, 20, 0",false,false,"0, 0, 0, 0, 0, 0, 0, 0, 0, 0, 0, 0",50,-1,,0,0,0,"0, 0, 0, 0",36,0,36,-1,-1,false,-1,-1,-1,0,0,0,"0, 0, 0, 0",0,0,0,0,0,list3,"0, 0, 0, 40, 40, 0, 0","0, 0, 0, 0, 0, 0, 0",0,0,list,"0, 0, 0, 0, 0",loopBonusSkillList,0,"0, 1, 2, 3, 20, 19, 17, 41, 42, 43, 44, 45, 46",此功法发挥$0$成威力时，运用者每拥有3个「崩」式，运用者就使敌人被攻击的部位出现1个破绽,此功法发挥$0$成威力时，运用者的兵器每有1个「崩」式，运用者就对敌人被攻击的部位额外造成相当于此功法所造成的直接伤害的10%的重创伤害
356,大力开碑掌,3,大力开碑掌乃外门硬功之绝技，可以分金断玉，开山裂石，掌力似巨锥穿凿，似大锤猛击，奇强无比，非血肉之躯可以抵挡。,1,拳掌,Invalid,2,6,0,500,true,false,18,属性0=80; 属性3=95; 属性83=250,326,1052,2,2,3,false,"3, 4",2,250,0,0,-1,-1,0,"0, 0, 0, 0",0,"0, 0, 0, 0","0, 0, 0, 0","外:0, 内:0","外:0, 内:0","外:0, 内:0",0,0,0,0,0,0,0,0,"0, 0, 0, 0, 0, 0",30000,4,0,80,0,15,800,10,式6=3,0,0,282,-1,"100, 20, 1, 0, 0, 0, 0",50,"70, 10, 20, 0",false,false,"0, 0, 0, 0, 0, 0, 0, 0, 0, 0, 0, 0",50,-1,,0,0,0,"0, 0, 0, 0",36,0,36,-1,-1,false,-1,-1,-1,0,0,0,"0, 0, 0, 0",0,0,0,0,0,list3,"0, 0, 0, 50, 50, 0, 0","0, 0, 0, 0, 0, 0, 0",0,0,list,"0, 0, 0, 0, 0",loopBonusSkillList,0,"0, 1, 2, 3, 20, 19, 17, 41, 42, 43, 44, 45, 46",以此功法攻击敌人时：运用者的破甲大幅增加；如果运用者的破甲高于敌人的坚韧，且敌人被攻击部位的护具的耐久不低于75%，运用者的破体、破气大幅提高,以此功法攻击敌人时：运用者的破甲大幅增加；如果运用者的破甲高于敌人的坚韧，且敌人被攻击部位的护具的耐久不高于75%，运用者的破体、破气大幅提高
357,狮相金砂掌,4,“黄痂生三层，手上铺金砂，钻墙可成洞，肉掌变铁叉”。狮相金砂掌非莫大毅力不能练就，其掌力凌厉有如钢刀，中者筋断骨折，可谓无坚不催。,1,拳掌,Invalid,2,6,0,501,true,false,19,属性0=90; 属性3=100; 属性83=300,327,1053,3,2,4,false,"3, 4",2,300,0,0,-1,-1,0,"0, 0, 0, 0",0,"0, 0, 0, 0","0, 0, 0, 0","外:0, 内:0","外:0, 内:0","外:0, 内:0",0,0,0,0,0,0,0,0,"0, 0, 0, 0, 0, 0",27000,4,0,80,0,15,720,10,式6=2; 式7=1,0,0,282,-1,"0, 0, 0, 60, 60, 0, 0",100,"60, 10, 30, 0",false,true,"0, 0, 0, 0, 0, 0, 0, 0, 0, 0, 0, 0",50,-1,,0,0,0,"0, 0, 0, 0",36,0,36,-1,-1,false,-1,-1,-1,0,0,0,"0, 0, 0, 0",0,0,0,0,0,list3,"0, 0, 0, 70, 70, 0, 0","0, 0, 0, 0, 0, 0, 0",0,0,list,"0, 0, 0, 0, 0",loopBonusSkillList,0,"0, 1, 2, 3, 20, 19, 17, 41, 42, 43, 44, 45, 46",此功法对敌人手臂造成的直接伤势标记将变化为更难恢复的旧时伤势,此功法对敌人手臂造成的直接伤害提高45%；此功法发挥$0$成威力时，将敌人所有破绽的持续时间变化为最大
358,霸王开弓手,5,霸王开弓手气势雄强，霸道豪迈，虽为外门硬功，但劲力收发之际却能生出一股极强的吞吐吸引之力，当真是：“气吞山河，拔山盖世”也。,1,拳掌,Invalid,2,6,0,502,true,false,20,属性0=110; 属性3=95; 属性83=350,328,1054,3,2,5,false,"0, 1, 3, 4",2,350,0,0,-1,-1,0,"0, 0, 0, 0",0,"0, 0, 0, 0","0, 0, 0, 0","外:0, 内:0","外:0, 内:0","外:0, 内:0",0,0,0,0,0,0,0,0,"0, 0, 0, 0, 0, 0",30000,4,0,80,0,15,840,15,式6=2; 式8=1,0,0,282,-1,"0, 0, 1, 35, 35, 25, 25",120,"70, 10, 20, 0",false,false,"0, 0, 0, 0, 0, 0, 0, 0, 0, 0, 0, 0",50,-1,,0,0,0,"0, 0, 0, 0",36,0,36,-1,-1,false,-1,-1,-1,0,0,0,"0, 0, 0, 0",0,0,0,0,0,list3,"0, 0, 0, 90, 90, 0, 0","0, 0, 0, 0, 0, 0, 0",0,0,list,"0, 0, 0, 0, 0",loopBonusSkillList,0,"0, 1, 2, 3, 20, 19, 17, 41, 42, 43, 44, 45, 46",此功法发挥$0$成威力时，运用者对敌人任一手臂造成的伤害，会同时作用于敌人的左臂与右臂,此功法发挥$0$成威力时，运用者对敌人任一腿足造成的伤害，会同时作用于敌人的左腿与右腿
359,云狂式,6,“飓风忽起云颠狂，波涛摆掣鱼龙僵”。云狂式“发似山洪奔泻，收似风卷残云”，其姿态飞扬勇决，其威势回山倒海，奔行间周身呼啸生风，所向无不披靡。,1,拳掌,Invalid,3,6,0,503,true,false,21,属性0=95; 属性3=125; 属性83=400,329,1055,4,2,6,false,"0, 1, 3, 4",3,400,0,0,-1,-1,0,"0, 0, 0, 0",0,"0, 0, 0, 0","0, 0, 0, 0","外:0, 内:0","外:0, 内:0","外:0, 内:0",0,0,0,0,0,0,0,0,"0, 0, 0, 0, 0, 0",24000,4,0,100,0,15,840,20,式6=4,0,0,282,-1,"60, 0, 1, 20, 20, 10, 10",150,"60, 10, 30, 0",false,true,"0, 0, 0, 0, 0, 0, 0, 0, 0, 0, 0, 0",50,-1,,0,0,0,"0, 0, 0, 0",36,0,36,-1,-1,false,-1,-1,-1,0,0,0,"0, 0, 0, 0",0,0,0,0,0,list3,"0, 0, 0, 110, 110, 0, 0","0, 0, 0, 0, 0, 0, 0",0,0,list,"0, 0, 0, 0, 0",loopBonusSkillList,0,"0, 1, 2, 3, 20, 19, 17, 41, 42, 43, 44, 45, 46",此功法发挥$0$成威力后，运用者获得4层此效果：运用者施展「摧破」功法的过程中，可以前进最多3距离，运用者前进的距离越远，攻击范围就增加越多；如果下一个施展的仍是此功法，此功法的威力大幅提高,此功法发挥$0$成威力后，运用者获得4层此效果：运用者施展「摧破」功法的过程中，可以后退最多3距离，运用者后退的距离越远，攻击范围就增加越多；如果下一个施展的仍是此功法，此功法的威力大幅提高
360,大神威掌,7,大神威掌乃狮相门之镇山绝学。神威掌力至淳至刚，世上无双，发掌之时全身骨骼节节爆响，掌力一遇阻拦更威力陡增，不退反进。,1,拳掌,Invalid,3,6,0,504,true,false,22,属性0=135; 属性3=100; 属性83=450,330,1056,4,2,7,false,"0, 1, 3, 4",3,450,0,0,-1,-1,0,"0, 0, 0, 0",0,"0, 0, 0, 0","0, 0, 0, 0","外:0, 内:0","外:0, 内:0","外:0, 内:0",0,0,0,0,0,0,0,0,"0, 0, 0, 0, 0, 0",33000,4,0,100,0,15,1280,15,式6=4,0,0,282,-1,"100, 20, 1, 0, 0, 0, 0",170,"80, 0, 20, 0",false,false,"0, 0, 0, 0, 0, 0, 0, 0, 0, 0, 0, 0",50,-1,,0,0,0,"0, 0, 0, 0",36,0,36,-1,-1,false,-1,-1,-1,0,0,0,"0, 0, 0, 0",0,0,0,0,0,,"0, 0, 0, 140, 140, 0, 0","0, 0, 0, 0, 0, 0, 0",0,0,,"0, 0, 0, 0, 0",,0,"0, 1, 2, 3, 20, 19, 17, 41, 42, 43, 44, 45, 46",以此功法攻击敌人时，如果敌人正运起「护体」功法：此功法的威力额外提高敌人「护体」功法的一半威力；此功法发挥$0$成威力时，消除并极长时间封禁敌人运起的「护体」功法,以此功法攻击敌人时，如果敌人正运起「轻灵」功法：此功法的威力额外提高敌人「轻灵」功法的一半威力；此功法发挥$0$成威力时，消除并极长时间封禁敌人运起的「轻灵」功法
361,大拙手,8,“大直若屈，大巧若拙”。大拙手无招无式，一经施展则周身无处不是至强掌力，四面八方无处不为掌力所摧，其力之厚堪称天下外门神功第一。,1,拳掌,Invalid,3,6,0,505,true,true,23,属性0=75; 属性3=175; 属性83=500,331,1057,5,2,8,false,"0, 1, 3, 4",3,500,0,0,-1,-1,0,"0, 0, 0, 0",0,"0, 0, 0, 0","0, 0, 0, 0","外:0, 内:0","外:0, 内:0","外:0, 内:0",0,0,0,0,0,0,0,0,"0, 0, 0, 0, 0, 0",39000,4,0,100,0,15,1360,15,式6=4,0,0,282,-1,"80, 20, 1, 10, 10, 0, 0",170,"100, 0, 0, 0",false,false,"0, 0, 0, 0, 0, 0, 0, 0, 0, 0, 0, 0",50,-1,,0,0,0,"0, 0, 0, 0",36,0,36,-1,-1,false,-1,-1,-1,0,0,0,"0, 0, 0, 0",0,0,0,0,0,list,"0, 0, 0, 180, 180, 0, 0","0, 0, 0, 0, 0, 0, 0",0,0,list2,"0, 0, 0, 0, 0",,0,"0, 1, 2, 3, 20, 19, 17, 41, 42, 43, 44, 45, 46",此功法施展结束时，运用者的力道累积提高，运用者从施展进度50%开始立即无消耗再次施展此功法攻击敌人，直到敌人离开此功法的攻击范围,此功法施展结束时，敌人的卸力累积降低，运用者从施展进度50%开始立即无消耗再次施展此功法攻击敌人，直到敌人离开此功法的攻击范围
362,玉女兜罗手,0,玉女兜罗手姿态优美，灵巧多变，乃是专门袭取敌人之手腕臂肘的奇特手法，招式之间环环相扣，劲力收发细密如织。,1,拳掌,Invalid,1,8,2,506,true,false,25,属性1=40; 属性4=30; 属性5=30; 属性83=100; 属性53=80; 属性62=80,358,1084,1,8,0,false,"3, 4",1,100,0,0,-1,-1,0,"0, 0, 0, 0",0,"0, 0, 0, 0","0, 0, 0, 0","外:0, 内:0","外:0, 内:0","外:0, 内:0",0,0,0,0,0,0,0,0,"0, 0, 0, 0, 0, 0",18000,4,0,60,70,20,160,10,式8=2,0,0,336,-1,"0, 20, 1, 50, 50, 0, 0",80,"20, 40, 40, 0",true,false,"0, 0, 0, 0, 0, 0, 0, 0, 0, 0, 300, 1",50,-1,,0,0,0,"0, 0, 0, 0",36,0,36,-1,-1,false,-1,-1,-1,0,0,0,"0, 0, 0, 0",0,0,0,0,0,list,"0, 0, 0, 0, 0, 0, 0","0, 0, 0, 20, 20, 0, 0",0,0,list2,"0, 0, 0, 0, 0",loopBonusSkillList,0,"20, 19, 16, 41, 42, 43, 44, 45",此功法发挥$0$成威力时，运用者夺取敌人的1个「拿」式,此功法发挥$0$成威力时，运用者获得2层此效果：敌人无法获得「拿」式
363,玉卮手,1,玉卮手一发即收，迅疾无比，招式看似门户洞开，进攻多而遮拦少，实则招招“引酒入卮”，诱敌近身，乃败中取胜之险恶手法。,1,拳掌,Invalid,1,8,2,507,true,false,26,属性1=45; 属性4=35; 属性5=35; 属性83=150; 属性53=120; 属性62=120,359,1085,1,8,1,true,"3, 4",1,150,0,0,-1,-1,0,"0, 0, 0, 0",0,"0, 0, 0, 0","0, 0, 0, 0","外:0, 内:0","外:0, 内:0","外:0, 内:0",0,0,0,0,0,0,0,0,"0, 0, 0, 0, 0, 0",18000,4,0,60,50,20,180,10,式7=1; 式8=1,0,0,327,-1,"0, 60, 10, 20, 20, 10, 10",90,"10, 10, 80, 0",false,true,"0, 0, 0, 0, 0, 0, 0, 0, 0, 0, 0, 0",50,-1,,0,0,0,"0, 0, 0, 0",36,0,36,-1,-1,false,-1,-1,-1,0,0,0,"0, 0, 0, 0",0,0,0,0,0,list,"0, 0, 0, 15, 15, 0, 0","0, 0, 0, 15, 15, 0, 0",0,0,list2,"0, 0, 0, 0, 0",loopBonusSkillList,0,"20, 19, 41, 42, 43, 44, 45, 46",此功法发挥$0$成威力后，运用者获得2层此效果：敌人或运用者施展的「摧破」功法造成的直接伤害提高30%,此功法发挥$0$成威力后，运用者获得2层此效果：敌人或运用者施展的「摧破」功法造成的直接伤害降低30%
364,寒阴掌,2,寒阴掌乃是以纯阴掌力伤人的阴毒功法。运功之时，掌心铁青，阴风骤起，中者下腹僵冷，四肢冰凉，气血渐而泄失，终于一命呜呼。,1,拳掌,Invalid,1,8,2,508,true,false,27,属性4=75; 属性5=55; 属性83=200; 属性53=160; 属性62=160,360,1086,2,1,2,true,"0, 1, 3, 4",1,200,0,0,-1,-1,0,"0, 0, 0, 0",0,"0, 0, 0, 0","0, 0, 0, 0","外:0, 内:0","外:0, 内:0","外:0, 内:0",0,0,0,0,0,0,0,0,"0, 0, 0, 0, 0, 0",21000,4,0,60,100,20,360,10,式8=2,0,0,336,-1,"0, 120, 0, 0, 0, 0, 0",80,"10, 50, 40, 0",false,true,"0, 0, 0, 0, 450, 1, 0, 0, 0, 0, 0, 0",50,-1,,0,0,0,"0, 0, 0, 0",36,0,36,-1,-1,false,-1,-1,-1,0,0,0,"0, 0, 0, 0",0,0,0,0,0,list,"0, 0, 0, 0, 0, 0, 0","0, 0, 0, 40, 40, 0, 0",0,0,list2,"0, 0, 0, 0, 0",loopBonusSkillList,0,"20, 19, 16, 41, 42, 43, 45, 46",此功法对敌人腰腹造成的直接伤势标记将变化为更难恢复的旧时伤势,此功法对敌人腰腹造成的直接伤害提高30%；此功法发挥$0$成威力时，随机恶化敌人的1个内伤
365,小九天九式,3,小九天九式变化精微，由三奇应克之数而化。诀曰：“六丙到巽，火起风行”，其起如旱地春雷；又曰：“六乙到坎，玉兔投泉”，其落如风流云散。,1,拳掌,Invalid,2,8,5,509,true,false,28,属性1=55; 属性4=45; 属性5=45; 属性83=250; 属性53=200; 属性62=200,361,1087,2,7,3,true,"3, 4, 5, 6",2,250,0,0,-1,-1,0,"0, 0, 0, 0",0,"0, 0, 0, 0","0, 0, 0, 0","外:0, 内:0","外:0, 内:0","外:0, 内:0",0,0,0,0,0,0,0,0,"0, 0, 0, 0, 0, 0",18000,4,0,80,70,20,320,15,式8=3,0,0,336,-1,"30, 30, 1, 30, 30, 0, 0",120,"20, 40, 40, 0",false,true,"0, 0, 0, 0, 0, 0, 0, 0, 0, 0, 0, 0",50,-1,,0,0,0,"0, 0, 0, 0",36,0,36,-1,-1,false,-1,-1,-1,0,0,0,"0, 0, 0, 0",0,0,0,0,0,list,"0, 0, 0, 25, 25, 0, 0","0, 0, 0, 25, 25, 0, 0",0,0,list2,"0, 0, 0, 0, 0",loopBonusSkillList,0,"20, 19, 41, 42, 43, 44, 45, 46",此功法发挥$0$成威力后，运用者获得9层此效果：运用者施展的所有「摧破」功法未能发挥$1$成威力时，运用者受到的外伤反震大幅降低，且功法施展结束后，运用者将获得施展功法消耗的一部分架势,此功法发挥$0$成威力后，运用者获得9层此效果：运用者施展的所有「摧破」功法未能发挥$1$成威力时，运用者受到的内伤反震大幅降低，且功法施展结束后，运用者将获得施展功法消耗的一部分提气
366,金觞玉鼎拳,4,“气汇云门沉玉鼎，力走孔最铸金觞”。金觞玉鼎拳灵动小巧，招式繁密，真气精纯透如玉鼎，拳力精强固若金觞，故名“金觞玉鼎”。,1,拳掌,Invalid,2,8,2,510,true,false,29,属性1=60; 属性4=50; 属性5=50; 属性83=300; 属性53=240; 属性62=240,362,1088,3,0,4,true,"3, 4",2,300,0,0,-1,-1,0,"0, 0, 0, 0",0,"0, 0, 0, 0","0, 0, 0, 0","外:0, 内:0","外:0, 内:0","外:0, 内:0",0,0,0,0,0,0,0,0,"0, 0, 0, 0, 0, 0",18000,4,0,80,100,20,400,10,式6=1; 式7=1; 式8=1,0,0,327,-1,"25, 25, 1, 25, 25, 10, 10",140,"20, 30, 50, 0",false,false,"0, 0, 0, 0, 600, 2, 0, 0, 0, 0, 0, 0",50,-1,,0,0,0,"0, 0, 0, 0",36,0,36,-1,-1,false,-1,-1,-1,0,0,0,"0, 0, 0, 0",0,0,0,0,0,list,"0, 0, 0, 0, 0, 0, 0","0, 0, 0, 70, 70, 0, 0",0,0,list2,"0, 0, 0, 0, 0",loopBonusSkillList,0,"20, 19, 16, 41, 42, 43, 45, 46",此功法发挥$0$成威力后，运用者获得10层此效果：运用者以摧破类功法向敌人施加的寒毒由「生毒」提升为「剧毒」、由「剧毒」提升为「奇毒」，且运用者带有寒毒的摧破类功法的施展速度大幅提高,此功法发挥$0$成威力后，运用者获得10层此效果：敌人以摧破类功法向运用者施加的寒毒由「奇毒」降低为「剧毒」、由「剧毒」降低为「生毒」，且敌人带有寒毒的摧破类功法的施展速度大幅降低
367,瑶姬云雨式,5,所谓：“旦为朝云，暮为行雨”，瑶姬云雨式美轮美奂，绝柔至软，可谓绰约如处子，婉转若游龙。其招式连绵不尽，似轻烟薄雾般幻化莫测。,1,拳掌,Invalid,2,8,2,511,true,false,30,属性1=65; 属性4=55; 属性5=55; 属性83=350; 属性53=280; 属性62=280,363,1089,3,1,5,true,"0, 1, 3, 4, 5, 6",2,350,0,0,-1,-1,0,"0, 0, 0, 0",0,"0, 0, 0, 0","0, 0, 0, 0","外:0, 内:0","外:0, 内:0","外:0, 内:0",0,0,0,0,0,0,0,0,"0, 0, 0, 0, 0, 0",21000,4,0,80,100,20,360,15,式8=3,0,0,336,-1,"0, 40, 1, 20, 20, 20, 20",200,"10, 50, 40, 0",true,false,"0, 0, 0, 0, 0, 0, 0, 0, 0, 0, 800, 2",50,-1,,0,0,0,"0, 0, 0, 0",36,0,36,-1,-1,false,-1,-1,-1,0,0,0,"0, 0, 0, 0",0,0,0,0,0,list,"0, 0, 0, 0, 0, 0, 0","0, 0, 0, 90, 90, 0, 0",0,0,list2,"0, 0, 0, 0, 0",loopBonusSkillList,0,"20, 19, 16, 41, 42, 43, 44, 45",开始施展此功法时，如果运用者为敌人喜爱的性别，运用者的魅力越高，此功法的威力就提高越多，且此功法发挥$0$成威力时，如果敌人可以爱慕运用者，敌人有极低的几率爱慕运用者,开始施展此功法时，如果敌人为运用者喜爱的性别，敌人的魅力越高，此功法的威力就提高越多，且此功法发挥$0$成威力时，如果运用者可以爱慕敌人，运用者有极低的几率爱慕敌人
368,寒冰神掌,6,寒冰神掌凌厉绝伦，至阴至寒。掌风及身则寒毒汹涌而入，不但全身热力尽散，血液冻结成冰，而且经络尽数封闭，可谓有死无生。,1,拳掌,Invalid,3,8,2,512,true,true,31,属性4=110; 属性5=80; 属性83=400; 属性53=320; 属性62=320,364,1090,4,1,6,true,"0, 1, 3, 4",3,400,0,0,-1,-1,0,"0, 0, 0, 0",0,"0, 0, 0, 0","0, 0, 0, 0","外:0, 内:0","外:0, 内:0","外:0, 内:0",0,0,0,0,0,0,0,0,"0, 0, 0, 0, 0, 0",24000,4,0,100,100,20,760,20,式6=2; 式8=2,0,0,345,-1,"40, 60, 1, 10, 10, 0, 0",170,"40, 30, 30, 0",false,false,"0, 0, 0, 0, 600, 3, 0, 0, 0, 0, 0, 0",50,-1,,0,0,0,"0, 0, 0, 0",36,0,36,-1,-1,false,-1,-1,-1,0,0,0,"0, 0, 0, 0",0,0,0,0,0,list,"0, 0, 0, 0, 0, 0, 0","0, 0, 0, 110, 110, 0, 0",0,0,list2,"0, 0, 0, 0, 0",loopBonusSkillList,0,"20, 19, 16, 41, 42, 43, 45, 46",此功法向敌人施加的寒毒将变化为更难驱除的旧时毒素；此功法发挥$0$成威力后，如果敌人寒毒攻心，使敌人寒毒发作,此功法向敌人施加的寒毒大幅提高，但有较低的几率令运用者同时被施加一部分寒毒；除非被毒害者天生寒毒不侵，否则此功法施加的寒毒无视被毒害者一半的寒毒抵抗
369,柴山五禽拳,0,所谓五禽：“一曰虎，二曰鹿，三曰熊，四曰猿，五曰鸟”。柴山五禽拳外壮筋骨，内调脏腑，招式动静相间，沉稳轻快并重。,1,拳掌,Invalid,1,10,4,513,true,false,19,属性3=40; 属性4=30; 属性5=30; 属性83=100; 属性58=80; 属性59=80,398,1124,1,8,0,false,"3, 4, 5, 6",1,100,0,0,-1,-1,0,"0, 0, 0, 0",0,"0, 0, 0, 0","0, 0, 0, 0","外:0, 内:0","外:0, 内:0","外:0, 内:0",0,0,0,0,0,0,0,0,"0, 0, 0, 0, 0, 0",21000,4,0,60,40,20,160,10,式6=1; 式8=1,0,0,273,-1,"30, 20, 1, 20, 20, 15, 15",90,"40, 40, 20, 0",false,false,"0, 0, 0, 0, 0, 0, 0, 0, 0, 0, 0, 0",50,-1,,0,0,0,"0, 0, 0, 0",36,0,36,-1,-1,false,-1,-1,-1,0,0,0,"0, 0, 0, 0",0,0,0,0,0,list,"0, 0, 0, 10, 10, 0, 0","0, 0, 0, 10, 10, 0, 0",0,0,list2,"0, 0, 0, 0, 0",loopBonusSkillList,0,"20, 19, 41, 42, 43, 44, 45, 46",此功法发挥$0$成威力后，运用者获得5层此效果：运用者受到的直接外伤降低15%,此功法发挥$0$成威力后，运用者获得5层此效果：运用者受到的直接内伤降低15%
370,大雪山掌法,1,大雪山掌法即坚且韧，轻灵而不失稳健，招式多以翻滚纵跃，横推直扑为主，传说乃是长白山中一位百岁高人与虎豹搏斗时所创。,1,拳掌,Invalid,1,10,5,514,true,false,20,属性3=45; 属性4=35; 属性5=35; 属性83=150; 属性58=120; 属性59=120,399,1125,1,0,1,true,"3, 4",1,150,0,0,-1,-1,0,"0, 0, 0, 0",0,"0, 0, 0, 0","0, 0, 0, 0","外:0, 内:0","外:0, 内:0","外:0, 内:0",0,0,0,0,0,0,0,0,"0, 0, 0, 0, 0, 0",24000,4,0,60,30,20,200,15,式6=2,0,0,273,-1,"40, 20, 1, 10, 10, 20, 20",110,"30, 50, 20, 0",false,true,"0, 0, 0, 0, 0, 0, 0, 0, 0, 0, 0, 0",50,-1,,0,0,0,"0, 0, 0, 0",36,0,36,-1,-1,false,-1,-1,-1,0,0,0,"0, 0, 0, 0",0,0,0,0,0,list,"0, 0, 0, 15, 15, 0, 0","0, 0, 0, 15, 15, 0, 0",0,0,list2,"0, 0, 0, 0, 0",loopBonusSkillList,0,"20, 19, 41, 42, 43, 44, 45, 46",此功法发挥$0$成威力后，运用者获得3层此效果：运用者的膂力、灵敏、体质、根骨、悟性、定力的当前值有越多项高于敌人，运用者施展的「摧破」功法的威力就提高越多,此功法发挥$0$成威力后，运用者获得3层此效果：运用者的膂力、灵敏、体质、根骨、悟性、定力的当前值有越多项低于敌人，运用者施展的「摧破」功法的威力就提高越多
371,掌血功,2,因运功之际，掌心赤红如欲滴血，故名“掌血功”。为掌血功所伤者，全身血液愈行愈快，渐而翻滚有如沸水，可谓苦不堪言。,1,拳掌,Invalid,1,10,4,515,true,false,21,属性3=50; 属性4=40; 属性5=40; 属性83=200; 属性58=160; 属性59=160,400,1126,2,0,2,true,"3, 4",1,200,0,0,-1,-1,0,"0, 0, 0, 0",0,"0, 0, 0, 0","0, 0, 0, 0","外:0, 内:0","外:0, 内:0","外:0, 内:0",0,0,0,0,0,0,0,0,"0, 0, 0, 0, 0, 0",24000,4,0,60,50,20,240,10,式8=2,0,0,336,-1,"0, 60, 1, 30, 30, 0, 0",120,"20, 40, 40, 0",false,false,"0, 0, 0, 0, 0, 0, 600, 1, 0, 0, 0, 0",50,-1,,0,0,0,"0, 0, 0, 0",36,0,36,-1,-1,false,-1,-1,-1,0,0,0,"0, 0, 0, 0",0,0,0,0,0,list,"0, 0, 0, 20, 20, 0, 0","0, 0, 0, 20, 20, 0, 0",0,0,list2,"0, 0, 0, 0, 0",loopBonusSkillList,0,"20, 19, 41, 42, 44, 45, 46",开始施展此功法时，敌人所中赤毒越深，此功法的威力就提高越多；根据此功法发挥的成数，向敌人施加一个降低赤毒抵抗的损害状态,开始施展此功法时，运用者所中赤毒越深，此功法的威力就提高越多；根据此功法发挥的成数，向运用者施加一个提高赤毒抵抗的增益状态
372,威灵仙化骨掌,3,“威灵仙消积石，解骨鲠，性猛而功神也”。空桑派药毒双绝，能使良药化为奇毒，中此毒掌者筋消骨化，瘫软在地而亡。,1,拳掌,Invalid,2,10,4,516,true,false,22,属性3=55; 属性4=45; 属性5=45; 属性83=250; 属性58=200; 属性59=200,401,1127,2,5,3,true,"3, 4",2,250,0,0,-1,-1,0,"0, 0, 0, 0",0,"0, 0, 0, 0","0, 0, 0, 0","外:0, 内:0","外:0, 内:0","外:0, 内:0",0,0,0,0,0,0,0,0,"0, 0, 0, 0, 0, 0",24000,4,0,80,70,20,320,10,式6=1; 式8=2,0,0,336,-1,"0, 0, 1, 35, 35, 25, 25",150,"20, 50, 30, 0",false,true,"0, 0, 0, 0, 0, 0, 0, 0, 450, 2, 0, 0",50,-1,,0,0,0,"0, 0, 0, 0",36,0,36,-1,-1,false,-1,-1,-1,0,0,0,"0, 0, 0, 0",0,0,0,0,0,list,"0, 0, 0, 25, 25, 0, 0","0, 0, 0, 25, 25, 0, 0",0,0,list2,"0, 0, 0, 0, 0",loopBonusSkillList,0,"20, 19, 41, 42, 43, 44, 46",根据此功法发挥的成数，向敌人施加一个降低步伐稳健的损害状态,根据此功法发挥的成数，向敌人施加一个降低引气冲关的损害状态
373,丹砂神掌,4,丹砂神掌剧毒无比，毒性异常猛烈。修习此毒掌者以阴气储丹砂之精于“天宗”，即可于自身无碍；以阳气发丹砂之毒于“阳谷”，即可致人于死命。,1,拳掌,Invalid,2,10,4,517,true,false,23,属性3=60; 属性4=50; 属性5=50; 属性83=300; 属性58=240; 属性59=240,402,1128,3,5,4,true,"3, 4",2,300,0,0,-1,-1,0,"0, 0, 0, 0",0,"0, 0, 0, 0","0, 0, 0, 0","外:0, 内:0","外:0, 内:0","外:0, 内:0",0,0,0,0,0,0,0,0,"0, 0, 0, 0, 0, 0",30000,4,0,80,50,20,600,10,式6=3,0,0,273,-1,"40, 40, 1, 20, 20, 0, 0",140,"40, 40, 20, 0",false,true,"600, 2, 0, 0, 0, 0, 0, 0, 0, 0, 0, 0",50,-1,,0,0,0,"0, 0, 0, 0",36,0,36,-1,-1,false,-1,-1,-1,0,0,0,"0, 0, 0, 0",0,0,0,0,0,list,"0, 0, 0, 35, 35, 0, 0","0, 0, 0, 35, 35, 0, 0",0,0,list2,"0, 0, 0, 0, 0",loopBonusSkillList,0,"20, 19, 42, 43, 44, 45, 46",此功法发挥$0$成威力时，将敌人所中最深的新增毒素吸收，并将敌人因毒素被吸收而消失的中毒标记变化为随机部位的伤势标记；此功法发挥$0$成威力后，运用者获得3层此效果：每当运用者击中敌人，将此功法吸收的毒素施加给敌人，且无视敌人的毒素抵抗，除非敌人对应毒素抵抗为“不侵”,此功法发挥$0$成威力时，将运用者所中最深的新增毒素吸收，并将运用者因毒素被吸收而消失的中毒标记变化为随机部位的伤势标记；此功法发挥$0$成威力后，运用者获得3层此效果：每当运用者击中敌人，将此功法吸收的毒素施加给敌人，且无视敌人的毒素抵抗，除非敌人对应毒素抵抗为“不侵”
374,青蛟神掌,5,“潜鳞有饿蛟，掉尾取渴虎”。青蛟神掌招式古怪奇绝，掌势蜿蜒有如蛟尾，一掌拍出即腥风大作，其毒猛恶，世间未有。,1,拳掌,Invalid,2,10,4,518,true,true,24,属性3=65; 属性4=55; 属性5=55; 属性83=350; 属性58=280; 属性59=280,403,1129,3,5,5,true,"0, 1, 3, 4",2,350,0,0,-1,-1,0,"0, 0, 0, 0",0,"0, 0, 0, 0","0, 0, 0, 0","外:0, 内:0","外:0, 内:0","外:0, 内:0",0,0,0,0,0,0,0,0,"0, 0, 0, 0, 0, 0",27000,4,0,80,70,20,680,15,式6=2; 式8=1,0,0,273,-1,"60, 20, 1, 10, 10, 10, 10",150,"40, 40, 20, 0",false,true,"0, 0, 0, 0, 0, 0, 0, 0, 800, 2, 0, 0",50,-1,,0,0,0,"0, 0, 0, 0",36,0,36,-1,-1,false,-1,-1,-1,0,0,0,"0, 0, 0, 0",0,0,0,0,0,list,"0, 0, 0, 45, 45, 0, 0","0, 0, 0, 45, 45, 0, 0",0,0,list2,"0, 0, 0, 0, 0",loopBonusSkillList,0,"20, 19, 41, 42, 43, 44, 46",开始施展此功法时，敌人的伤势标记越多，此功法的威力就提高越多；此功法发挥$0$成威力时，敌人最多18个伤势标记会变化为更难恢复的旧时伤势,开始施展此功法时，运用者的伤势标记越多，此功法的威力就提高越多；此功法发挥$0$成威力时，敌人最多18个伤势标记会变化为更难恢复的旧时伤势
375,金刚锤,0,金刚锤拳力厚重，肩不抬臂不转即可于方寸之间出拳伤人，因发力方法十分独特，故而多有不明所以之人以为此乃金刚之神通也。,1,拳掌,Invalid,1,11,0,519,true,false,21,属性0=50; 属性2=25; 属性3=25; 属性83=100; 属性63=100,516,1242,1,2,0,false,"3, 4",1,100,0,0,-1,-1,0,"0, 0, 0, 0",0,"0, 0, 0, 0","0, 0, 0, 0","外:0, 内:0","外:0, 内:0","外:0, 内:0",0,0,0,0,0,0,0,0,"0, 0, 0, 0, 0, 0",24000,4,0,60,0,20,400,10,式6=2,0,0,282,-1,"100, 0, 1, 10, 10, 0, 0",50,"60, 10, 30, 0",false,false,"0, 0, 0, 0, 0, 0, 0, 0, 0, 0, 0, 0",50,-1,,0,0,0,"0, 0, 0, 0",36,0,36,-1,-1,false,-1,-1,-1,0,0,0,"0, 0, 0, 0",0,0,0,0,0,list,"0, 0, 0, 20, 20, 0, 0","0, 0, 0, 0, 0, 0, 0",0,0,list2,"0, 0, 0, 0, 0",loopBonusSkillList,0,"20, 19, 17, 41, 42, 43, 44, 45, 46",此功法发挥$0$成威力时，运用者夺取敌人的1个「崩」式,此功法发挥$0$成威力后，运用者获得2层此效果：敌人无法获得「崩」式
376,五怒手,1,五怒手时而四肢箕张，摇头晃脑，犹如四臂而二首；时而前纵后扑，手足齐动，犹如四首而八臂，乃是示现“五大金刚”之忿怒形的特异功法。,1,拳掌,Invalid,1,11,0,520,true,false,22,属性0=70; 属性3=45; 属性83=150; 属性63=150,517,1243,1,8,1,false,"3, 4",1,150,0,0,-1,-1,0,"0, 0, 0, 0",0,"0, 0, 0, 0","0, 0, 0, 0","外:0, 内:0","外:0, 内:0","外:0, 内:0",0,0,0,0,0,0,0,0,"0, 0, 0, 0, 0, 0",21000,4,0,60,0,20,420,10,式6=2,0,0,282,-1,"30, 30, 1, 15, 15, 15, 15",60,"40, 20, 40, 0",false,false,"0, 0, 0, 0, 0, 0, 0, 0, 0, 0, 0, 0",50,-1,,0,0,0,"0, 0, 0, 0",36,0,36,-1,-1,false,-1,-1,-1,0,0,0,"0, 0, 0, 0",0,0,0,0,0,list,"0, 0, 0, 30, 30, 0, 0","0, 0, 0, 0, 0, 0, 0",0,0,list2,"0, 0, 0, 0, 0",loopBonusSkillList,0,"20, 19, 17, 41, 42, 43, 44, 45, 46",根据此功法发挥的成数，向运用者施加一个提高破体的增益状态,根据此功法发挥的成数，向运用者施加一个提高破气的增益状态
377,波罗密掌,2,波罗密掌共有十式，精妙非常，寓意深奥，对应菩萨之“十胜行”，即：“布施、持戒、精进、禅定、智慧、方便、大愿、大力、大智”。,1,拳掌,Invalid,1,11,0,521,true,false,23,属性0=55; 属性2=30; 属性4=45; 属性83=200; 属性63=200,518,1244,2,6,2,true,"0, 1, 3, 4",1,200,0,0,-1,-1,0,"0, 0, 0, 0",0,"0, 0, 0, 0","0, 0, 0, 0","外:0, 内:0","外:0, 内:0","外:0, 内:0",0,0,0,0,0,0,0,0,"0, 0, 0, 0, 0, 0",24000,4,0,60,30,20,360,10,式6=1; 式8=1,0,0,300,-1,"40, 40, 1, 20, 20, 0, 0",100,"40, 50, 10, 0",false,true,"0, 0, 0, 0, 0, 0, 0, 0, 0, 0, 0, 0",50,-1,,0,0,0,"0, 0, 0, 0",36,0,36,-1,-1,false,-1,-1,-1,0,0,0,"0, 0, 0, 0",0,0,0,0,0,list,"0, 0, 0, 20, 20, 0, 0","0, 0, 0, 20, 20, 0, 0",0,0,list2,"0, 0, 0, 0, 0",loopBonusSkillList,0,"20, 19, 41, 42, 43, 44, 45, 46",此功法发挥$0$成威力时，运用者获得5点「护体」真气,此功法发挥$0$成威力时，敌人失去5点「护体」真气
378,金刚黑砂掌,3,金刚黑砂掌沉雄霸道，两手掌力各不相同，一左一右，一阴一阳，阴力奇冷，阳力奇热，中者冷热煎熬，二力相合则非死也必重伤。,1,拳掌,Invalid,2,11,0,522,true,false,24,属性0=80; 属性3=65; 属性83=250; 属性63=250,519,1245,2,2,3,false,"3, 4",2,250,0,0,-1,-1,0,"0, 0, 0, 0",0,"0, 0, 0, 0","0, 0, 0, 0","外:0, 内:0","外:0, 内:0","外:0, 内:0",0,0,0,0,0,0,0,0,"0, 0, 0, 0, 0, 0",27000,4,0,80,50,20,560,10,式6=3,0,0,282,-1,"80, 20, 1, 10, 10, 0, 0",90,"50, 20, 30, 0",false,false,"0, 0, 0, 0, 0, 0, 0, 0, 0, 0, 0, 0",50,-1,,0,0,0,"0, 0, 0, 0",36,0,36,-1,-1,false,-1,-1,-1,0,0,0,"0, 0, 0, 0",0,0,0,0,0,list,"0, 0, 0, 50, 50, 0, 0","0, 0, 0, 0, 0, 0, 0",0,0,list2,"0, 0, 0, 0, 0",loopBonusSkillList,0,"20, 19, 17, 41, 42, 43, 44, 45, 46",以此功法攻击敌人时：运用者的破甲大幅增加；根据此功法发挥的成数，向运用者施加一个提高直接外伤的增益状态,以此功法攻击敌人时：运用者的破甲大幅增加；根据此功法发挥的成数，向运用者施加一个提高直接内伤的增益状态
379,灵热掌,4,灵热掌乃是以内气化作内火，再导内火灌注于双掌，以精纯灵热之气损伤敌人之密法。运功之时，掌如钢刀，掌上似有电光灼照。,1,拳掌,Invalid,2,11,0,523,true,false,25,属性0=60; 属性2=45; 属性4=55; 属性83=300; 属性63=300,520,1246,3,6,4,true,"0, 1, 3, 4",2,300,0,0,-1,-1,0,"0, 0, 0, 0",0,"0, 0, 0, 0","0, 0, 0, 0","外:0, 内:0","外:0, 内:0","外:0, 内:0",0,0,0,0,0,0,0,0,"0, 0, 0, 0, 0, 0",30000,4,0,80,70,20,800,15,式6=3,0,0,300,-1,"60, 40, 1, 10, 10, 0, 0",80,"40, 40, 20, 0",false,false,"0, 0, 0, 0, 0, 0, 0, 0, 0, 0, 0, 0",50,-1,,0,0,0,"0, 0, 0, 0",36,0,36,-1,-1,false,-1,-1,-1,0,0,0,"0, 0, 0, 0",0,0,0,0,0,list,"0, 0, 0, 0, 0, 0, 0","0, 0, 0, 70, 70, 0, 0",0,0,list2,"0, 0, 0, 0, 0",loopBonusSkillList,0,"20, 19, 16, 41, 42, 43, 44, 45, 46",战斗开始时，运用者获得0层此效果：每当运用者获得1点「护体」真气，此效果就提高1层，当此效果累积最多9层时，此功法的威力提高，且运用者能够从施展进度50%开始无消耗施展此功法攻击敌人，随后此效果恢复为0层,战斗开始时，运用者获得0层此效果：每当运用者失去1点「护体」真气，此效果就提高1层，当此效果累积最多9层时，此功法的威力提高，且运用者能够从施展进度50%开始无消耗施展此功法攻击敌人，随后此效果恢复为0层
380,金刚诛灭手,5,金刚诛灭手狠辣绝伦。其手法共有六式，行功者之面色亦会随着这六式而显示出“青，黄，赤，白，空，碧”六种变化，正是“金刚真谛之六色”也。,1,拳掌,Invalid,2,11,0,524,true,false,26,属性0=90; 属性2=50; 属性3=35; 属性83=350; 属性63=350,521,1247,3,2,5,false,"3, 4",2,350,0,0,-1,-1,0,"0, 0, 0, 0",0,"0, 0, 0, 0","0, 0, 0, 0","外:0, 内:0","外:0, 内:0","外:0, 内:0",0,0,0,0,0,0,0,0,"0, 0, 0, 0, 0, 0",33000,4,0,80,0,20,860,10,式6=3,0,0,282,-1,"80, 0, 1, 10, 10, 10, 10",130,"50, 10, 40, 0",false,false,"0, 0, 0, 0, 0, 0, 0, 0, 0, 0, 0, 0",50,-1,,0,0,0,"0, 0, 0, 0",36,0,36,-1,-1,false,-1,-1,-1,0,0,0,"0, 0, 0, 0",0,0,0,0,0,list,"0, 0, 0, 90, 90, 0, 0","0, 0, 0, 0, 0, 0, 0",0,0,list2,"0, 0, 0, 0, 0",loopBonusSkillList,0,"20, 19, 17, 41, 42, 43, 44, 45, 46",此功法发挥$0$成威力后，如果运用者至少拥有2个「崩」式，运用者就会仅消耗2个「崩」式，从施展进度50%开始立即再次施展此功法攻击敌人，以此方式施展此功法时，此功法的威力小幅累积提高，持续直到运用者无法再连续施展出此功法，且此功法会由正练转变为逆练,开始施展此功法时，将运用者所有可用的式变化为「崩」式，变化的「崩」式越多，此功法的威力就提高越多；此功法施展结束后，会由逆练转变为正练
381,须弥山四神掌,6,所谓须弥山四神掌：“一曰白银埵持国，坚厚无比；二曰琉璃埵增长，远近如意；三曰水晶埵广目，变化无常；四曰黄金埵多闻，无穷无尽”。,1,拳掌,Invalid,3,11,0,525,true,true,27,属性0=130; 属性2=60; 属性83=400; 属性63=400,522,1248,4,6,6,true,"0, 1, 3, 4",3,400,0,0,-1,-1,0,"0, 0, 0, 0",0,"0, 0, 0, 0","0, 0, 0, 0","外:0, 内:0","外:0, 内:0","外:0, 内:0",0,0,0,0,0,0,0,0,"0, 0, 0, 0, 0, 0",36000,4,0,100,30,20,960,20,式6=4,0,0,282,-1,"80, 20, 1, 10, 10, 0, 0",160,"60, 20, 20, 0",false,false,"0, 0, 0, 0, 0, 0, 0, 0, 0, 0, 0, 0",50,-1,,0,0,0,"0, 0, 0, 0",36,0,36,-1,-1,false,-1,-1,-1,0,0,0,"0, 0, 0, 0",0,0,0,0,0,list,"0, 0, 0, 110, 110, 0, 0","0, 0, 0, 0, 0, 0, 0",0,0,list2,"0, 0, 0, 0, 0",loopBonusSkillList,0,"20, 19, 17, 41, 42, 43, 44, 45, 46",此功法发挥$0$成威力时，累积获得1层效果，最多4层：累积1层，此功法的威力大幅提高；累积2层，此功法的最大攻击距离增加；累积3层，此功法造成的直接外伤不会因状态效果降低；累积4层，此功法施展结束时，恢复施展此功法消耗的所有架势,此功法发挥$0$成威力时，累积获得1层效果，最多4层：累积1层，此功法的威力大幅提高；累积2层，此功法的最小攻击距离减少；累积3层，此功法造成的直接内伤不会因状态效果降低；累积4层，此功法施展结束时，恢复施展此功法消耗的所有提气
382,大日如来掌,7,手结“大日如来法印”，身有“遍照一切光明”，迷悟不二，生佛一如，大日如来掌乃金刚宗之神掌真义，有无边无际之大能伟力。,1,拳掌,Invalid,3,11,0,526,true,true,28,属性0=70; 属性2=65; 属性4=70; 属性83=450; 属性63=450,523,1249,4,6,7,true,"0, 1, 3, 4",3,450,0,0,-1,-1,0,"0, 0, 0, 0",0,"0, 0, 0, 0","0, 0, 0, 0","外:0, 内:0","外:0, 内:0","外:0, 内:0",0,0,0,0,0,0,0,0,"0, 0, 0, 0, 0, 0",39000,4,0,100,50,20,1120,20,式6=4,0,0,282,-1,"60, 40, 1, 10, 10, 0, 0",210,"70, 30, 0, 0",false,false,"0, 0, 0, 0, 0, 0, 0, 0, 0, 0, 0, 0",50,-1,,0,0,0,"0, 0, 0, 0",36,0,36,-1,-1,false,-1,-1,-1,0,0,0,"0, 0, 0, 0",0,0,0,0,0,list,"0, 0, 0, 140, 140, 0, 0","0, 0, 0, 0, 0, 0, 0",0,0,list2,"0, 0, 0, 0, 0",loopBonusSkillList,0,"20, 19, 17, 41, 42, 43, 44, 45, 46",开始施展此功法时，运用者所有损害状态的影响减半，所有增益状态的影响加倍，持续直到此功法施展结束,开始施展此功法时，敌人的所有增益状态的影响减半，所有损害状态的影响加倍，持续直到此功法施展结束
383,阴风蝎子手,0,阴风蝎子手招招逆行，式式倒转，出于左而攻右，出于右而攻左，伏低乃是攻上，蹿高却为袭下，出手毫无征兆，十分诡异。,1,拳掌,Invalid,1,12,1,527,true,false,23,属性1=60; 属性5=40; 属性83=100; 属性59=100,460,1186,1,8,0,false,"3, 4",1,100,0,0,-1,-1,0,"0, 0, 0, 0",0,"0, 0, 0, 0","0, 0, 0, 0","外:0, 内:0","外:0, 内:0","外:0, 内:0",0,0,0,0,0,0,0,0,"0, 0, 0, 0, 0, 0",18000,4,0,60,0,15,200,10,式7=1; 式8=1,0,0,354,-1,"0, 20, 1, 30, 30, 20, 20",70,"10, 40, 50, 0",false,false,"0, 0, 300, 1, 0, 0, 0, 0, 0, 0, 0, 0",50,-1,,0,0,0,"0, 0, 0, 0",36,0,36,-1,-1,false,-1,-1,-1,0,0,0,"0, 0, 0, 0",0,0,0,0,0,list,"0, 0, 0, 10, 10, 0, 0","0, 0, 0, 10, 10, 0, 0",0,0,list2,"0, 0, 0, 0, 0",loopBonusSkillList,0,"20, 19, 41, 43, 44, 45, 46",开始施展此功法时，敌人所中郁毒越深，此功法的威力就提高越多；根据此功法发挥的成数，向敌人施加一个降低郁毒抵抗的损害状态,开始施展此功法时，运用者所中郁毒越深，此功法的威力就提高越多；根据此功法发挥的成数，向运用者施加一个提高郁毒抵抗的增益状态
384,蝮蛇千针手,1,“忽远忽近，盘旋蜿蜒，反肘斜进，无孔不入”，即“蝮蛇之技”；“透骨锥心，锁胁闭血，千牙万齿，麻痒难当”，即“千针之法”。,1,拳掌,Invalid,1,12,1,528,true,false,24,属性1=70; 属性5=45; 属性83=150; 属性59=150,461,1187,1,8,1,false,"3, 4",1,150,0,0,-1,-1,0,"0, 0, 0, 0",0,"0, 0, 0, 0","0, 0, 0, 0","外:0, 内:0","外:0, 内:0","外:0, 内:0",0,0,0,0,0,0,0,0,"0, 0, 0, 0, 0, 0",21000,4,0,60,40,15,360,15,式7=1; 式8=1,0,0,354,-1,"0, 60, 1, 20, 20, 10, 10",60,"20, 40, 40, 0",true,false,"0, 0, 0, 0, 0, 0, 0, 0, 0, 0, 450, 1",50,-1,,0,0,0,"0, 0, 0, 0",36,0,36,-1,-1,false,-1,-1,-1,0,0,0,"0, 0, 0, 0",0,0,0,0,0,list,"0, 0, 0, 15, 15, 0, 0","0, 0, 0, 15, 15, 0, 0",0,0,list2,"0, 0, 0, 0, 0",loopBonusSkillList,0,"20, 19, 41, 42, 43, 44, 45",以此功法攻击敌人时，如果敌人幻毒攻心，敌人「护体」功法的特殊效果无法生效,以此功法攻击敌人时，如果敌人幻毒攻心，敌人「轻灵」功法的特殊效果无法生效
385,血蛭掌,2,血蛭掌手法轻柔，毒性绵密，其掌力绝不外吐反而向掌心急吸，掌到之处肌肤故然流血不止，淋漓可怖，毒质也已由此而侵入脏腑。,1,拳掌,Invalid,1,12,1,529,true,false,25,属性3=40; 属性4=40; 属性5=50; 属性83=200; 属性59=200,462,1188,2,5,2,false,"3, 4",1,200,0,0,-1,-1,0,"0, 0, 0, 0",0,"0, 0, 0, 0","0, 0, 0, 0","外:0, 内:0","外:0, 内:0","外:0, 内:0",0,0,0,0,0,0,0,0,"0, 0, 0, 0, 0, 0",24000,4,0,60,30,15,320,10,式8=2,0,0,354,-1,"0, 120, 0, 0, 0, 0, 0",100,"30, 40, 30, 0",false,true,"0, 0, 0, 0, 0, 0, 600, 1, 0, 0, 0, 0",50,-1,,0,0,0,"0, 0, 0, 0",36,0,36,-1,-1,false,-1,-1,-1,0,0,0,"0, 0, 0, 0",0,0,0,0,0,list,"0, 0, 0, 40, 40, 0, 0","0, 0, 0, 0, 0, 0, 0",0,0,list2,"0, 0, 0, 0, 0",loopBonusSkillList,0,"20, 19, 17, 41, 42, 44, 45, 46",此功法对敌人腰腹造成的直接伤势标记将变化为更难恢复的旧时伤势,此功法对敌人腰腹造成的直接伤害提高30%；此功法发挥$0$成威力时，吸取敌人的架势
386,三尸断魂掌,3,三尸断魂掌阴毒无已，一掌之中共有三种不同的毒质，其一曰“僵”，中者麻木不仁；其二曰“斑”，中者面目乌黑；其三曰“疝”，中者肚破肠穿。,1,拳掌,Invalid,2,12,1,530,true,false,26,属性0=45; 属性4=45; 属性5=55; 属性83=250; 属性59=250,463,1189,2,5,3,false,"3, 4",2,250,0,0,-1,-1,0,"0, 0, 0, 0",0,"0, 0, 0, 0","0, 0, 0, 0","外:0, 内:0","外:0, 内:0","外:0, 内:0",0,0,0,0,0,0,0,0,"0, 0, 0, 0, 0, 0",24000,4,0,80,60,15,520,10,式6=1; 式7=1; 式8=1,0,0,273,-1,"60, 40, 1, 10, 10, 0, 0",90,"40, 40, 20, 0",false,false,"0, 0, 0, 0, 0, 0, 0, 0, 450, 2, 0, 0",50,-1,,0,0,0,"0, 0, 0, 0",36,0,36,-1,-1,false,-1,-1,-1,0,0,0,"0, 0, 0, 0",0,0,0,0,0,list,"0, 0, 0, 25, 25, 0, 0","0, 0, 0, 25, 25, 0, 0",0,0,list2,"0, 0, 0, 0, 0",loopBonusSkillList,0,"20, 19, 41, 42, 43, 44, 46",开始施展此功法时，运用者向敌人施加的毒素会根据敌人烈毒、赤毒、腐毒中中毒量最低的那一项变化，如果变化后向敌人施加的仍是腐毒，此功法的威力提高,开始施展此功法时，运用者向敌人施加的毒素会根据运用者烈毒、赤毒、腐毒中中毒量最低的那一项变化，如果变化后向敌人施加的仍是腐毒，此功法的威力提高
387,青蛛缠魂手,4,“青蛛有绝毒，缠魂五百世”。青蛛缠魂手奇诡莫测，掌力如丝如网，奇毒无比。青蛛绝毒更有“即令身死亦难尽除，仍会带往来世”之说。,1,拳掌,Invalid,2,12,1,531,true,true,27,属性1=100; 属性5=60; 属性83=300; 属性59=300,464,1190,3,5,4,false,"3, 4",2,300,0,0,-1,-1,0,"0, 0, 0, 0",0,"0, 0, 0, 0","0, 0, 0, 0","外:0, 内:0","外:0, 内:0","外:0, 内:0",0,0,0,0,0,0,0,0,"0, 0, 0, 0, 0, 0",18000,4,0,80,70,15,280,20,式8=3,0,0,354,-1,"0, 0, 1, 40, 40, 20, 20",160,"10, 60, 30, 0",true,false,"0, 0, 600, 2, 0, 0, 0, 0, 0, 0, 0, 0",50,-1,,0,0,0,"0, 0, 0, 0",36,0,36,-1,-1,false,-1,-1,-1,0,0,0,"0, 0, 0, 0",0,0,0,0,0,list,"0, 0, 0, 0, 0, 0, 0","0, 0, 0, 70, 70, 0, 0",0,0,list2,"0, 0, 0, 0, 0",loopBonusSkillList,0,"20, 19, 16, 41, 43, 44, 45, 46",此功法发挥$0$成威力后：随机选定敌人的2个威力增强最多的「摧破」功法；运用者开始施展此功法时，此功法的威力提高相当于所选功法的威力增强；每当敌人施展所选功法，运用者也能从施展进度50%开始无消耗施展此功法,此功法发挥$0$成威力后：随机选定敌人的1个威力减弱最多的「摧破」功法；运用者开始施展此功法时，此功法的威力提高相当于所选功法的威力减弱；每当敌人施展所选功法，运用者也能从施展进度50%开始无消耗施展此功法
388,朱蟾毒掌,5,朱蟾毒掌出掌之前必先全身蓄力，随即飞身跃出，其力道之强，毒性之猛，不仅非血肉之躯能够承受，任何铁衣金甲亦触之即溃。,1,拳掌,Invalid,2,12,1,532,true,true,28,属性4=110; 属性5=65; 属性83=350; 属性59=350,465,1191,3,5,5,false,"0, 1, 3, 4",2,350,0,0,-1,-1,0,"0, 0, 0, 0",0,"0, 0, 0, 0","0, 0, 0, 0","外:0, 内:0","外:0, 内:0","外:0, 内:0",0,0,0,0,0,0,0,0,"0, 0, 0, 0, 0, 0",21000,4,0,80,30,15,700,10,式6=3,0,0,273,-1,"40, 20, 1, 15, 15, 15, 15",130,"40, 40, 20, 0",false,false,"0, 0, 0, 0, 0, 0, 800, 2, 0, 0, 0, 0",50,-1,,0,0,0,"0, 0, 0, 0",36,0,36,-1,-1,false,-1,-1,-1,0,0,0,"0, 0, 0, 0",0,0,0,0,0,list,"0, 0, 0, 45, 45, 0, 0","0, 0, 0, 45, 45, 0, 0",0,0,list2,"0, 0, 0, 0, 0",loopBonusSkillList,0,"20, 19, 41, 42, 44, 45, 46",此功法发挥$0$成威力时，敌人的赤毒标记越多，就向敌人添加越多随机部位的破绽，并且根据此功法的威力对敌人随机身体部位施加越多外伤伤害,此功法发挥$0$成威力时，运用者的赤毒标记越多，就向敌人添加越多随机部位的破绽，并且根据此功法的威力对敌人随机身体部位施加越多外伤伤害
389,青黄赤黑神掌,6,青黄赤黑神掌乃苗疆五仙教之绝秘，功成者心口显出四色，双手有如僵尸，所发毒质每掌不同，有千百种变化，解无可解，避无可避。,1,拳掌,Invalid,3,12,1,533,true,true,29,属性4=120; 属性5=70; 属性83=400; 属性59=400,466,1192,4,5,6,false,"0, 1, 3, 4",3,400,0,0,-1,-1,0,"0, 0, 0, 0",0,"0, 0, 0, 0","0, 0, 0, 0","外:0, 内:0","外:0, 内:0","外:0, 内:0",0,0,0,0,0,0,0,0,"0, 0, 0, 0, 0, 0",24000,4,0,100,60,15,720,10,式6=2; 式8=2,0,0,345,-1,"60, 20, 1, 20, 20, 0, 0",190,"30, 20, 50, 0",false,false,"0, 0, 0, 0, 0, 0, 0, 0, 600, 3, 0, 0",50,-1,,0,0,0,"0, 0, 0, 0",36,0,36,-1,-1,false,-1,-1,-1,0,0,0,"0, 0, 0, 0",0,0,0,0,0,list,"0, 0, 0, 55, 55, 0, 0","0, 0, 0, 55, 55, 0, 0",0,0,list2,"0, 0, 0, 0, 0",loopBonusSkillList,0,"20, 19, 41, 42, 43, 44, 46",此功法向敌人施加的腐毒将变化为更难驱除的旧时毒素；此功法发挥$0$成威力时，会同时向敌人施加烈毒、赤毒、腐毒,此功法向敌人施加的腐毒大幅提高，但有较低的几率令运用者同时被施加一部分腐毒；此功法发挥$0$成威力时，长时间内封禁敌人最多3个外功比例不低于60%的功法
390,九死离魂手,7,九死离魂手至奇至毒，世间绝无仅有，中者魂飞魄散，故名“离魂”。然而此功恶尽恶绝，行功者亦会受其反噬，不免九死一生，故又谓之“九死”。,1,拳掌,Invalid,3,12,1,534,true,true,30,属性1=65; 属性4=65; 属性5=75; 属性83=450; 属性59=450,467,1193,4,5,7,false,"2, 3, 4",3,450,0,0,-1,-1,0,"0, 0, 0, 0",0,"0, 0, 0, 0","0, 0, 0, 0","外:0, 内:0","外:0, 内:0","外:0, 内:0",0,0,0,0,0,0,0,0,"0, 0, 0, 0, 0, 0",24000,4,0,100,50,15,680,15,式8=4,0,0,372,-1,"0, 40, 10, 25, 25, 15, 15",270,"0, 60, 40, 0",false,true,"0, 0, 0, 0, 0, 0, 0, 0, 0, 0, 800, 3",50,-1,,0,0,0,"0, 0, 0, 0",36,0,36,-1,-1,false,-1,-1,-1,0,0,0,"0, 0, 0, 0",0,0,0,0,0,list,"0, 0, 0, 70, 70, 0, 0","0, 0, 0, 70, 70, 0, 0",0,0,list2,"0, 0, 0, 0, 0",loopBonusSkillList,0,"20, 19, 41, 42, 43, 44, 45",以此功法攻击敌人时，敌人所中幻毒越深，此功法对敌人造成的直接伤害就提高越多；此功法发挥$0$成威力时，敌人所中幻毒越深，敌人就有越高的几率产生其对本场战斗中敌我双方随机人物进行过或“关押”或“毒害”或“暗害”或“欺辱”的秘闻,以此功法攻击敌人时，运用者所中幻毒越深，此功法对敌人造成的直接伤害就提高越多；此功法发挥$0$成威力时，运用者所中幻毒越深，敌人就有越高的几率产生其对本场战斗中敌我双方随机人物进行过或“关押”或“毒害”或“暗害”或“欺辱”的秘闻
391,煅骨拳,0,诀曰：“三三九九煅铁骨”，煅骨拳需每日以肉掌反复拍击高温烙铁九九八十一次，历经九年方成，旨在锻筋炼骨，强壮拳力。,1,拳掌,Invalid,1,14,3,535,true,false,22,属性0=60; 属性3=40; 属性83=100; 属性55=80; 属性64=80,493,1219,1,2,0,false,"3, 4",1,100,0,0,-1,-1,0,"0, 0, 0, 0",0,"0, 0, 0, 0","0, 0, 0, 0","外:0, 内:0","外:0, 内:0","外:0, 内:0",0,0,0,0,0,0,0,0,"0, 0, 0, 0, 0, 0",24000,4,0,60,0,25,360,10,式6=2,0,0,282,-1,"80, 0, 1, 20, 20, 0, 0",60,"60, 10, 30, 0",false,false,"0, 0, 0, 0, 0, 0, 0, 0, 0, 0, 0, 0",50,-1,,0,0,0,"0, 0, 0, 0",36,0,36,-1,-1,false,-1,-1,-1,0,0,0,"0, 0, 0, 0",0,0,0,0,0,list,"0, 0, 0, 20, 20, 0, 0","0, 0, 0, 0, 0, 0, 0",0,0,list2,"0, 0, 0, 0, 0",loopBonusSkillList,0,"20, 19, 17, 41, 42, 43, 44, 45, 46",根据此功法发挥的成数，增加运用者所有「摧破」功法的威力上限，持续直到战斗结束,根据此功法发挥的威力成数，极短时间封禁敌人的1个「摧破」功法
392,伏龙醉八仙拳,1,伏龙醉八仙拳动迅静定，寓守于攻，屈如伏虎而伸比腾龙。行拳之际，脚踏五行八卦，姿态好似醉酒，有锵锵然之威风，如醉八仙之脱迹。,1,拳掌,Invalid,1,14,3,536,true,false,23,属性0=50; 属性3=30; 属性4=35; 属性83=150; 属性55=120; 属性64=120,494,1220,1,7,1,false,"3, 4, 5, 6",1,150,0,0,-1,-1,0,"0, 0, 0, 0",0,"0, 0, 0, 0","0, 0, 0, 0","外:0, 内:0","外:0, 内:0","外:0, 内:0",0,0,0,0,0,0,0,0,"0, 0, 0, 0, 0, 0",21000,4,0,60,30,25,240,10,式6=1; 式8=1,0,0,273,-1,"30, 30, 1, 15, 15, 15, 15",100,"40, 40, 20, 0",false,true,"0, 0, 0, 0, 0, 0, 0, 0, 0, 0, 0, 0",50,-1,,0,0,0,"0, 0, 0, 0",36,0,36,-1,-1,false,-1,-1,-1,0,0,0,"0, 0, 0, 0",0,0,0,0,0,list,"0, 0, 0, 20, 20, 0, 0","0, 0, 0, 0, 0, 0, 0",0,10,list2,"0, 0, 0, 0, 0",loopBonusSkillList,0,"20, 17, 41, 42, 43, 44, 45, 46",此功法发挥$0$成威力后，运用者获得8层此效果：运用者以兵器攻击敌人时，敌人只能以卸力、拆招、闪避、守心中最低的一项进行化解；如果运用者醉酒，运用者以兵器攻击敌人时，降低敌人最低的一项化解,此功法发挥$0$成威力后，运用者获得8层此效果：敌人以兵器攻击运用者时，敌人只能以力道、精妙、迅疾、动心中最低的一项进行命中；如果运用者醉酒，敌人以兵器攻击运用者时，降低敌人最低的一项命中
393,火炼掌,2,火炼掌乃伏龙坛之独门绝技，可凭空而发一道刚强炽浪，直取数丈之外的敌人，此功法极耗精神，但当者即燃，尤其骇人。,1,拳掌,Invalid,1,14,3,537,true,false,24,属性0=80; 属性4=50; 属性83=200; 属性55=160; 属性64=160,495,1221,2,0,2,true,"3, 4",1,200,0,0,-1,-1,0,"0, 0, 0, 0",0,"0, 0, 0, 0","0, 0, 0, 0","外:0, 内:0","外:0, 内:0","外:0, 内:0",0,0,0,0,0,0,0,0,"0, 0, 0, 0, 0, 0",27000,4,0,60,50,25,480,20,式6=2,0,0,282,-1,"80, 20, 1, 10, 10, 0, 0",80,"50, 20, 30, 0",false,false,"0, 0, 0, 0, 0, 0, 0, 0, 0, 0, 0, 0",50,-1,,0,0,0,"0, 0, 0, 0",36,0,36,-1,-1,false,-1,-1,-1,0,0,0,"0, 0, 0, 0",0,0,0,0,0,list,"0, 0, 0, 20, 20, 0, 0","0, 0, 0, 20, 20, 0, 0",0,0,list2,"0, 0, 0, 0, 0",loopBonusSkillList,0,"20, 19, 41, 42, 43, 44, 45, 46",以此功法击中敌人时，无视敌人的护具；此功法发挥$0$成威力后，运用者获得3层此效果：当敌人受到运用者的功法攻击时，消耗运用者10点体质，提高运用者的破体、破气,以此功法击中敌人时，无视敌人的护具；此功法发挥$0$成威力后，运用者获得3层此效果：当运用者受到敌人的功法攻击时，消耗运用者10点体质，提高运用者的御体、御气
394,疯魔醉拳,3,疯魔醉拳势与心结，力与神通，威力极强。行功之际如痴如醉，状如疯魔，稍有不慎则神智难返，需当心如磐石，意比金坚，方可施为。,1,拳掌,Invalid,2,14,3,538,true,false,25,属性0=90; 属性4=55; 属性83=250; 属性55=200; 属性64=200,496,1222,2,3,3,false,"0, 1, 2, 3, 4, 5, 6",2,250,0,0,-1,-1,0,"0, 0, 0, 0",0,"0, 0, 0, 0","0, 0, 0, 0","外:0, 内:0","外:0, 内:0","外:0, 内:0",0,0,0,0,0,0,0,0,"0, 0, 0, 0, 0, 0",24000,4,0,80,40,25,360,10,式6=3,0,0,273,-1,"60, 20, 1, 10, 10, 10, 10",130,"40, 40, 20, 0",false,true,"0, 0, 0, 0, 0, 0, 0, 0, 0, 0, 0, 0",50,-1,,0,0,0,"0, 0, 0, 0",36,0,36,-1,-1,false,-1,-1,-1,0,0,0,"0, 0, 0, 0",0,0,0,0,0,list,"0, 0, 0, 40, 40, 0, 0","0, 0, 0, 0, 0, 0, 0",0,20,list2,"0, 0, 0, 0, 0",loopBonusSkillList,0,"20, 17, 41, 42, 43, 44, 45, 46",此功法发挥$0$成威力时，运用者有较低几率在此功法施展结束后，再次从施展进度50%开始立即无消耗施展此功法攻击敌人，且运用者的内息越紊乱，由此施展的此功法造成的直接外伤就越高；如果运用者醉酒，再次施展此功法的几率大幅提高,此功法发挥$0$成威力时，运用者有较低几率在此功法施展结束后，再次从施展进度50%开始立即无消耗施展此功法攻击敌人，且运用者的内息越紊乱，由此施展的此功法造成的直接内伤就越高；如果运用者醉酒，再次施展此功法的几率大幅提高
395,大炫绝掌,4,所谓“炫绝”：炫者，威势浩大，有火光迸发，炫然有如日月；绝者，其力一吐，绝无回还余地，非力竭势尽不能休止。,1,拳掌,Invalid,2,14,3,539,true,false,26,属性0=110; 属性3=50; 属性83=300; 属性55=240; 属性64=240,497,1223,3,2,4,false,"3, 4",2,300,0,0,-1,-1,0,"0, 0, 0, 0",0,"0, 0, 0, 0","0, 0, 0, 0","外:0, 内:0","外:0, 内:0","外:0, 内:0",0,0,0,0,0,0,0,0,"0, 0, 0, 0, 0, 0",33000,4,0,80,0,25,880,15,式6=3,0,0,282,-1,"100, 20, 1, 0, 0, 0, 0",90,"60, 10, 30, 0",false,false,"0, 0, 0, 0, 0, 0, 0, 0, 0, 0, 0, 0",50,-1,,0,0,0,"0, 0, 0, 0",36,0,36,-1,-1,false,-1,-1,-1,0,0,0,"0, 0, 0, 0",0,0,0,0,0,list,"0, 0, 0, 70, 70, 0, 0","0, 0, 0, 0, 0, 0, 0",0,0,list2,"0, 0, 0, 0, 0",loopBonusSkillList,0,"20, 19, 17, 41, 42, 43, 44, 45, 46",开始施展此功法时，转移运用者与敌人的各1个威力最高的「护体」功法的一部分威力至此功法，持续直到战斗结束,开始施展此功法时，转移运用者与敌人的各1个威力最高的「轻灵」功法的一部分威力至此功法，持续直到战斗结束
396,小玉阳神拳,5,小玉阳神拳轻捷跳脱，招招凌空而发，拳势东倒西歪，变幻莫测，繁密有如细雨。小玉阳神拳源自东海之外，与大玉阳神拳一奇一正，并世无双。,1,拳掌,Invalid,2,14,5,540,true,true,27,属性4=90; 属性5=85; 属性83=350; 属性55=280; 属性64=280,498,1224,3,0,5,true,"3, 4",2,350,0,0,-1,-1,0,"0, 0, 0, 0",0,"0, 0, 0, 0","0, 0, 0, 0","外:0, 内:0","外:0, 内:0","外:0, 内:0",0,0,0,0,0,0,0,0,"0, 0, 0, 0, 0, 0",21000,4,0,80,70,25,480,10,式6=1; 式7=1; 式8=1,0,0,273,-1,"40, 20, 1, 20, 20, 10, 10",170,"40, 40, 20, 0",false,false,"0, 0, 0, 0, 0, 0, 0, 0, 0, 0, 0, 0",50,-1,,0,0,0,"0, 0, 0, 0",36,0,36,-1,-1,false,-1,-1,-1,0,0,0,"0, 0, 0, 0",0,0,0,0,0,list,"0, 0, 0, 35, 35, 0, 0","0, 0, 0, 35, 35, 0, 0",0,35,list2,"0, 0, 0, 0, 0",loopBonusSkillList,0,"20, 41, 42, 43, 44, 45, 46",此功法发挥$0$成威力时，如果消耗运用者的10点「摧破」真气，随机使运用者的最多2个「摧破」功法的持续效果的层数增加其最大层数的50%,此功法发挥$0$成威力时，如果消耗运用者的10点「摧破」真气，随机使敌人的最多2个「摧破」功法的持续效果的层数减少其最大层数的50%
397,离火六阳掌,6,离火六阳掌由“手三阳，足三阳”六阳经脉而发，其力至刚纯阳，猛烈淳厚已极，中者如入炼狱火窟，五脏六腑无不化作焦炭。,1,拳掌,Invalid,3,14,3,541,true,true,28,属性0=120; 属性4=70; 属性83=400; 属性55=320; 属性64=320,499,1225,4,1,6,true,"0, 1, 3, 4",3,400,0,0,-1,-1,0,"0, 0, 0, 0",0,"0, 0, 0, 0","0, 0, 0, 0","外:0, 内:0","外:0, 内:0","外:0, 内:0",0,0,0,0,0,0,0,0,"0, 0, 0, 0, 0, 0",30000,4,0,100,50,25,880,10,式6=4,0,0,282,-1,"80, 20, 1, 10, 10, 0, 0",170,"50, 10, 40, 0",false,false,"0, 0, 0, 0, 0, 0, 0, 0, 0, 0, 0, 0",50,-1,,0,0,0,"0, 0, 0, 0",36,0,36,-1,-1,false,-1,-1,-1,0,0,0,"0, 0, 0, 0",0,0,0,0,0,list,"0, 0, 0, 110, 110, 0, 0","0, 0, 0, 0, 0, 0, 0",0,0,list2,"0, 0, 0, 0, 0",loopBonusSkillList,0,"20, 19, 17, 41, 42, 43, 44, 45, 46",以此功法开始攻击敌人时，如果敌人的内力属性为「金刚」、「紫霞」，消除敌人运起的「护体」、「轻灵」功法，并将敌人3个「摧破」功法的持续效果消减为0层,此功法发挥$0$成威力时，如果敌人的内力属性为「金刚」、「紫霞」，运用者对敌人造成的直接伤害提高90%
398,大玉阳神拳,7,大玉阳神拳勇壮剽悍，式式渊渟岳峙，拳势左右一体，好整以暇，宏大好似狂澜。大玉阳神拳源自东海之外，与小玉阳神拳一正一奇，并世无双。,1,拳掌,Invalid,3,14,3,542,true,true,29,属性0=130; 属性4=75; 属性83=450; 属性55=360; 属性64=360,500,1226,4,0,7,true,"0, 1, 3, 4",3,450,0,0,-1,-1,0,"0, 0, 0, 0",0,"0, 0, 0, 0","0, 0, 0, 0","外:0, 内:0","外:0, 内:0","外:0, 内:0",0,0,0,0,0,0,0,0,"0, 0, 0, 0, 0, 0",33000,4,0,100,70,25,1040,15,式6=2; 式8=2,0,0,300,-1,"100, 0, 1, 10, 10, 0, 0",220,"60, 40, 0, 0",false,false,"0, 0, 0, 0, 0, 0, 0, 0, 0, 0, 0, 0",50,-1,,0,0,0,"0, 0, 0, 0",36,0,36,-1,-1,false,-1,-1,-1,0,0,0,"0, 0, 0, 0",0,0,0,0,0,list,"0, 0, 0, 55, 55, 0, 0","0, 0, 0, 55, 55, 0, 0",0,60,list2,"0, 0, 0, 0, 0",loopBonusSkillList,0,"20, 41, 42, 43, 44, 45, 46",开始施展此功法时，运用者的所有「摧破」功法的持续效果的层数越接近其层数上限，此功法的威力就提高越多,开始施展此功法时，敌人的所有「摧破」功法的持续效果的层数越接近其层数下限，此功法的威力就提高越多
399,化龙掌,8,化龙掌刚猛无俦，震古烁今，乃伏龙坛之不传绝诣。所谓：“出之有声，石破天惊，啸如龙呤；无形有质，风云变色，状如狂龙”，故曰“化龙”也。,1,拳掌,Invalid,3,14,3,543,true,true,30,属性0=160; 属性3=60; 属性83=500; 属性55=400; 属性64=400,501,1227,5,1,8,true,"0, 1, 3, 4",3,500,0,0,-1,-1,0,"0, 0, 0, 0",0,"0, 0, 0, 0","0, 0, 0, 0","外:0, 内:0","外:0, 内:0","外:0, 内:0",0,0,0,0,0,0,0,0,"0, 0, 0, 0, 0, 0",39000,4,0,100,30,25,1200,20,式6=4,0,0,282,-1,"100, 20, 1, 0, 0, 0, 0",190,"80, 0, 20, 0",false,false,"0, 0, 0, 0, 0, 0, 0, 0, 0, 0, 0, 0",50,-1,,0,0,0,"0, 0, 0, 0",36,0,36,-1,-1,false,-1,-1,-1,0,0,0,"0, 0, 0, 0",0,0,0,0,0,list,"0, 0, 0, 180, 180, 0, 0","0, 0, 0, 0, 0, 0, 0",0,0,list2,"0, 0, 0, 0, 0",loopBonusSkillList,0,"20, 19, 17, 41, 42, 43, 44, 45, 46",此功法发挥$0$成威力后，运用者获得3层此效果：运用者施展的所有非此功法的正练「拳掌」功法变化为此功法，被变化的功法的威力根据此功法的威力提高，持续直到战斗结束；变化而来的此功法的正练效果暂时变化为：“此功法发挥$0$成威力时，消除敌人运起的「护体」功法及所有的脚力”,此功法发挥$0$成威力后，运用者获得3层此效果：运用者施展的所有非此功法的逆练「拳掌」功法变化为此功法，被变化的功法的威力根据此功法的威力提高，持续直到战斗结束；变化而来的此功法的逆练效果暂时变化为：“此功法发挥$0$成威力时，消除敌人运起的「护体」功法及所有的脚力”
400,疯狗拳,0,疯狗拳举止无定，状似癫狂，行功走架绝无章法，吐唾牙咬，死缠烂打，无所不用其极，加之狺狺狂吠不止，却也格外骇人。,1,拳掌,Invalid,1,15,5,544,true,false,23,属性0=35; 属性1=65; 属性83=100; 属性59=80; 属性65=80,567,1293,1,8,0,false,"3, 4, 5, 6",1,100,0,0,-1,-1,0,"0, 0, 0, 0",0,"0, 0, 0, 0","0, 0, 0, 0","外:0, 内:0","外:0, 内:0","外:0, 内:0",0,0,0,0,0,0,0,0,"0, 0, 0, 0, 0, 0",15000,4,0,60,30,25,240,10,式6=1; 式8=1,0,0,345,-1,"25, 25, 1, 20, 20, 15, 15",40,"40, 10, 50, 0",false,true,"0, 0, 0, 0, 0, 0, 0, 0, 0, 0, 0, 0",50,-1,,0,0,0,"0, 0, 0, 0",36,0,36,-1,-1,false,-1,-1,-1,0,0,0,"0, 0, 0, 0",0,0,0,0,0,list,"0, 0, 0, 10, 10, 0, 0","0, 0, 0, 10, 10, 0, 0",0,0,list2,"0, 0, 0, 0, 0",loopBonusSkillList,0,"20, 19, 41, 42, 43, 44, 45, 46",开始施展此功法时，运用者获得6层此效果：运用者的摧破类功法对敌人造成的所有直接伤害可能降低90%，也可能提高90%，但更有可能提高,以此功法攻击敌人时或此功法发挥$0$成威力后，运用者获得6层此效果：敌人的摧破类功法对运用者造成的所有直接伤害可能降低90%，也可能提高90%，但更有可能降低
401,摧心掌,1,摧心掌无甚招式，掌力共有“缓、急、钻、缚”四种变化，可刚可柔，直透心肺，乃是纯以暗劲伤人于无形的阴狠功法。,1,拳掌,Invalid,1,15,4,545,true,false,24,属性0=75; 属性4=40; 属性83=150; 属性59=120; 属性65=120,568,1294,1,0,1,true,"3, 4",1,150,0,0,-1,-1,0,"0, 0, 0, 0",0,"0, 0, 0, 0","0, 0, 0, 0","外:0, 内:0","外:0, 内:0","外:0, 内:0",0,0,0,0,0,0,0,0,"0, 0, 0, 0, 0, 0",24000,4,0,60,40,25,400,10,式6=2,0,0,345,-1,"120, 0, 0, 0, 0, 0, 0",60,"40, 20, 40, 0",false,true,"0, 0, 0, 0, 0, 0, 0, 0, 0, 0, 0, 0",50,-1,,0,0,0,"0, 0, 0, 0",36,0,36,-1,-1,false,-1,-1,-1,0,0,0,"0, 0, 0, 0",0,0,0,0,0,list,"0, 0, 0, 0, 0, 0, 0","0, 0, 0, 30, 30, 0, 0",0,0,list2,"0, 0, 0, 0, 0",loopBonusSkillList,0,"20, 19, 16, 41, 42, 43, 44, 45, 46",此功法对敌人胸背造成的直接伤势标记将变化为更难恢复的旧时伤势,此功法对敌人胸背造成的直接伤害提高30%；此功法发挥$0$成威力时，损耗敌人的提气
402,七十二地煞拳,2,七十二地煞拳凶狠异常，乃是专攻下路之猛恶手法，所谓：“抓膝拿踵节节断，剥腨剔股片片离”，自股至踵无不为其所制。,1,拳掌,Invalid,1,15,4,546,true,false,25,属性0=80; 属性3=50; 属性83=200; 属性59=160; 属性65=160,569,1295,2,8,2,false,"3, 4, 5, 6",1,200,0,0,-1,-1,0,"0, 0, 0, 0",0,"0, 0, 0, 0","0, 0, 0, 0","外:0, 内:0","外:0, 内:0","外:0, 内:0",0,0,0,0,0,0,0,0,"0, 0, 0, 0, 0, 0",18000,4,0,60,30,25,280,10,式6=2,0,0,345,-1,"0, 40, 1, 0, 0, 40, 40",90,"40, 20, 40, 0",false,false,"0, 0, 0, 0, 0, 0, 0, 0, 0, 0, 0, 0",50,-1,"208, 207",0,0,0,"0, 0, 0, 0",36,0,36,-1,-1,false,-1,-1,-1,0,0,0,"0, 0, 0, 0",0,0,0,0,0,list,"0, 0, 0, 20, 20, 0, 0","0, 0, 0, 20, 20, 0, 0",0,0,list2,"0, 0, 0, 0, 0",loopBonusSkillList,0,"20, 19, 41, 42, 43, 44, 45, 46",开始施展此功法时，敌人“伤坏”的部位越多，此功法的威力就提高越多；此功法发挥$0$成威力时，使敌人有外伤的腿足“膝踵伤坏”；“膝踵伤坏”者的最大脚力值减半，且受创者腿足的外伤标记达到4个即视为腿足残毁，直到受创者治愈了所有腿足的外伤，此创伤才会消失,开始施展此功法时，敌人“剧痛”的部位越多，此功法的威力就提高越多；此功法发挥$0$成威力时，使敌人有内伤的腿足“膝踵剧痛”；“膝踵剧痛”者的最大脚力最大身法值减半，双足受到的任何外伤重创提高，且受创者腿足的内伤达到4层即视为腿足残毁，腿足遭受内伤的同时会受到等额的重创伤害，直到受创者治愈了所有腿足的内伤，此创伤才会消失
403,腐尸毒掌,3,取人畜新死之尸体浸泡于毒水之中，待到尸体为毒水所化尽，即可取其毒质用以练功，七七四十九次之后，遂成腐尸毒掌。,1,拳掌,Invalid,2,15,4,547,true,false,26,属性0=55; 属性3=45; 属性4=45; 属性83=250; 属性59=200; 属性65=200,570,1296,2,5,3,false,"3, 4",2,250,0,0,-1,-1,0,"0, 0, 0, 0",0,"0, 0, 0, 0","0, 0, 0, 0","外:0, 内:0","外:0, 内:0","外:0, 内:0",0,0,0,0,0,0,0,0,"0, 0, 0, 0, 0, 0",24000,4,0,80,50,25,520,10,式6=2; 式8=1,0,0,273,-1,"60, 20, 1, 10, 10, 10, 10",90,"30, 40, 30, 0",false,false,"0, 0, 0, 0, 0, 0, 0, 0, 450, 2, 0, 0",50,-1,,0,0,0,"0, 0, 0, 0",36,0,36,-1,-1,false,-1,-1,-1,0,0,0,"0, 0, 0, 0",0,0,0,0,0,list,"0, 0, 0, 0, 0, 0, 0","0, 0, 0, 50, 50, 0, 0",0,0,list2,"0, 0, 0, 0, 0",loopBonusSkillList,0,"20, 19, 16, 41, 42, 43, 44, 46",此功法发挥$0$成威力后，运用者获得10层此效果：运用者以摧破类功法向敌人施加的腐毒由「生毒」提升为「剧毒」、由「剧毒」提升为「奇毒」，且运用者带有腐毒的摧破类功法无法被封禁、打断,此功法发挥$0$成威力后，运用者获得10层此效果：敌人以摧破类功法向运用者施加的腐毒由「奇毒」降低为「剧毒」、由「剧毒」降低为「生毒」，敌人以带有腐毒的摧破功法攻击运用者时，敌人会受到此功法的部分反噬伤害
404,血煞掌,4,血煞掌凶狠暴戾，毒性猛烈，需以自身鲜血催动毒质，正是：“见血而发，愈伤愈狂”。因各人血质不同，所发毒性亦有不同变化。,1,拳掌,Invalid,2,15,4,548,true,false,27,属性0=90; 属性3=70; 属性83=300; 属性59=240; 属性65=240,571,1297,3,5,4,false,"3, 4",2,300,0,0,-1,-1,0,"0, 0, 0, 0",0,"0, 0, 0, 0","0, 0, 0, 0","外:0, 内:0","外:0, 内:0","外:0, 内:0",0,0,0,0,0,0,0,0,"0, 0, 0, 0, 0, 0",21000,4,0,80,40,25,600,10,式6=3,0,0,273,-1,"80, 20, 1, 10, 10, 0, 0",100,"40, 30, 30, 0",false,false,"0, 0, 0, 0, 0, 0, 600, 2, 0, 0, 0, 0",50,-1,"202, 201",0,0,0,"0, 0, 0, 0",36,0,36,-1,-1,false,-1,-1,-1,0,0,0,"0, 0, 0, 0",0,0,0,0,0,list,"0, 0, 0, 35, 35, 0, 0","0, 0, 0, 0, 0, 0, 0",0,0,list2,"0, 0, 0, 0, 0",loopBonusSkillList,0,"20, 19, 17, 41, 42, 44, 45, 46",开始施展此功法时，敌人“伤坏”的部位越多，此功法的威力就提高越多；此功法发挥$0$成威力时，使敌人有外伤的胸背“胸背伤坏”；“胸背伤坏”者的提气无法超过60%，胸背受到的任何内伤重创提高，且受创者胸背的外伤达到4层即视为胸背残毁，头颈遭受外伤的同时会受到等额的重创伤害，直到受创者治愈了所有胸背的外伤，此创伤才会消失,开始施展此功法时，敌人“剧痛”的部位越多，此功法的威力就提高越多；此功法发挥$0$成威力时，使敌人有内伤的胸背“胸背剧痛”；“胸背剧痛”者的提气无法超过60%，胸背受到的任何内伤重创提高，且受创者胸背的内伤达到4层即视为胸背残毁，胸背遭受内伤的同时会受到等额的重创伤害，直到受创者治愈了所有胸背的内伤，此创伤才会消失
405,百鬼化骨掌,5,百鬼化骨掌势若柔丝，出无影，入无形，掌力一旦入体，便会蚕食人身筋骨，尽消人身阳元内气，其毒更甚附骨之疽，阴邪至极。,1,拳掌,Invalid,2,15,4,549,true,true,28,属性1=75; 属性4=50; 属性5=50; 属性83=350; 属性59=280; 属性65=280,572,1298,3,5,5,false,"3, 4",2,350,0,0,-1,-1,0,"0, 0, 0, 0",0,"0, 0, 0, 0","0, 0, 0, 0","外:0, 内:0","外:0, 内:0","外:0, 内:0",0,0,0,0,0,0,0,0,"0, 0, 0, 0, 0, 0",24000,4,0,80,70,25,560,10,式6=1; 式8=2,0,0,354,-1,"0, 40, 1, 30, 30, 10, 10",160,"30, 40, 30, 0",false,false,"0, 0, 0, 0, 0, 0, 0, 0, 800, 2, 0, 0",50,-1,,0,0,0,"0, 0, 0, 0",36,0,36,-1,-1,false,-1,-1,-1,0,0,0,"0, 0, 0, 0",0,0,0,0,0,list,"0, 0, 0, 45, 45, 0, 0","0, 0, 0, 45, 45, 0, 0",0,0,list2,"0, 0, 0, 0, 0",loopBonusSkillList,0,"20, 19, 41, 42, 43, 44, 46",此功法发挥$0$成威力后，如果运用者至少拥有2个「拿」式，运用者就会仅消耗2个「拿」式，从施展进度50%开始立即再次施展此功法攻击敌人，以此方式施展此功法时，此功法的威力小幅累积提高，持续直到运用者无法再连续施展出此功法，且此功法会由正练转变为逆练,开始施展此功法时，将运用者所有可用的式变化为「拿」式，变化的「拿」式越多，此功法的威力就提高越多；此功法施展结束后，会由逆练转变为正练
406,天魔残魂掌,6,天魔残魂掌之“残魂”，其指有三：“修炼之法无比残忍，需以活人试掌；出手招招残忍，所指皆为人身要害；中者剧痛奇痒，无不自残身体而亡”。,1,拳掌,Invalid,3,15,4,550,true,true,29,属性0=110; 属性3=80; 属性83=400; 属性59=320; 属性65=320,573,1299,4,5,6,false,"3, 4",3,400,0,0,-1,-1,0,"0, 0, 0, 0",0,"0, 0, 0, 0","0, 0, 0, 0","外:0, 内:0","外:0, 内:0","外:0, 内:0",0,0,0,0,0,0,0,0,"0, 0, 0, 0, 0, 0",27000,4,0,100,50,25,880,15,式6=2; 式8=2,0,0,345,-1,"30, 30, 10, 15, 15, 15, 15",160,"40, 20, 40, 0",false,false,"600, 3, 0, 0, 0, 0, 0, 0, 0, 0, 0, 0",50,-1,,0,0,0,"0, 0, 0, 0",36,0,36,-1,-1,false,-1,-1,-1,0,0,0,"0, 0, 0, 0",0,0,0,0,0,list,"0, 0, 0, 110, 110, 0, 0","0, 0, 0, 0, 0, 0, 0",0,0,list2,"0, 0, 0, 0, 0",loopBonusSkillList,0,"20, 19, 17, 42, 43, 44, 45, 46",此功法向敌人施加的烈毒将变化为更难驱除的旧时毒素；此功法发挥$0$成威力后，如果敌人烈毒攻心，使敌人烈毒发作,此功法向敌人施加的烈毒大幅提高，但有较低的几率令运用者同时被施加一部分烈毒；除非被毒害者天生烈毒不侵，否则此功法施加的烈毒无视被毒害者一半的烈毒抵抗
407,血犼魔掌,7,血犼魔掌奇毒绝恶，乃血犼教之毒掌绝诣。此掌一出，黑烟弥漫，腥风骤起，闻者立刻昏厥，中者全身膨胀数倍，胸腹爆裂而死。,1,拳掌,Invalid,3,15,4,551,true,true,30,属性0=140; 属性4=65; 属性83=450; 属性59=360; 属性65=360,574,1300,4,5,7,false,"0, 1, 2, 3, 4",3,450,0,0,-1,-1,0,"0, 0, 0, 0",0,"0, 0, 0, 0","0, 0, 0, 0","外:0, 内:0","外:0, 内:0","外:0, 内:0",0,0,0,0,0,0,0,0,"0, 0, 0, 0, 0, 0",33000,4,0,100,60,25,1040,20,式6=2; 式8=2,0,0,273,-1,"80, 20, 1, 10, 10, 0, 0",210,"40, 30, 30, 0",false,false,"0, 0, 0, 0, 0, 0, 800, 3, 0, 0, 0, 0",50,-1,,0,0,0,"0, 0, 0, 0",36,0,36,-1,-1,false,-1,-1,-1,0,0,0,"0, 0, 0, 0",0,0,0,0,0,list,"0, 0, 0, 70, 70, 0, 0","0, 0, 0, 70, 70, 0, 0",0,0,list2,"0, 0, 0, 0, 0",loopBonusSkillList,0,"20, 19, 41, 42, 44, 45, 46",以此功法攻击敌人时，敌人所中赤毒越深，此功法对敌人造成的直接伤害就提高越多；此功法发挥$0$成威力时，敌人所中赤毒越深，敌人就会受到越多额外的重创伤害，且根据此功法的威力对敌人随机身体部位再施加越多伤害,以此功法攻击敌人时，运用者所中赤毒越深，此功法对敌人造成的直接伤害就提高越多；此功法发挥$0$成威力时，运用者所中赤毒越深，敌人就会受到越多额外的重创伤害，且根据此功法的威力对敌人随机身体部位再施加越多伤害
408,少林伏虎爪,0,所谓：“拱项缩头，瞠目眺牙如伏虎”。少林伏虎爪即仿虎形，亦具虎神，招式严谨，地盘扎实，出手稳健，刚劲有力。,1,指法,Invalid,1,1,0,552,true,false,32,属性0=40; 属性2=30; 属性3=30; 属性84=100; 属性63=100,605,1331,1,2,0,false,"3, 4",1,100,0,0,-1,-1,0,"0, 0, 0, 0",0,"0, 0, 0, 0","0, 0, 0, 0","外:0, 内:0","外:0, 内:0","外:0, 内:0",0,0,0,0,0,0,0,0,"0, 0, 0, 0, 0, 0",21000,4,0,60,0,25,320,10,式6=1; 式8=1,0,0,273,-1,"40, 20, 1, 20, 20, 10, 10",60,"40, 40, 20, 0",false,false,"0, 0, 0, 0, 0, 0, 0, 0, 0, 0, 0, 0",50,-1,,0,0,0,"0, 0, 0, 0",36,0,36,-1,-1,false,-1,-1,-1,0,0,0,"0, 0, 0, 0",0,0,0,0,0,list,"0, 0, 0, 20, 20, 0, 0","0, 0, 0, 0, 0, 0, 0",0,0,list2,"0, 0, 0, 0, 0",loopBonusSkillList,0,"20, 19, 17, 41, 42, 43, 44, 45, 46",根据此功法发挥的成数，增加运用者所有「护体」功法的威力，持续直到战斗结束,根据此功法发挥的成数，降低敌人所有「护体」功法的威力，持续直到战斗结束
409,少林一指禅,1,少林一指禅尽是外壮之功，全无内炼之法，却能气随力生，由动入静，十分独特。其练法极其考究，要求无比严格，次序绝不可错。,1,指法,Invalid,1,1,0,553,true,false,33,属性2=65; 属性3=50; 属性84=150; 属性63=150,606,1332,1,2,1,false,"3, 4",1,150,0,0,-1,-1,0,"0, 0, 0, 0",0,"0, 0, 0, 0","0, 0, 0, 0","外:0, 内:0","外:0, 内:0","外:0, 内:0",0,0,0,0,0,0,0,0,"0, 0, 0, 0, 0, 0",18000,4,0,60,30,25,200,10,式7=2,0,0,354,-1,"40, 40, 1, 20, 20, 0, 0",100,"20, 40, 40, 0",true,false,"0, 0, 0, 0, 0, 0, 0, 0, 0, 0, 0, 0",50,-1,,0,0,0,"0, 0, 0, 0",36,0,36,-1,-1,false,-1,-1,-1,0,0,0,"0, 0, 0, 0",0,0,0,0,0,list,"0, 0, 0, 30, 30, 0, 0","0, 0, 0, 0, 0, 0, 0",0,0,list2,"0, 0, 0, 0, 0",loopBonusSkillList,0,"20, 19, 17, 41, 42, 43, 44, 45, 46",根据此功法发挥的成数，向运用者施加一个提高破体的增益状态,根据此功法发挥的成数，向敌人施加一个降低御体的损害状态
410,拈花指功,2,拈花指功出指柔和，从容不迫，意态安详，好似指拈“金色菠萝花”，指力无形无相，乃是由“佛祖拈花，迦叶微笑”之典故而生，极是深奥。,1,指法,Invalid,1,1,5,554,true,false,34,属性2=80; 属性5=50; 属性84=200; 属性63=200,607,1333,2,0,2,true,"3, 4",1,200,0,0,-1,-1,0,"0, 0, 0, 0",0,"0, 0, 0, 0","0, 0, 0, 0","外:0, 内:0","外:0, 内:0","外:0, 内:0",0,0,0,0,0,0,0,0,"0, 0, 0, 0, 0, 0",18000,4,0,60,100,25,200,15,式7=2,0,0,354,-1,"0, 30, 1, 30, 30, 15, 15",110,"10, 50, 40, 0",true,false,"0, 0, 0, 0, 0, 0, 0, 0, 0, 0, 0, 0",50,-1,,0,0,0,"0, 0, 0, 0",36,0,36,-1,-1,false,-1,-1,-1,0,0,0,"0, 0, 0, 0",0,0,0,0,0,list,"0, 0, 0, 0, 0, 0, 0","0, 0, 0, 40, 40, 0, 0",0,0,list2,"0, 0, 0, 0, 0",loopBonusSkillList,0,"20, 19, 16, 41, 42, 43, 44, 45, 46",只要此功法未被敌人拆招，此功法对敌人造成的直接外伤大幅提高且不会因状态效果降低,只要此功法未被敌人拆招，此功法对敌人造成的直接内伤大幅提高且不会因状态效果降低
411,大力金刚指,3,大力金刚指无需借势即能以手指发出千斤之力，可谓力大无穷，厚实刚强至极。以之摧敌筋骨，如断枯槁，破石碎玉，如穿败絮。,1,指法,Invalid,2,1,0,555,true,false,35,属性0=110; 属性2=35; 属性84=250; 属性63=250,608,1334,2,2,3,false,"3, 4",2,250,0,0,-1,-1,0,"0, 0, 0, 0",0,"0, 0, 0, 0","0, 0, 0, 0","外:0, 内:0","外:0, 内:0","外:0, 内:0",0,0,0,0,0,0,0,0,"0, 0, 0, 0, 0, 0",24000,4,0,80,0,25,640,10,式6=3,0,0,273,-1,"80, 0, 1, 20, 20, 0, 0",70,"60, 30, 10, 0",false,false,"0, 0, 0, 0, 0, 0, 0, 0, 0, 0, 0, 0",50,-1,,0,0,0,"0, 0, 0, 0",36,0,36,-1,-1,false,-1,-1,-1,0,0,0,"0, 0, 0, 0",0,0,0,0,0,list,"0, 0, 0, 50, 50, 0, 0","0, 0, 0, 0, 0, 0, 0",0,0,list2,"0, 0, 0, 0, 0",loopBonusSkillList,0,"20, 19, 17, 41, 42, 43, 44, 45, 46",以此功法攻击敌人时：运用者的破甲大幅提高；此功法发挥$0$成威力时，将敌人被攻击部位的最多3个破绽与3个封穴变化为外伤标记,以此功法攻击敌人时：运用者的破甲大幅提高；此功法发挥$0$成威力时，将敌人被攻击部位的最多3个破绽与3个封穴变化为内伤标记
412,捏转金刚圈,4,“五指虚捏，圈转成环，力无所生，亦无所终，坚固不破，无能截断”，乃称“少林捏转金刚圈”。一切邪魔外道，皆缚于此圈方寸当中，再难脱缚伤人。,1,指法,Invalid,2,1,0,556,true,false,36,属性0=70; 属性2=90; 属性84=300; 属性63=300,609,1335,3,2,4,false,"3, 4",2,300,0,0,-1,-1,0,"0, 0, 0, 0",0,"0, 0, 0, 0","0, 0, 0, 0","外:0, 内:0","外:0, 内:0","外:0, 内:0",0,0,0,0,0,0,0,0,"0, 0, 0, 0, 0, 0",24000,4,0,80,30,25,560,10,式6=2; 式8=1,0,0,345,-1,"20, 20, 1, 40, 40, 0, 0",120,"20, 40, 40, 0",true,false,"0, 0, 0, 0, 0, 0, 0, 0, 0, 0, 0, 0",50,-1,,0,0,0,"0, 0, 0, 0",36,0,36,-1,-1,false,-1,-1,-1,0,0,0,"0, 0, 0, 0",0,0,0,0,0,list,"0, 0, 0, 70, 70, 0, 0","0, 0, 0, 0, 0, 0, 0",0,0,list2,"0, 0, 0, 0, 0",loopBonusSkillList,0,"20, 19, 17, 41, 42, 43, 44, 45, 46",此功法发挥$0$成威力后，运用者获得6层此效果：运用者受到的直接外伤降低30%，运用者能够反震敌人对运用者造成的直接外伤；此效果层数耗尽时，运用者从施展进度50%开始立即无消耗施展此功法攻击敌人，以此效果施展的此功法不会获得摧破效果层数,此功法发挥$0$成威力后，运用者获得6层此效果：运用者受到的直接内伤降低30%，运用者能够反震敌人对运用者造成的直接内伤；此效果层数耗尽时，运用者从施展进度50%开始立即无消耗施展此功法攻击敌人，以此效果施展的此功法不会获得摧破效果层数
413,少林龙爪手,5,少林龙爪手招式古朴精深，迅猛绝伦，指力坚逾钢铁，无固不破，抓树可留痕，搓石可成粉，威力奇大，乃少林指爪之最高绝诣。,1,指法,Invalid,2,1,0,557,true,false,37,属性0=80; 属性2=60; 属性3=35; 属性84=350; 属性63=350,610,1336,3,2,5,false,"3, 4",2,350,0,0,-1,-1,0,"0, 0, 0, 0",0,"0, 0, 0, 0","0, 0, 0, 0","外:0, 内:0","外:0, 内:0","外:0, 内:0",0,0,0,0,0,0,0,0,"0, 0, 0, 0, 0, 0",18000,4,0,80,0,25,720,15,式6=1; 式8=2,0,0,273,-1,"60, 0, 1, 20, 20, 10, 10",100,"60, 20, 20, 0",false,true,"0, 0, 0, 0, 0, 0, 0, 0, 0, 0, 0, 0",50,-1,,0,0,0,"0, 0, 0, 0",36,0,36,-1,-1,false,-1,-1,-1,0,0,0,"0, 0, 0, 0",0,0,0,0,0,list,"0, 0, 0, 90, 90, 0, 0","0, 0, 0, 0, 0, 0, 0",0,0,list2,"0, 0, 0, 0, 0",loopBonusSkillList,0,"20, 19, 17, 41, 42, 43, 44, 45, 46",以此功法攻击敌人时：运用者的破甲大幅增加；运用者的破甲高出敌人的坚韧越多，运用者的破体就提高越多，最多不超过40%,以此功法攻击敌人时：运用者的破甲大幅增加；运用者的破甲高出敌人的坚韧越多，运用者的破气就提高越多，最多不超过40%
414,峨眉鹰爪功,0,峨眉鹰爪功讲究“臂如翼展，指如钢钩”，出手迅捷，招式狠辣，犹如雄鹰扑食时的姿态，力由双臂而发，指爪顺势伤敌。,1,指法,Invalid,1,2,1,558,true,false,31,属性1=50; 属性2=25; 属性5=25; 属性84=100; 属性62=80; 属性63=80,627,1353,1,8,0,false,"3, 4",1,100,0,0,-1,-1,0,"0, 0, 0, 0",0,"0, 0, 0, 0","0, 0, 0, 0","外:0, 内:0","外:0, 内:0","外:0, 内:0",0,0,0,0,0,0,0,0,"0, 0, 0, 0, 0, 0",15000,4,0,60,30,25,280,10,式7=1; 式8=1,0,0,327,-1,"20, 20, 10, 30, 30, 10, 10",40,"20, 30, 50, 0",false,false,"0, 0, 0, 0, 0, 0, 0, 0, 0, 0, 0, 0",50,-1,,0,0,0,"0, 0, 0, 0",36,0,36,-1,-1,false,-1,-1,-1,0,0,0,"0, 0, 0, 0",0,0,0,0,0,list,"0, 0, 0, 10, 10, 0, 0","0, 0, 0, 10, 10, 0, 0",0,0,list2,"0, 0, 0, 0, 0",loopBonusSkillList,0,"20, 19, 41, 42, 43, 44, 45, 46",根据此功法发挥的成数，增加运用者所有「轻灵」功法的威力，持续直到战斗结束,根据此功法发挥的成数，降低敌人所有「轻灵」功法的威力，持续直到战斗结束
415,峨眉一指禅,1,峨眉一指禅由内而外，乃是运转内气由指尖外放的内门功法，指力有质而无形，细密而尖锐，触之有如电击，可隔物而发。,1,指法,Invalid,1,2,1,559,true,false,32,属性2=30; 属性4=40; 属性5=45; 属性84=150; 属性62=120; 属性63=120,628,1354,1,0,1,true,"3, 4",1,150,0,0,-1,-1,0,"0, 0, 0, 0",0,"0, 0, 0, 0","0, 0, 0, 0","外:0, 内:0","外:0, 内:0","外:0, 内:0",0,0,0,0,0,0,0,0,"0, 0, 0, 0, 0, 0",18000,4,0,60,70,25,240,10,式7=2,0,0,363,-1,"25, 25, 1, 25, 25, 10, 10",80,"20, 40, 40, 0",true,false,"0, 0, 0, 0, 0, 0, 0, 0, 0, 0, 0, 0",50,-1,,0,0,0,"0, 0, 0, 0",36,0,36,-1,-1,false,-1,-1,-1,0,0,0,"0, 0, 0, 0",0,0,0,0,0,list,"0, 0, 0, 15, 15, 0, 0","0, 0, 0, 15, 15, 0, 0",0,0,list2,"0, 0, 0, 0, 0",loopBonusSkillList,0,"20, 19, 41, 42, 43, 44, 45, 46",根据此功法发挥的成数，向运用者施加一个提高破气的增益状态,根据此功法发挥的成数，向敌人施加一个降低御气的损害状态
416,跛打八十式,2,跛打八十式攻防一体。守势诀曰：“以上临下，居安思危，相佐相互，上下融洽”；攻势诀曰：“洪水横流，祸乱丛聚，齐发齐收，无往不利”。,1,指法,Invalid,1,2,1,560,true,false,33,属性1=60; 属性2=35; 属性5=35; 属性84=200; 属性62=160; 属性63=160,629,1355,2,7,2,false,"3, 4, 5, 6",1,200,0,0,-1,-1,0,"0, 0, 0, 0",0,"0, 0, 0, 0","0, 0, 0, 0","外:0, 内:0","外:0, 内:0","外:0, 内:0",0,0,0,0,0,0,0,0,"0, 0, 0, 0, 0, 0",21000,4,0,60,30,25,280,10,式8=2,0,0,327,-1,"0, 0, 1, 20, 20, 40, 40",100,"20, 40, 40, 0",false,false,"0, 0, 0, 0, 0, 0, 0, 0, 0, 0, 0, 0",50,-1,,0,0,0,"0, 0, 0, 0",36,0,36,-1,-1,false,-1,-1,-1,0,0,0,"0, 0, 0, 0",0,0,0,0,0,list,"0, 0, 0, 20, 20, 0, 0","0, 0, 0, 20, 20, 0, 0",0,0,list2,"0, 0, 0, 0, 0",loopBonusSkillList,0,"20, 19, 41, 42, 43, 44, 45, 46",此功法发挥$0$成威力时，运用者每拥有3个「拿」式，运用者就使敌人被攻击的部位出现1个破绽,此功法发挥$0$成威力时，运用者的兵器每有1个「拿」式，运用者就有较高的几率获得1次变招机会
417,分花拂柳式,3,所谓：“手如三春杨柳，步如风摆荷叶”。分花拂柳式姿态柔美，飘忽无定，招招手采边门，式式绵里藏针，绝不正面迎敌。,1,指法,Invalid,2,2,1,561,true,false,34,属性1=65; 属性2=40; 属性5=40; 属性84=250; 属性62=200; 属性63=200,630,1356,2,8,3,true,"3, 4",2,250,0,0,-1,-1,0,"0, 0, 0, 0",0,"0, 0, 0, 0","0, 0, 0, 0","外:0, 内:0","外:0, 内:0","外:0, 内:0",0,0,0,0,0,0,0,0,"0, 0, 0, 0, 0, 0",18000,4,0,80,40,25,320,15,式7=1; 式8=2,0,0,327,-1,"0, 0, 1, 40, 40, 20, 20",110,"10, 40, 50, 0",true,false,"0, 0, 0, 0, 0, 0, 0, 0, 0, 0, 0, 0",50,-1,,0,0,0,"0, 0, 0, 0",36,0,36,-1,-1,false,-1,-1,-1,0,0,0,"0, 0, 0, 0",0,0,0,0,0,list,"0, 0, 0, 25, 25, 0, 0","0, 0, 0, 25, 25, 0, 0",0,0,list2,"0, 0, 0, 0, 0",loopBonusSkillList,0,"20, 19, 41, 42, 43, 44, 45, 46",以此功法攻击敌人时，无视敌人被攻击部位的护具；此功法发挥$0$成威力后，运用者获得4层此效果：运用者攻击敌人时的力道、精妙、迅疾如果低于运用者的卸力、拆招、闪避，以运用者对应的化解的1.5倍替代命中,以此功法攻击敌人时，无视敌人被攻击部位的护具；此功法发挥$0$成威力后，运用者获得4层此效果：敌人攻击运用者时的力道、精妙、迅疾如果高于敌人的卸力、拆招、闪避，以敌人对应的化解的1.5倍替代命中
418,光相指,4,光相指可隔空而发，所指距离越远，指力笼罩范围越大。出指之际，指上宝光大盛，光有七色，灿然炫目，故名“光相”。,1,指法,Invalid,2,2,1,562,true,false,35,属性2=45; 属性4=70; 属性5=45; 属性84=300; 属性62=240; 属性63=240,631,1357,3,0,4,true,"3, 4",2,300,0,0,-1,-1,0,"0, 0, 0, 0",0,"0, 0, 0, 0","0, 0, 0, 0","外:0, 内:0","外:0, 内:0","外:0, 内:0",0,0,0,0,0,0,0,0,"0, 0, 0, 0, 0, 0",24000,4,0,80,70,25,600,15,式7=3,0,0,363,-1,"40, 40, 1, 10, 10, 10, 10",110,"20, 40, 40, 0",true,false,"0, 0, 0, 0, 0, 0, 0, 0, 0, 0, 0, 0",50,-1,,0,0,0,"0, 0, 0, 0",36,0,36,-1,-1,false,-1,-1,-1,0,0,0,"0, 0, 0, 0",0,0,0,0,0,list,"0, 0, 0, 35, 35, 0, 0","0, 0, 0, 35, 35, 0, 0",0,0,list2,"0, 0, 0, 0, 0",loopBonusSkillList,0,"20, 19, 41, 42, 43, 44, 45, 46",此功法的攻击范围始终为最大；此功法发挥$0$成威力时，运用者将敌人击退4距离，如果敌人被击退后与运用者的距离不大于8，运用者对敌人再造成一次同样的伤害,此功法的攻击范围始终为最大；此功法发挥$0$成威力时，运用者将敌人拉近4距离，如果敌人被拉近后与运用者的距离不小于4，运用者对敌人再造成一次同样的伤害
419,通身千手法,5,通身千手法有千招千式亦无一招一式，一切心随神主，动静从心。所谓：“百折连腰尽无骨，一撒通身皆是手”，堪称峨眉功法之至奇也。,1,指法,Invalid,2,2,1,563,true,false,36,属性1=75; 属性2=50; 属性5=50; 属性84=350; 属性62=280; 属性63=280,632,1358,3,8,5,false,"3, 4",2,350,0,0,-1,-1,0,"0, 0, 0, 0",0,"0, 0, 0, 0","0, 0, 0, 0","外:0, 内:0","外:0, 内:0","外:0, 内:0",0,0,0,0,0,0,0,0,"0, 0, 0, 0, 0, 0",18000,4,0,80,50,25,360,10,式7=2; 式8=1,0,0,327,-1,"20, 20, 1, 20, 20, 20, 20",180,"10, 40, 50, 0",true,false,"0, 0, 0, 0, 0, 0, 0, 0, 0, 0, 0, 0",50,-1,,0,0,0,"0, 0, 0, 0",36,0,36,-1,-1,false,-1,-1,-1,0,0,0,"0, 0, 0, 0",0,0,0,0,0,list,"0, 0, 0, 45, 45, 0, 0","0, 0, 0, 45, 45, 0, 0",0,0,list2,"0, 0, 0, 0, 0",loopBonusSkillList,0,"20, 19, 41, 42, 43, 44, 45, 46",此功法无法被「封禁」、「打断」；此功法发挥$0$成威力时，运用者获得3层此效果：每当运用者化解敌人的兵器攻击，运用者的下一次兵器攻击无需准备,此功法无法被「封禁」、「打断」；此功法发挥$0$成威力时，运用者获得3层此效果：每当敌人化解运用者的兵器攻击，运用者的下一次兵器攻击无需准备
420,大光明山一元指,6,“谓一元者，大始也”。大光明山一元指浑厚奥妙，质如天地正本之气，无色无相，出指轰然有声，气贯长虹，乃一切正气之源。,1,指法,Invalid,3,2,5,564,true,true,37,属性2=55; 属性4=80; 属性5=55; 属性84=400; 属性62=320; 属性63=320,633,1359,4,0,6,true,"0, 1, 3, 4",3,400,0,0,-1,-1,0,"0, 0, 0, 0",0,"0, 0, 0, 0","0, 0, 0, 0","外:0, 内:0","外:0, 内:0","外:0, 内:0",0,0,0,0,0,0,0,0,"0, 0, 0, 0, 0, 0",24000,4,0,100,100,25,800,20,式7=4,0,0,363,-1,"60, 60, 1, 0, 0, 0, 0",160,"20, 40, 40, 0",false,false,"0, 0, 0, 0, 0, 0, 0, 0, 0, 0, 0, 0",50,-1,,0,0,0,"0, 0, 0, 0",36,0,36,-1,-1,false,-1,-1,-1,0,0,0,"0, 0, 0, 0",0,0,0,0,0,,"0, 0, 0, 0, 0, 0, 0","0, 0, 0, 110, 110, 0, 0",0,0,,"0, 0, 0, 0, 0",,0,"20, 19, 16, 41, 42, 43, 44, 45, 46",开始施展此功法时，运用者的名誉越高，此功法的威力就提高越多；如果运用者的名誉不低于敌人，此功法必然发挥十成威力,开始施展此功法时，运用者的名誉越低，此功法的威力就提高越多；如果运用者的名誉不高于敌人，此功法必然发挥十成威力
421,天罡指穴法,7,天罡指穴法专点人身“十二正经”之要穴，一指点出共生七道奇正相生的罡力，精妙无已，举世无双，乃峨眉派之独门点穴秘传。,1,指法,Invalid,3,2,1,565,true,true,38,属性2=60; 属性4=85; 属性5=60; 属性84=450; 属性62=360; 属性63=360,634,1360,4,0,7,true,"3, 4",3,450,0,0,-1,-1,0,"0, 0, 0, 0",0,"0, 0, 0, 0","0, 0, 0, 0","外:0, 内:0","外:0, 内:0","外:0, 内:0",0,0,0,0,0,0,0,0,"0, 0, 0, 0, 0, 0",18000,4,0,100,70,25,600,10,式7=4,0,0,363,-1,"30, 30, 10, 20, 20, 10, 10",270,"0, 60, 40, 0",true,true,"0, 0, 0, 0, 0, 0, 0, 0, 0, 0, 0, 0",50,-1,,0,0,0,"0, 0, 0, 0",36,0,36,-1,-1,false,-1,-1,-1,0,0,0,"0, 0, 0, 0",0,0,0,0,0,list,"0, 0, 0, 70, 70, 0, 0","0, 0, 0, 70, 70, 0, 0",0,0,list2,"0, 0, 0, 0, 0",,0,"20, 19, 41, 42, 43, 44, 45, 46",此功法对敌人造成的封穴的级别不会因状态效果降低；此功法发挥$0$成威力后，运用者获得7层此效果：每当敌人解开级别小于4的封穴时，该封穴会重新出现，且该封穴级别提高1级，且不会引发造成封穴带来的任何效果,此功法对敌人造成的破绽的级别不会因状态效果降低；此功法发挥$0$成威力后，运用者获得7层此效果：每当敌人消除级别小于4的破绽时，该破绽会重新出现，且该破绽的级别提高1级，且不会引发造成破绽带来的任何效果
422,天一神手,8,天一神手乃峨眉先祖遗技，与峨眉派诸多迅奇灵逸的绝技大不相同，不仅招式变化奇少，指力更是有进无退，出则化显青龙玄象，玄象所指，生灵死，妖魔灭，威力奇大，天一神手大成者，更可捉日月星辰之光为己用，有神幻之威。,1,指法,Invalid,3,2,1,566,true,true,39,属性2=65; 属性4=90; 属性5=65; 属性84=500; 属性62=400; 属性63=400,1744,1745,5,8,8,true,"3, 4",3,500,0,0,-1,-1,0,"0, 0, 0, 0",0,"0, 0, 0, 0","0, 0, 0, 0","外:0, 内:0","外:0, 内:0","外:0, 内:0",0,0,0,0,0,0,0,0,"0, 0, 0, 0, 0, 0",28000,4,0,100,70,25,880,20,式7=2; 式8=2,0,0,327,-1,"40, 40, 10, 10, 10, 10, 10",240,"0, 40, 60, 0",false,false,"0, 0, 0, 0, 0, 0, 0, 0, 0, 0, 0, 0",50,-1,,0,0,0,"0, 0, 0, 0",36,0,36,-1,-1,false,-1,-1,-1,0,0,0,"0, 0, 0, 0",0,0,0,0,0,list,"0, 0, 0, 90, 90, 0, 0","0, 0, 0, 90, 90, 0, 0",0,0,list2,"0, 0, 0, 0, 0",loopBonusSkillList,0,"20, 19, 41, 42, 43, 44, 45, 46",运用者可在施展此功法的过程中，多次点击消耗任意蓄式，反复累积提高此功法造成的直接伤害；以此功法攻击敌人时，如果敌人在运用者的攻击范围之内，运用者每点击消耗1个蓄式，就使敌人的随机部位先出现1个等级逐渐降低的破绽；运用者点击消耗的蓄式如果超过2个，此功法无法被化解、如果超过4个，此功法必然命中敌人的要害,运用者可在施展此功法的过程中，多次点击消耗任意蓄式，反复累积提高此功法造成的直接伤害；以此功法攻击敌人时，如果敌人在运用者的攻击范围之内，运用者每点击消耗1个蓄式，就使敌人的随机部位先出现1个等级逐渐降低的封穴；运用者点击消耗的蓄式如果超过2个，此功法无法被化解、如果超过4个，此功法必然命中敌人的要害
423,指针功,0,指针功轻巧灵活，指力细密尖锐，有如指间夹针，触之有刺痛感，乃是专门袭击敌身各大穴道及眼耳等脆弱部位的手法。,1,指法,Invalid,1,3,5,567,true,false,22,属性1=75; 属性2=25; 属性84=100; 属性58=100,650,1376,1,8,0,false,"3, 4",1,100,0,0,-1,-1,0,"0, 0, 0, 0",0,"0, 0, 0, 0","0, 0, 0, 0","外:0, 内:0","外:0, 内:0","外:0, 内:0",0,0,0,0,0,0,0,0,"0, 0, 0, 0, 0, 0",15000,4,0,60,50,20,160,10,式7=2,0,0,363,-1,"15, 15, 10, 30, 30, 15, 15",60,"10, 40, 50, 0",true,false,"0, 0, 0, 0, 0, 0, 0, 0, 0, 0, 0, 0",50,-1,,0,0,0,"0, 0, 0, 0",36,0,36,-1,-1,false,-1,-1,-1,0,0,0,"0, 0, 0, 0",0,0,0,0,0,list,"0, 0, 0, 10, 10, 0, 0","0, 0, 0, 10, 10, 0, 0",0,0,list2,"0, 0, 0, 0, 0",loopBonusSkillList,0,"20, 19, 41, 42, 43, 44, 45, 46",此功法发挥$0$成威力后，运用者获得10层此效果：此效果剩余的层数越少，运用者攻击敌人时，运用者的精妙就提高越多,此功法至少发挥$0$成威力后，运用者获得10层此效果：此效果剩余的层数越少，敌人攻击运用者时，敌人的精妙就降低越多
424,长春指,1,长春指乃是引百草精华蓄于指内而成，共有正逆两种用法：正，可为人减轻痛楚，化衰提神；逆，可令人神困体乏，剧痛难当。,1,指法,Invalid,1,3,2,568,true,false,23,属性1=50; 属性2=30; 属性4=35; 属性84=150; 属性58=150,651,1377,1,5,1,true,"3, 4",1,150,0,0,-1,-1,0,"0, 0, 0, 0",0,"0, 0, 0, 0","0, 0, 0, 0","外:0, 内:0","外:0, 内:0","外:0, 内:0",0,0,0,0,0,0,0,0,"0, 0, 0, 0, 0, 0",18000,4,0,60,70,20,200,10,式7=1; 式8=1,0,0,372,-1,"20, 40, 1, 20, 20, 10, 10",90,"20, 50, 30, 0",true,false,"0, 0, 450, 1, 0, 0, 0, 0, 0, 0, 0, 0",50,-1,,0,0,0,"0, 0, 0, 0",36,0,36,-1,-1,false,-1,-1,-1,0,0,0,"0, 0, 0, 0",0,0,0,0,0,list,"0, 0, 0, 0, 0, 0, 0","0, 0, 0, 30, 30, 0, 0",0,0,list2,"0, 0, 0, 0, 0",loopBonusSkillList,0,"20, 19, 16, 41, 43, 44, 45, 46",此功法发挥$0$成威力后，运用者获得10层此效果：运用者以摧破类功法向敌人施加的郁毒由「生毒」提升为「剧毒」、由「剧毒」提升为「奇毒」，且敌人的郁毒抵抗根据此效果的剩余层数降低,此功法发挥$0$成威力后，运用者获得10层此效果：敌人以摧破类功法向运用者施加的郁毒由「奇毒」降低为「剧毒」、由「剧毒」降低为「生毒」，且运用者的郁毒抵抗根据此效果的剩余层数提高
425,一指一品红,2,一指一品红出手如电，指力如锥，直取敌人眼目、咽喉、心口、两肋之要害，中者剧毒攻心，血流如柱，正是：“戳指成血洞，遍开一品红”。,1,指法,Invalid,1,3,2,569,true,false,24,属性1=55; 属性2=35; 属性5=40; 属性84=200; 属性58=200,652,1378,2,5,2,true,"3, 4",1,200,0,0,-1,-1,0,"0, 0, 0, 0",0,"0, 0, 0, 0","0, 0, 0, 0","外:0, 内:0","外:0, 内:0","外:0, 内:0",0,0,0,0,0,0,0,0,"0, 0, 0, 0, 0, 0",15000,4,0,60,40,20,320,10,式7=2,0,0,363,-1,"80, 20, 10, 10, 10, 0, 0",70,"10, 50, 40, 0",false,false,"600, 1, 0, 0, 0, 0, 0, 0, 0, 0, 0, 0",50,-1,,0,0,0,"0, 0, 0, 0",36,0,36,-1,-1,false,-1,-1,-1,0,0,0,"0, 0, 0, 0",0,0,0,0,0,list,"0, 0, 0, 20, 20, 0, 0","0, 0, 0, 20, 20, 0, 0",0,0,list2,"0, 0, 0, 0, 0",loopBonusSkillList,0,"20, 19, 42, 43, 44, 45, 46",此功法发挥$0$成威力时，运用者每拥有3个「点」式，运用者就使敌人被攻击的部位出现1个破绽,此功法发挥$0$成威力时，运用者的兵器每有2个「点」式，敌人身上的1个随机破绽就额外提高1级
426,青花虞美人,3,“虞美人剧毒，尤以青花者为甚，夺心智，生忧愁，悲痛莫名”。青花虞美人招式华丽，变幻莫测，中者悲从中来，痛不欲生。,1,指法,Invalid,2,3,2,570,true,false,25,属性1=60; 属性2=40; 属性5=45; 属性84=250; 属性58=250,653,1379,2,5,3,true,"0, 1, 2, 3, 4, 5, 6",2,250,0,0,-1,-1,0,"0, 0, 0, 0",0,"0, 0, 0, 0","0, 0, 0, 0","外:0, 内:0","外:0, 内:0","外:0, 内:0",0,0,0,0,0,0,0,0,"0, 0, 0, 0, 0, 0",21000,4,0,80,50,20,360,15,式7=2; 式8=1,0,0,363,-1,"0, 20, 1, 30, 30, 20, 20",120,"20, 40, 40, 0",true,false,"0, 0, 0, 0, 0, 0, 0, 0, 0, 0, 450, 2",50,-1,,0,0,0,"0, 0, 0, 0",36,0,36,-1,-1,false,-1,-1,-1,0,0,0,"0, 0, 0, 0",0,0,0,0,0,list,"0, 0, 0, 0, 0, 0, 0","0, 0, 0, 50, 50, 0, 0",0,0,list2,"0, 0, 0, 0, 0",loopBonusSkillList,0,"20, 19, 16, 41, 42, 43, 44, 45",此功法发挥$0$成威力后，运用者获得10层此效果：运用者以摧破类功法向敌人施加的幻毒由「生毒」提升为「剧毒」、由「剧毒」提升为「奇毒」，且运用者带有幻毒的摧破类功法无法被封禁、打断,此功法发挥$0$成威力后，运用者获得10层此效果：敌人以摧破类功法向运用者施加的幻毒由「奇毒」降低为「剧毒」、由「剧毒」降低为「生毒」，敌人以带有幻毒的摧破功法攻击运用者时，敌人会受到此功法的部分反噬伤害
427,漫天花雨式,4,漫天花雨式自上而下，凌空而发，每出一指均含七七四十九种方位变化，好似前后左右并四面八方齐至，令人左支右吾，应接不暇。,1,指法,Invalid,2,3,2,571,true,false,26,属性1=80; 属性2=45; 属性5=35; 属性84=300; 属性58=300,654,1380,3,8,4,true,"3, 4",2,300,0,0,-1,-1,0,"0, 0, 0, 0",0,"0, 0, 0, 0","0, 0, 0, 0","外:0, 内:0","外:0, 内:0","外:0, 内:0",0,0,0,0,0,0,0,0,"0, 0, 0, 0, 0, 0",18000,4,0,80,50,20,240,20,式7=3,0,0,363,-1,"20, 20, 1, 20, 20, 20, 20",180,"10, 50, 40, 0",true,false,"0, 0, 0, 0, 0, 0, 0, 0, 0, 0, 0, 0",50,-1,,0,0,0,"0, 0, 0, 0",36,0,36,-1,-1,false,-1,-1,-1,0,0,0,"0, 0, 0, 0",0,0,0,0,0,list,"0, 0, 0, 35, 35, 0, 0","0, 0, 0, 35, 35, 0, 0",0,0,list2,"0, 0, 0, 0, 0",loopBonusSkillList,0,"20, 19, 41, 42, 43, 44, 45, 46",此功法每发挥$0$成威力，运用者就有较低的几率对敌人额外造成1个封穴,此功法每发挥$0$成威力，运用者就有较低的几率对敌人额外造成1个破绽
428,大花曼陀罗指,5,大花曼陀罗指以曼陀罗花之奇毒炼就，运指生香，浓郁扑鼻，闻之心神荡漾，邪魅自生，中者全身麻痹，神魂颠倒，虽生犹死也。,1,指法,Invalid,2,3,2,572,true,false,27,属性1=75; 属性2=50; 属性4=50; 属性84=350; 属性58=350,655,1381,3,5,5,true,"0, 1, 2, 3, 4, 5, 6",2,350,0,0,-1,-1,0,"0, 0, 0, 0",0,"0, 0, 0, 0","0, 0, 0, 0","外:0, 内:0","外:0, 内:0","外:0, 内:0",0,0,0,0,0,0,0,0,"0, 0, 0, 0, 0, 0",24000,4,0,80,60,20,520,15,式7=1; 式8=2,0,0,372,-1,"40, 80, 1, 0, 0, 0, 0",170,"20, 50, 30, 0",false,false,"0, 0, 0, 0, 0, 0, 0, 0, 0, 0, 800, 2",50,-1,,0,0,0,"0, 0, 0, 0",36,0,36,-1,-1,false,-1,-1,-1,0,0,0,"0, 0, 0, 0",0,0,0,0,0,list,"0, 0, 0, 0, 0, 0, 0","0, 0, 0, 90, 90, 0, 0",0,0,list2,"0, 0, 0, 0, 0",loopBonusSkillList,0,"20, 19, 16, 41, 42, 43, 44, 45",开始施展此功法时，敌人所中幻毒越深，此功法的威力就提高越多；根据此功法发挥的成数，向敌人施加一个降低幻毒抵抗的损害状态,开始施展此功法时，运用者所中幻毒越深，此功法的威力就提高越多；根据此功法发挥的成数，向运用者施加一个提高幻毒抵抗的增益状态
429,万花灵月指,6,万花灵月指美妙绝伦，灵动阴柔至极，指出如异花绽放，动人心魄，指力似是而非，若有若无，恰似镜花水月，绝难捉摸。,1,指法,Invalid,3,3,2,573,true,false,28,属性1=90; 属性2=55; 属性5=45; 属性84=400; 属性58=400,656,1382,4,0,6,true,"3, 4",3,400,0,0,-1,-1,0,"0, 0, 0, 0",0,"0, 0, 0, 0","0, 0, 0, 0","外:0, 内:0","外:0, 内:0","外:0, 内:0",0,0,0,0,0,0,0,0,"0, 0, 0, 0, 0, 0",15000,4,0,100,70,20,400,10,式7=4,0,0,363,-1,"0, 80, 1, 10, 10, 10, 10",220,"10, 50, 40, 0",true,false,"0, 0, 0, 0, 600, 3, 0, 0, 0, 0, 0, 0",50,-1,,0,0,0,"0, 0, 0, 0",36,0,36,-1,-1,false,-1,-1,-1,0,0,0,"0, 0, 0, 0",0,0,0,0,0,list,"0, 0, 0, 0, 0, 0, 0","0, 0, 0, 110, 110, 0, 0",0,0,list2,"0, 0, 0, 0, 0",loopBonusSkillList,0,"20, 19, 16, 41, 42, 43, 45, 46",以此功法开始攻击敌人时，如果敌人的内力属性为「纯阳」、「金刚」，消除敌人运起的「护体」、「轻灵」功法，并将敌人3个「摧破」功法的持续效果消减为0层,此功法发挥$0$成威力时，如果敌人的内力属性为「纯阳」、「金刚」，运用者对敌人造成的直接伤害提高90%
430,百花杀,7,“待到秋来九月八，我花开后百花杀”。百花杀剧毒无比，凌厉无俦，攻势快密如狂，指到身残，无所不杀，乃百花谷绝无仅有的霸道杀手。,1,指法,Invalid,3,3,2,574,true,true,29,属性1=70; 属性2=60; 属性5=75; 属性84=450; 属性58=450,657,1383,4,5,7,true,"0, 1, 2, 3, 4, 5, 6",3,450,0,0,-1,-1,0,"0, 0, 0, 0",0,"0, 0, 0, 0","0, 0, 0, 0","外:0, 内:0","外:0, 内:0","外:0, 内:0",0,0,0,0,0,0,0,0,"0, 0, 0, 0, 0, 0",18000,4,0,100,70,20,840,10,式7=3; 式8=1,0,0,363,-1,"20, 20, 10, 20, 20, 20, 20",200,"20, 30, 50, 0",false,false,"800, 3, 0, 0, 0, 0, 0, 0, 0, 0, 0, 0",50,-1,,0,0,0,"0, 0, 0, 0",36,0,36,-1,-1,false,-1,-1,-1,0,0,0,"0, 0, 0, 0",0,0,0,0,0,list,"0, 0, 0, 0, 0, 0, 0","0, 0, 0, 140, 140, 0, 0",0,0,list2,"0, 0, 0, 0, 0",loopBonusSkillList,0,"20, 19, 16, 42, 43, 44, 45, 46",此功法发挥$0$成威力时，向敌人所有被封闭了穴道的部位添加1个更难恢复的旧时伤势,此功法发挥$0$成威力时，向敌人所有出现了破绽的部位添加1个更难恢复的旧时伤势
431,血朱花八法,8,血朱花八法又分“八生八死”共十六式，乃上古遗技，因过于精微神奇，即令天资最聪颖者亦只能领悟其中一法，能参透二法以上之人可谓千古未有。,1,指法,Invalid,3,3,2,575,true,true,30,属性2=65; 属性4=75; 属性5=80; 属性84=500; 属性58=500,658,1384,5,8,8,true,"3, 4",3,500,0,0,-1,-1,0,"0, 0, 0, 0",0,"0, 0, 0, 0","0, 0, 0, 0","外:0, 内:0","外:0, 内:0","外:0, 内:0",0,0,0,0,0,0,0,0,"0, 0, 0, 0, 0, 0",24000,4,0,100,100,20,880,10,式7=1; 式8=3,0,0,372,-1,"0, 60, 1, 15, 15, 15, 15",220,"0, 70, 30, 0",true,false,"0, 0, 0, 0, 0, 0, 0, 0, 0, 0, 0, 0",50,-1,,0,0,0,"0, 0, 0, 0",36,0,36,-1,-1,false,-1,-1,-1,0,0,0,"0, 0, 0, 0",0,0,0,0,0,list,"0, 0, 0, 0, 0, 0, 0","0, 0, 0, 180, 180, 0, 0",0,0,list2,"0, 0, 0, 0, 0",loopBonusSkillList,0,"20, 19, 16, 41, 42, 43, 44, 45, 46",此功法不会因为任何原因变化为逆练；此功法发挥$0$成威力时：运用者将敌人的一部分健康损耗并变化为运用者的健康上限，最多可累积80年的寿元，持续直到此功法被重修或运用者逝世；敌人以直接伤害对运用者造成的每个重创标记，运用者都会消耗因此累积的4年寿元使其减少1个,此功法不会因为任何原因变化为正练；此功法发挥$0$成威力时：运用者将敌人的一部分健康损耗并变化为运用者的健康上限，最多可累积80年的寿元，持续直到此功法被重修或运用者逝世；运用者以直接伤害对敌人造成的每个重创标记，运用者都会消耗因此累积的4年寿元使其增加1个
432,三清指,0,“道生一，一生二，二生三，三生万物”。三清指以“三清、三境、三宝”每三式为一组，法度严谨而不失清和自然。,1,指法,Invalid,1,7,5,576,true,false,24,属性2=30; 属性5=70; 属性84=100; 属性54=80; 属性65=80,373,1099,1,0,0,true,"3, 4",1,100,0,0,-1,-1,0,"0, 0, 0, 0",0,"0, 0, 0, 0","0, 0, 0, 0","外:0, 内:0","外:0, 内:0","外:0, 内:0",0,0,0,0,0,0,0,0,"0, 0, 0, 0, 0, 0",18000,4,0,60,70,15,200,10,式7=2,0,0,309,-1,"20, 20, 1, 30, 30, 10, 10",70,"20, 40, 40, 0",true,false,"0, 0, 0, 0, 0, 0, 0, 0, 0, 0, 0, 0",50,-1,,0,0,0,"0, 0, 0, 0",36,0,36,-1,-1,false,-1,-1,-1,0,0,0,"0, 0, 0, 0",0,0,0,0,0,list,"0, 0, 0, 0, 0, 0, 0","0, 0, 0, 10, 10, 0, 0",0,5,list2,"0, 0, 0, 0, 0",loopBonusSkillList,0,"20, 16, 41, 42, 43, 44, 45, 46",此功法发挥$0$成威力时，运用者夺取敌人的1个「点」式,此功法发挥$0$成威力后，运用者获得2层此效果：敌人无法获得「点」式
433,钩钳指,1,钩钳指由鬼谷子之飞箝术而化，讲究“乍同乍异，用虚引实，空往而实来”，以巧妙手法于绝无破绽当中创造破绽，而后飞而钳之，以弱胜强。,1,指法,Invalid,1,7,1,577,true,false,25,属性0=35; 属性5=80; 属性84=150; 属性54=120; 属性65=120,374,1100,1,8,1,false,"3, 4",1,150,0,0,-1,-1,0,"0, 0, 0, 0",0,"0, 0, 0, 0","0, 0, 0, 0","外:0, 内:0","外:0, 内:0","外:0, 内:0",0,0,0,0,0,0,0,0,"0, 0, 0, 0, 0, 0",15000,4,0,60,50,15,240,10,式8=2,0,0,336,-1,"0, 0, 1, 30, 30, 30, 30",70,"20, 50, 30, 0",false,true,"0, 0, 0, 0, 0, 0, 0, 0, 0, 0, 0, 0",50,-1,,0,0,0,"0, 0, 0, 0",36,0,36,-1,-1,false,-1,-1,-1,0,0,0,"0, 0, 0, 0",0,0,0,0,0,list,"0, 0, 0, 10, 10, 0, 0","0, 0, 0, 10, 10, 0, 0",0,10,list2,"0, 0, 0, 0, 0",loopBonusSkillList,0,"20, 41, 42, 43, 44, 45, 46",此功法发挥$0$成威力时，敌人被攻击部位的破绽会额外提高敌人受到的直接外伤,此功法发挥$0$成威力时，敌人被攻击部位的破绽会额外提高敌人受到的直接内伤
434,五言五态手,2,所谓五言：“曰病、曰怨、曰忧、曰怒、曰喜”。五言五态手变化多端，乃是以言辞及神态牵引敌人心神意志，进而克敌制胜的奇门功法。,1,指法,Invalid,1,7,1,578,true,false,26,属性1=40; 属性5=90; 属性84=200; 属性54=160; 属性65=160,375,1101,2,3,2,true,2,1,200,0,0,-1,-1,0,"0, 0, 0, 0",0,"0, 0, 0, 0","0, 0, 0, 0","外:0, 内:0","外:0, 内:0","外:0, 内:0",0,0,0,0,0,0,0,0,"0, 0, 0, 0, 0, 0",18000,4,0,60,70,15,160,10,式7=1; 式8=1,0,0,309,-1,"20, 60, 1, 20, 20, 0, 0",120,"20, 40, 40, 0",false,false,"0, 0, 0, 0, 0, 0, 0, 0, 0, 0, 0, 0",50,-1,,0,0,0,"0, 0, 0, 0",36,0,36,-1,-1,false,-1,-1,-1,0,0,0,"0, 0, 0, 0",0,0,0,0,0,list,"0, 0, 0, 0, 0, 0, 0","0, 0, 0, 30, 30, 0, 0",0,15,list2,"0, 0, 0, 0, 0",loopBonusSkillList,0,"20, 16, 41, 42, 43, 44, 45, 46",此功法发挥$0$成威力时，运用者的冷静、聪颖、热情、勇壮、坚毅赋性至少有3项高于敌人时，给敌人施加2个「无」式，并给运用者添加3层“义正辞严”的名誉，给敌人添加3层“受人称赞”的名誉,此功法发挥$0$成威力时，运用者的冷静、聪颖、热情、勇壮、坚毅赋性至少有3项高于敌人时，根据此功法的威力对敌人施加少量失神伤害，并给运用者添加3层“出言不逊”的名誉，给敌人添加3层“受人嘲笑”的名誉
435,持枢式,3,持枢式周行如环，势若“持枢”，一遇阻碍便会生出极强的反击之力，有道是：“持枢，天之正也，不可干而逆之，逆之者，虽成必败”。,1,指法,Invalid,2,7,5,579,true,false,27,属性4=45; 属性5=100; 属性84=250; 属性54=200; 属性65=200,376,1102,2,8,3,true,"0, 1, 3, 4",2,250,0,0,-1,-1,0,"0, 0, 0, 0",0,"0, 0, 0, 0","0, 0, 0, 0","外:0, 内:0","外:0, 内:0","外:0, 内:0",0,0,0,0,0,0,0,0,"0, 0, 0, 0, 0, 0",21000,4,0,80,50,15,360,15,式8=3,0,0,336,-1,"0, 0, 1, 40, 40, 20, 20",120,"20, 50, 30, 0",false,true,"0, 0, 0, 0, 0, 0, 0, 0, 0, 0, 0, 0",50,-1,,0,0,0,"0, 0, 0, 0",36,0,36,-1,-1,false,-1,-1,-1,0,0,0,"0, 0, 0, 0",0,0,0,0,0,list,"0, 0, 0, 20, 20, 0, 0","0, 0, 0, 20, 20, 0, 0",0,20,list2,"0, 0, 0, 0, 0",loopBonusSkillList,0,"20, 41, 42, 43, 44, 45, 46",此功法发挥$0$成威力后，运用者获得3层此效果：运用者施展的未能发挥$1$成威力的「摧破」功法的威力累积提高，持续直到该威力受到提高的「摧破」功法发挥出$1$成威力,此功法发挥$0$成威力后，运用者获得3层此效果：敌人施展的发挥出$1$成威力的「摧破」功法的威力累积降低，持续直到该威力受到降低的「摧破」功法未能发挥$1$成威力
436,离合指,4,离合指招式古怪，大悖武学常理，一指点出，指力纷杂错乱，形神忽合忽离，纵是运指之人亦无比迷惘，非具察隙知远之大智能者不能驾驭。,1,指法,Invalid,2,7,1,580,true,false,28,属性2=50; 属性5=110; 属性84=300; 属性54=240; 属性65=240,377,1103,3,8,4,true,"3, 4",2,300,0,0,-1,-1,0,"0, 0, 0, 0",0,"0, 0, 0, 0","0, 0, 0, 0","外:0, 内:0","外:0, 内:0","外:0, 内:0",0,0,0,0,0,0,0,0,"0, 0, 0, 0, 0, 0",15000,4,0,80,70,15,400,10,式7=3,0,0,309,-1,"20, 20, 1, 20, 20, 20, 20",130,"20, 30, 50, 0",true,false,"0, 0, 0, 0, 0, 0, 0, 0, 0, 0, 0, 0",50,-1,,0,0,0,"0, 0, 0, 0",36,0,36,-1,-1,false,-1,-1,-1,0,0,0,"0, 0, 0, 0",0,0,0,0,0,list,"0, 0, 0, 0, 0, 0, 0","0, 0, 0, 50, 50, 0, 0",0,25,list2,"0, 0, 0, 0, 0",loopBonusSkillList,0,"20, 16, 41, 42, 43, 44, 45, 46",此功法发挥$0$成威力时：敌我双方的「无」式越多，就有越高几率额外对敌人造成此功法的反噬伤害，且如果敌人有被封禁的功法，还有一定几率随机令敌人被封禁的最多2个功法也对敌人造成反噬伤害,此功法发挥$0$成威力时：敌我双方的失神标记越多，就有越高几率额外对敌人造成此功法的反噬伤害，且如果敌人有被封禁的功法，还有一定几率随机令敌人被封禁的最多2个功法也对敌人造成反噬伤害
437,大阴阳纵横手,5,“指天画地曰合纵，手扫六合即连横”。大阴阳纵横手大开大阖，气度非凡，每一式均平稳送出，可谓缓中寓疾，举轻若重。,1,指法,Invalid,2,7,5,581,true,true,29,属性3=55; 属性5=120; 属性84=350; 属性54=280; 属性65=280,378,1104,3,0,5,true,"0, 1, 3, 4",2,350,0,0,-1,-1,0,"0, 0, 0, 0",0,"0, 0, 0, 0","0, 0, 0, 0","外:0, 内:0","外:0, 内:0","外:0, 内:0",0,0,0,0,0,0,0,0,"0, 0, 0, 0, 0, 0",24000,4,0,80,50,15,680,20,式6=1; 式7=1; 式8=1,0,0,309,-1,"0, 0, 1, 30, 30, 30, 30",130,"20, 40, 40, 0",false,false,"0, 0, 0, 0, 0, 0, 0, 0, 0, 0, 0, 0",50,-1,,0,0,0,"0, 0, 0, 0",36,0,36,-1,-1,false,-1,-1,-1,0,0,0,"0, 0, 0, 0",0,0,0,0,0,list,"0, 0, 0, 35, 35, 0, 0","0, 0, 0, 35, 35, 0, 0",0,35,list2,"0, 0, 0, 0, 0",loopBonusSkillList,0,"20, 41, 42, 43, 44, 45, 46",开始施展此功法时，除非敌人已有同样的负面影响，否则此时运用者的各项增益状态就会暂时对敌人产生负面影响，持续直到此功法施展结束；此功法发挥$0$成威力后，运用者获得1层此效果：除非敌人已有同样的负面影响，否则此时运用者的各项增益状态就会暂时对敌人产生负面影响，此效果层数会随时间自动减少,开始施展此功法时，除非运用者已有同样的正面影响，否则此时敌人的各项减益状态会暂时对运用者产生正面影响，持续直到此功法施展结束；此功法发挥$0$成威力后，运用者获得1层此效果：除非运用者已有同样的正面影响，否则此时敌人的各项减益状态会暂时对运用者产生正面影响，此效果层数会随时间自动减少
438,天地元一指,6,天地元一指乃道门秘术，非先天元气不能催动。元一指力至真至纯，近乎天地之本源，万物之根本，可谓阳煦山立，百折不摧。,1,指法,Invalid,3,7,1,582,true,true,30,属性4=60; 属性5=130; 属性84=400; 属性54=320; 属性65=320,379,1105,4,0,6,true,"0, 1, 3, 4",3,400,0,0,-1,-1,0,"0, 0, 0, 0",0,"0, 0, 0, 0","0, 0, 0, 0","外:0, 内:0","外:0, 内:0","外:0, 内:0",0,0,0,0,0,0,0,0,"0, 0, 0, 0, 0, 0",27000,4,0,100,100,15,720,15,式7=2; 式8=2,0,0,336,-1,"30, 30, 1, 20, 20, 10, 10",190,"20, 60, 20, 0",true,false,"0, 0, 0, 0, 0, 0, 0, 0, 0, 0, 0, 0",50,-1,,0,0,0,"0, 0, 0, 0",36,0,36,-1,-1,false,-1,-1,-1,0,0,0,"0, 0, 0, 0",0,0,0,0,0,list,"0, 0, 0, 0, 0, 0, 0","0, 0, 0, 90, 90, 0, 0",0,45,list2,"0, 0, 0, 0, 0",loopBonusSkillList,0,"20, 16, 41, 42, 43, 44, 45, 46",以此功法开始攻击敌人时，如果敌人的内力属性为「归元」、「玄阴」，消除敌人运起的「护体」、「轻灵」功法，并将敌人3个「摧破」功法的持续效果消减为0层,此功法发挥$0$成威力时，如果敌人的内力属性为「归元」、「玄阴」，运用者对敌人造成的直接伤害提高90%
439,一玄手,0,一玄手柔和婉转，清丽雅致，或引臂肘，或曳指腕，出指若即若离，烟视媚行，指力有如柔索可以及远，绝不与人过分接近。,1,指法,Invalid,1,8,2,583,true,false,32,属性1=60; 属性4=40; 属性84=100; 属性53=80; 属性62=80,365,1091,1,8,0,true,"3, 4",1,100,0,0,-1,-1,0,"0, 0, 0, 0",0,"0, 0, 0, 0","0, 0, 0, 0","外:0, 内:0","外:0, 内:0","外:0, 内:0",0,0,0,0,0,0,0,0,"0, 0, 0, 0, 0, 0",15000,4,0,60,70,20,160,20,式7=1; 式8=1,0,0,318,-1,"0, 0, 1, 40, 40, 20, 20",70,"10, 50, 40, 0",true,false,"0, 0, 0, 0, 0, 0, 0, 0, 0, 0, 0, 0",50,-1,,0,0,0,"0, 0, 0, 0",36,0,36,-1,-1,false,-1,-1,-1,0,0,0,"0, 0, 0, 0",0,0,0,0,0,list,"0, 0, 0, 0, 0, 0, 0","0, 0, 0, 20, 20, 0, 0",0,0,list2,"0, 0, 0, 0, 0",loopBonusSkillList,0,"20, 19, 16, 41, 42, 43, 44, 45, 46",此功法发挥$0$成威力后，运用者靠近敌人2距离,此功法发挥$0$成威力后，运用者远离敌人2距离
440,玄冰指法,1,玄冰指法出指迅疾如风，指力即阴且寒，指尖因凝聚纯阴真力以至冰冷刺骨，如罩寒霜，可以点水成冰，所指立即冻结。,1,指法,Invalid,1,8,2,584,true,false,33,属性1=50; 属性4=65; 属性84=150; 属性53=120; 属性62=120,366,1092,1,1,1,true,"0, 1, 3, 4",1,150,0,0,-1,-1,0,"0, 0, 0, 0",0,"0, 0, 0, 0","0, 0, 0, 0","外:0, 内:0","外:0, 内:0","外:0, 内:0",0,0,0,0,0,0,0,0,"0, 0, 0, 0, 0, 0",18000,4,0,60,100,20,320,10,式7=2,0,0,309,-1,"0, 60, 1, 20, 20, 10, 10",60,"10, 40, 50, 0",true,false,"0, 0, 0, 0, 450, 1, 0, 0, 0, 0, 0, 0",50,-1,,0,0,0,"0, 0, 0, 0",36,0,36,-1,-1,false,-1,-1,-1,0,0,0,"0, 0, 0, 0",0,0,0,0,0,list,"0, 0, 0, 0, 0, 0, 0","0, 0, 0, 30, 30, 0, 0",0,0,list2,"0, 0, 0, 0, 0",loopBonusSkillList,0,"20, 19, 16, 41, 42, 43, 45, 46",此功法发挥$0$成威力时，运用者获得5点「轻灵」真气,此功法发挥$0$成威力时，敌人失去5点「轻灵」真气
441,玉殒指,2,玉殒指上手奇快，杀伤力极大，然而名为“玉殒”，实为两败俱伤之法，一经施展，心脉必损，虽能杀敌，但久而久之，自己亦不免香消而玉殒也。,1,指法,Invalid,1,8,2,585,true,false,34,属性1=40; 属性4=50; 属性5=40; 属性84=200; 属性53=160; 属性62=160,367,1093,2,0,2,true,"3, 4",1,200,0,0,-1,-1,0,"0, 0, 0, 0",0,"0, 0, 0, 0","0, 0, 0, 0","外:0, 内:0","外:0, 内:0","外:0, 内:0",0,0,0,0,0,0,0,0,"0, 0, 0, 0, 0, 0",15000,4,0,60,50,20,360,10,式7=2,0,0,309,-1,"20, 100, 10, 0, 0, 0, 0",50,"20, 40, 40, 0",false,true,"0, 0, 0, 0, 0, 0, 0, 0, 0, 0, 0, 0",50,-1,,0,0,0,"0, 0, 0, 0",36,0,36,-1,-1,false,-1,-1,-1,0,0,0,"0, 0, 0, 0",0,0,0,0,0,list,"0, 0, 0, 20, 20, 0, 0","0, 0, 0, 20, 20, 0, 0",0,0,list2,"0, 0, 0, 0, 0",loopBonusSkillList,0,"20, 19, 41, 42, 43, 44, 45, 46",此功法会同时对敌我造成相同的直接外伤，但如果运用者的战败标记数量多于敌人，运用者将免受伤害；此功法造成的直接外伤无法被任何效果降低,此功法会同时对敌我造成相同的直接内伤，但如果运用者的战败标记数量多于敌人，运用者将免受伤害；此功法造成的直接内伤无法被任何效果降低
442,嫘祖剥茧式,3,“黄帝之妃西陵氏曰嫘祖，以其始蚕，故又祀先蚕”。嫘祖剥茧式细腻精微，指力如抽丝剥茧，层层深入，可将一切守御消于无形。,1,指法,Invalid,2,8,5,586,true,false,35,属性1=45; 属性4=55; 属性5=45; 属性84=250; 属性53=200; 属性62=200,368,1094,2,0,3,true,"3, 4",2,250,0,0,-1,-1,0,"0, 0, 0, 0",0,"0, 0, 0, 0","0, 0, 0, 0","外:0, 内:0","外:0, 内:0","外:0, 内:0",0,0,0,0,0,0,0,0,"0, 0, 0, 0, 0, 0",21000,4,0,80,70,20,200,10,式7=1; 式8=2,0,0,318,-1,"20, 20, 1, 20, 20, 20, 20",160,"10, 60, 30, 0",true,false,"0, 0, 0, 0, 0, 0, 0, 0, 0, 0, 0, 0",50,-1,,0,0,0,"0, 0, 0, 0",36,0,36,-1,-1,false,-1,-1,-1,0,0,0,"0, 0, 0, 0",0,0,0,0,0,list,"0, 0, 0, 0, 0, 0, 0","0, 0, 0, 50, 50, 0, 0",0,0,list2,"0, 0, 0, 0, 0",loopBonusSkillList,0,"20, 19, 16, 41, 42, 43, 44, 45, 46",此功法发挥$0$成威力时，一定几率卸除敌人的1件衣装或护具或宝物，并根据卸除的装备的品级向敌人施加一个降低御体的损害状态,此功法发挥$0$成威力时，一定几率卸除敌人的1件衣装或护具或宝物，并根据卸除的装备的品级向敌人施加一个降低御气的损害状态
443,寒潭藏虺式,4,寒潭藏虺式极为阴狠古怪，指力可潜藏于敌人四周许久不散，有如虺伏寒潭，不动声色，一旦发作，便似恶虺暴起，直取敌人要害，险恶难当。,1,指法,Invalid,2,8,2,587,true,false,36,属性1=70; 属性4=90; 属性84=300; 属性53=240; 属性62=240,369,1095,3,1,4,true,"0, 1, 3, 4",2,300,0,0,-1,-1,0,"0, 0, 0, 0",0,"0, 0, 0, 0","0, 0, 0, 0","外:0, 内:0","外:0, 内:0","外:0, 内:0",0,0,0,0,0,0,0,0,"0, 0, 0, 0, 0, 0",24000,4,0,80,100,20,440,10,式7=3,0,0,309,-1,"0, 60, 1, 0, 0, 30, 30",150,"10, 50, 40, 0",true,false,"0, 0, 0, 0, 0, 0, 0, 0, 0, 0, 0, 0",50,-1,,0,0,0,"0, 0, 0, 0",36,0,36,-1,-1,false,-1,-1,-1,0,0,0,"0, 0, 0, 0",0,0,0,0,0,list,"0, 0, 0, 0, 0, 0, 0","0, 0, 0, 70, 70, 0, 0",0,0,list2,"0, 0, 0, 0, 0",loopBonusSkillList,0,"20, 19, 16, 41, 42, 43, 44, 45, 46",战斗开始时，运用者获得0层此效果：每当运用者获得1点「轻灵」真气，此效果就提高1层，当此效果累积最多9层时，此功法的威力提高，且运用者能够从施展进度50%开始无消耗施展此功法攻击敌人，随后此效果恢复为0层,战斗开始时，运用者获得0层此效果：每当运用者失去1点「轻灵」真气，此效果就提高1层，当此效果累积最多9层时，此功法的威力提高，且运用者能够从施展进度50%开始无消耗施展此功法攻击敌人，随后此效果恢复为0层
444,常羲十二式,5,常羲十二式娴雅大方，招式不疾不徐，阴阳调合，指力变幻莫测，有如轻云蔽月，时晦时明，其姿态之美之妙，可谓尽态极妍，天下无双。,1,指法,Invalid,2,8,2,588,true,false,37,属性1=55; 属性4=70; 属性5=50; 属性84=350; 属性53=280; 属性62=280,370,1096,3,8,5,true,"3, 4",2,350,0,0,-1,-1,0,"0, 0, 0, 0",0,"0, 0, 0, 0","0, 0, 0, 0","外:0, 内:0","外:0, 内:0","外:0, 内:0",0,0,0,0,0,0,0,0,"0, 0, 0, 0, 0, 0",18000,4,0,80,60,20,440,15,式7=2; 式8=1,0,0,309,-1,"0, 0, 10, 0, 0, 0, 0",170,"20, 60, 20, 0",false,false,"0, 0, 0, 0, 0, 0, 0, 0, 0, 0, 0, 0",50,-1,,0,0,0,"0, 0, 0, 0",36,0,36,-1,-1,false,-1,-1,-1,0,0,0,"0, 0, 0, 0",0,0,0,0,0,list,"0, 0, 0, 0, 0, 0, 0","0, 0, 0, 90, 90, 0, 0",0,0,list2,"0, 0, 0, 0, 0",loopBonusSkillList,0,"20, 19, 16, 41, 42, 43, 44, 45, 46",此功法发挥$0$成威力后，如果运用者至少拥有2个「点」式，运用者就会仅消耗2个「点」式，从施展进度50%开始立即再次施展此功法攻击敌人，以此方式施展此功法时，此功法的威力小幅累积提高，持续直到运用者无法再连续施展出此功法，且此功法会由正练转变为逆练,开始施展此功法时，将运用者所有可用的式变化为「点」式，变化的「点」式越多，此功法的威力就提高越多；此功法施展结束后，会由逆练转变为正练
445,璇玑指穴法,6,所谓璇玑：“其变微微，而所动者大”。璇玑指穴法深微玄妙，无声无息，手指不动不移却能以精奇指力笼罩敌人全身要穴。,1,指法,Invalid,3,8,2,589,true,true,38,属性4=100; 属性5=90; 属性84=400; 属性53=320; 属性62=320,371,1097,4,0,6,true,"3, 4",3,400,0,0,-1,-1,0,"0, 0, 0, 0",0,"0, 0, 0, 0","0, 0, 0, 0","外:0, 内:0","外:0, 内:0","外:0, 内:0",0,0,0,0,0,0,0,0,"0, 0, 0, 0, 0, 0",15000,4,0,100,100,20,360,10,式7=3; 式8=1,0,0,309,-1,"20, 20, 10, 20, 20, 20, 20",230,"10, 50, 40, 0",true,false,"0, 0, 0, 0, 0, 0, 0, 0, 0, 0, 0, 0",50,-1,,0,0,0,"0, 0, 0, 0",36,0,36,-1,-1,false,-1,-1,-1,0,0,0,"0, 0, 0, 0",0,0,0,0,0,list,"0, 0, 0, 0, 0, 0, 0","0, 0, 0, 110, 110, 0, 0",0,0,list2,"0, 0, 0, 0, 0",loopBonusSkillList,0,"20, 19, 16, 41, 42, 43, 44, 45, 46",此功法发挥$0$成威力时，敌人所有出现破绽的部位都会被封闭1个穴道，该封穴级别与敌人相应部位上级别最高的破绽相同,此功法发挥$0$成威力时，敌人所有被封闭穴道的部位都会出现1个破绽，该破绽的级别与敌人相应部位上级别最高的封穴相同
446,大太阴一明指,7,大太阴一明指阴柔至极，然而阴极生阳，柔极必刚，大太阴一明乃是阴中之至阳，柔中之至刚，指出如冰刀霜剑，指力所及，无强不灭。,1,指法,Invalid,3,8,2,590,true,true,39,属性4=130; 属性5=75; 属性84=450; 属性53=360; 属性62=360,372,1098,4,1,7,true,"0, 1, 2, 3, 4, 5, 6",3,450,0,0,-1,-1,0,"0, 0, 0, 0",0,"0, 0, 0, 0","0, 0, 0, 0","外:0, 内:0","外:0, 内:0","外:0, 内:0",0,0,0,0,0,0,0,0,"0, 0, 0, 0, 0, 0",21000,4,0,100,100,20,880,15,式7=3; 式8=1,0,0,309,-1,"20, 100, 1, 0, 0, 0, 0",210,"0, 60, 40, 0",true,false,"0, 0, 0, 0, 800, 3, 0, 0, 0, 0, 0, 0",50,-1,,0,0,0,"0, 0, 0, 0",36,0,36,-1,-1,false,-1,-1,-1,0,0,0,"0, 0, 0, 0",0,0,0,0,0,list,"0, 0, 0, 0, 0, 0, 0","0, 0, 0, 140, 140, 0, 0",0,0,list2,"0, 0, 0, 0, 0",loopBonusSkillList,0,"20, 19, 16, 41, 42, 43, 45, 46",此功法发挥$0$成威力时，敌人不可避免地失去所有的「护体」真气，且向敌人施加一个降低所有真气提高量的特殊状态,此功法发挥$0$成威力时，敌人不可避免地失去所有的「摧破」真气，且向敌人施加一个降低所有真气提高量的特殊状态
447,柴山擒跌手,0,柴山擒跌手乃是由正骨之医术所化，以之摧敌关节，手法尤其狠辣。正是：“推揉捏卸法精奇，一捏一卸痛在地，扶臼捏骱出者易，攒打猝弹错骨迭”。,1,指法,Invalid,1,10,4,591,true,false,25,属性3=25; 属性4=50; 属性5=25; 属性84=100; 属性58=80; 属性59=80,404,1130,1,8,0,false,"3, 4",1,100,0,0,-1,-1,0,"0, 0, 0, 0",0,"0, 0, 0, 0","0, 0, 0, 0","外:0, 内:0","外:0, 内:0","外:0, 内:0",0,0,0,0,0,0,0,0,"0, 0, 0, 0, 0, 0",18000,4,0,60,30,20,160,10,式7=1; 式8=1,0,0,318,-1,"0, 0, 1, 30, 30, 30, 30",80,"30, 40, 30, 0",true,false,"0, 0, 0, 0, 0, 0, 0, 0, 0, 0, 0, 0",50,-1,,0,0,0,"0, 0, 0, 0",36,0,36,-1,-1,false,-1,-1,-1,0,0,0,"0, 0, 0, 0",0,0,0,0,0,list,"0, 0, 0, 20, 20, 0, 0","0, 0, 0, 0, 0, 0, 0",0,0,list2,"0, 0, 0, 0, 0",loopBonusSkillList,0,"20, 19, 17, 41, 42, 43, 44, 45, 46",根据此功法发挥的成数，向敌人施加一个减少移动速度的损害状态,根据此功法发挥的成数，向敌人施加一个减少攻击速度的损害状态
448,钩吻爪,1,“钩吻者，毒药也，入口即钩人喉吻，食之杀人”。钩吻爪以钩、抓、撕、挠四式为主，指力中暗藏见血封喉的钩吻草毒，极其险恶。,1,指法,Invalid,1,10,4,592,true,false,26,属性3=30; 属性4=55; 属性5=30; 属性84=150; 属性58=120; 属性59=120,405,1131,1,5,1,true,"3, 4",1,150,0,0,-1,-1,0,"0, 0, 0, 0",0,"0, 0, 0, 0","0, 0, 0, 0","外:0, 内:0","外:0, 内:0","外:0, 内:0",0,0,0,0,0,0,0,0,"0, 0, 0, 0, 0, 0",18000,4,0,60,40,20,280,10,式7=1; 式8=1,0,0,372,-1,"0, 30, 1, 30, 30, 15, 15",70,"20, 50, 30, 0",false,false,"450, 1, 0, 0, 0, 0, 0, 0, 0, 0, 0, 0",50,-1,,0,0,0,"0, 0, 0, 0",36,0,36,-1,-1,false,-1,-1,-1,0,0,0,"0, 0, 0, 0",0,0,0,0,0,list,"0, 0, 0, 15, 15, 0, 0","0, 0, 0, 15, 15, 0, 0",0,0,list2,"0, 0, 0, 0, 0",loopBonusSkillList,0,"20, 19, 42, 43, 44, 45, 46",此功法发挥$0$成威力时，运用者获得10层此效果：运用者以摧破类功法向敌人施加的烈毒由「生毒」提升为「剧毒」、由「剧毒」提升为「奇毒」，且敌人的烈毒抵抗根据此效果的剩余层数降低,此功法发挥$0$成威力时，运用者获得10层此效果：敌人以摧破类功法向运用者施加的烈毒由「奇毒」降低为「剧毒」、由「剧毒」降低为「生毒」，且运用者的烈毒抵抗根据此效果的剩余层数提高
449,铁花腐骨爪,2,药经有云：“铁花，破诸积冷邪，然其性暴烈，有大毒，非危病不用”。铁花腐骨爪出手狠辣，含有铁花剧毒，中者燥热难当，腐骨穿心而亡。,1,指法,Invalid,1,10,4,593,true,false,27,属性3=35; 属性4=60; 属性5=35; 属性84=200; 属性58=160; 属性59=160,406,1132,2,5,2,true,"3, 4",1,200,0,0,-1,-1,0,"0, 0, 0, 0",0,"0, 0, 0, 0","0, 0, 0, 0","外:0, 内:0","外:0, 内:0","外:0, 内:0",0,0,0,0,0,0,0,0,"0, 0, 0, 0, 0, 0",21000,4,0,60,50,20,240,10,式7=1; 式8=1,0,0,372,-1,"120, 0, 0, 0, 0, 0, 0",110,"20, 50, 30, 0",false,true,"600, 1, 0, 0, 0, 0, 0, 0, 0, 0, 0, 0",50,-1,,0,0,0,"0, 0, 0, 0",36,0,36,-1,-1,false,-1,-1,-1,0,0,0,"0, 0, 0, 0",0,0,0,0,0,list,"0, 0, 0, 20, 20, 0, 0","0, 0, 0, 20, 20, 0, 0",0,0,list2,"0, 0, 0, 0, 0",loopBonusSkillList,0,"20, 19, 42, 43, 44, 45, 46",此功法对敌人胸背造成的直接伤势标记将变化为更难恢复的旧时伤势,此功法对敌人胸背造成的直接伤害提高30%；此功法发挥$0$成威力时，吸取敌人的提气
450,玉蝉指,3,玉蝉指清雅高洁，寓意深微，出手温和，指力清澈如水，透如明玉，以之点穴截脉，中者固然手足麻痹，内气亦涣散无存。,1,指法,Invalid,2,10,4,594,true,false,28,属性3=40; 属性4=65; 属性5=40; 属性84=250; 属性58=200; 属性59=200,407,1133,2,0,3,true,"3, 4",2,250,0,0,-1,-1,0,"0, 0, 0, 0",0,"0, 0, 0, 0","0, 0, 0, 0","外:0, 内:0","外:0, 内:0","外:0, 内:0",0,0,0,0,0,0,0,0,"0, 0, 0, 0, 0, 0",18000,4,0,80,100,20,280,10,式7=2; 式8=1,0,0,318,-1,"0, 40, 10, 20, 20, 20, 20",130,"10, 50, 40, 0",true,false,"0, 0, 0, 0, 0, 0, 0, 0, 0, 0, 450, 2",50,-1,,0,0,0,"0, 0, 0, 0",36,0,36,-1,-1,false,-1,-1,-1,0,0,0,"0, 0, 0, 0",0,0,0,0,0,list,"0, 0, 0, 0, 0, 0, 0","0, 0, 0, 50, 50, 0, 0",0,0,list2,"0, 0, 0, 0, 0",loopBonusSkillList,0,"20, 19, 16, 41, 42, 43, 44, 45",开始施展此功法时，运用者向敌人施加的毒素会根据敌人郁毒、寒毒、幻毒中中毒量最低的那一项变化，如果变化后向敌人施加的仍是幻毒，此功法的威力提高,开始施展此功法时，运用者向敌人施加的毒素会根据运用者郁毒、寒毒、幻毒中中毒量最低的那一项变化，如果变化后向敌人施加的仍是幻毒，此功法的威力提高
451,青蛟铁须指,4,青蛟铁须指乃空桑派之独门绝技，出手之时，五指如须髯戟张，齐发齐收，指力好似铁剪钢鞭，击石有声，抓木成痕，又怪又奇。,1,指法,Invalid,2,10,4,595,true,false,29,属性3=45; 属性4=70; 属性5=45; 属性84=300; 属性58=240; 属性59=240,408,1134,3,8,4,false,"3, 4",2,300,0,0,-1,-1,0,"0, 0, 0, 0",0,"0, 0, 0, 0","0, 0, 0, 0","外:0, 内:0","外:0, 内:0","外:0, 内:0",0,0,0,0,0,0,0,0,"0, 0, 0, 0, 0, 0",21000,4,0,80,40,20,520,15,式7=1; 式8=2,0,0,318,-1,"0, 0, 0, 60, 60, 0, 0",120,"30, 40, 30, 0",true,false,"0, 0, 0, 0, 0, 0, 0, 0, 0, 0, 0, 0",50,-1,,0,0,0,"0, 0, 0, 0",36,0,36,-1,-1,false,-1,-1,-1,0,0,0,"0, 0, 0, 0",0,0,0,0,0,list,"0, 0, 0, 70, 70, 0, 0","0, 0, 0, 0, 0, 0, 0",0,0,list2,"0, 0, 0, 0, 0",loopBonusSkillList,0,"20, 19, 17, 41, 42, 43, 44, 45, 46",此功法对敌人手臂造成的直接伤势标记将变化为更难恢复的旧时伤势,此功法对敌人手臂造成的直接伤害提高45%；此功法发挥至少$0$成威力时，将敌人所有封穴的持续时间变化为最大
452,无患手,5,所谓：“由爱故生忧，由爱故生患，若离于爱者，无忧亦无患”。中无患手者，身体绝无痛楚，然而心智全失，爱恨尽消，所以“无患”也。,1,指法,Invalid,2,10,4,596,true,true,30,属性3=50; 属性4=75; 属性5=50; 属性84=350; 属性58=280; 属性59=280,409,1135,3,0,5,true,"3, 4",2,350,0,0,-1,-1,0,"0, 0, 0, 0",0,"0, 0, 0, 0","0, 0, 0, 0","外:0, 内:0","外:0, 内:0","外:0, 内:0",0,0,0,0,0,0,0,0,"0, 0, 0, 0, 0, 0",21000,4,0,80,100,20,400,10,式6=1; 式7=1; 式8=1,0,0,372,-1,"10, 10, 10, 0, 0, 0, 0",180,"10, 60, 30, 0",true,false,"0, 0, 0, 0, 0, 0, 0, 0, 0, 0, 0, 0",50,-1,,0,0,0,"0, 0, 0, 0",36,0,36,-1,-1,false,-1,-1,-1,0,0,0,"0, 0, 0, 0",0,0,0,0,0,list,"0, 0, 0, 0, 0, 0, 0","0, 0, 0, 90, 90, 0, 0",0,0,list2,"0, 0, 0, 0, 0",loopBonusSkillList,0,"20, 19, 16, 41, 42, 43, 44, 45, 46",此功法发挥$0$成威力时，如果运用者击中敌人的头颈：敌人失去对本场战斗的所有记忆；敌人无法进行兵器攻击、无法施展需要消耗架势的功法，直到敌人受到任何攻击,此功法发挥$0$成威力时，如果运用者击中敌人的头颈：敌人失去对本场战斗的所有记忆；敌人无法进行兵器攻击、无法施展需要消耗提气的功法，直到敌人受到任何攻击
453,蛇蛊手,0,蛇蛊手乃是引蛇蛊之毒储藏于内气当中，以之毒杀敌人的苗疆秘术。蛇蛊手虽非降蛊之术，但其毒性却与蛊毒无异。,1,指法,Invalid,1,12,1,597,true,false,31,属性1=45; 属性5=55; 属性84=100; 属性59=100,468,1194,1,5,0,false,"3, 4",1,100,0,0,-1,-1,0,"0, 0, 0, 0",0,"0, 0, 0, 0","0, 0, 0, 0","外:0, 内:0","外:0, 内:0","外:0, 内:0",0,0,0,0,0,0,0,0,"0, 0, 0, 0, 0, 0",15000,4,0,60,30,15,200,10,式8=2,0,0,336,-1,"0, 0, 1, 40, 40, 20, 20",60,"20, 40, 40, 0",false,true,"0, 0, 300, 1, 0, 0, 0, 0, 0, 0, 0, 0",50,-1,,0,0,0,"0, 0, 0, 0",36,0,36,-1,-1,false,-1,-1,-1,0,0,0,"0, 0, 0, 0",0,0,0,0,0,list,"0, 0, 0, 5, 5, 0, 0","0, 0, 0, 5, 5, 0, 0",0,5,list2,"0, 0, 0, 0, 0",loopBonusSkillList,0,"20, 41, 43, 44, 45, 46",开始施展此功法时，运用者的蛊引越多，此功法的威力就提高越多；此功法发挥$0$成威力时，运用者获得9只蛊引，且运用者的毒术高出敌人越多，运用者就能获得越多蛊引，最多获得90只蛊引,开始施展此功法时，运用者的蛊引越多，此功法的威力就提高越多；此功法发挥$0$成威力时，运用者获得9只蛊引，且敌人的毒术高出运用者越多，运用者就能获得越多蛊引，最多获得90只蛊引
454,赤目蛊降,1,赤目蛊双瞳血红，身有赤斑，乃是于死人头颅当中炼制而成的苗疆蛊虫。赤目蛊降手法极快，中者面目红肿，眼角流血，双目瞬间失明。,1,指法,Invalid,1,12,1,598,true,true,32,属性3=55; 属性5=60; 属性84=150; 属性59=150,469,1195,1,5,1,false,2,1,150,0,0,-1,-1,0,"0, 0, 0, 0",0,"0, 0, 0, 0","0, 0, 0, 0","外:0, 内:0","外:0, 内:0","外:0, 内:0",0,0,0,0,0,0,0,0,"0, 0, 0, 0, 0, 0",18000,4,0,60,30,15,320,10,式7=2,0,0,327,-1,"30, 30, 10, 30, 30, 0, 0",50,"20, 30, 50, 0",false,false,"0, 0, 0, 0, 0, 0, 450, 1, 0, 0, 0, 0",50,0,,0,0,0,"0, 0, 0, 0",36,0,36,-1,-1,false,-1,-1,-1,0,0,0,"0, 0, 0, 0",0,0,0,0,0,list,"0, 0, 0, 10, 10, 0, 0","0, 0, 0, 10, 10, 0, 0",0,10,list2,"0, 0, 0, 0, 0",loopBonusSkillList,0,"20, 41, 42, 44, 45, 46",战斗开始时，运用者获得3只蛊引；此功法发挥$0$成威力时，为敌人种下未识主的赤目若蛊；赤目若蛊会使宿主的兵器攻击击中敌人的几率大幅降低；赤目若蛊每次发作后需要消耗宿主或对手的1只蛊引，否则就会死亡,战斗开始时，运用者获得3只蛊引；此功法发挥$0$成威力时，为运用者种下已识主的赤目若蛊；赤目若蛊会使宿主的兵器攻击击中敌人的几率大幅提高；赤目若蛊每次发作后需要消耗宿主或对手的1只蛊引，否则就会死亡
455,螭魅蛊降,2,螭魅蛊降手法特异，犹如舞蹈，出手之时，奇香暗生，中者心醉神迷，眼前幻象丛生。螭魅蛊经过百花喂养，再以数十种香木熏染，体色淡紫，微微有光。,1,指法,Invalid,1,12,1,599,true,true,33,属性4=60; 属性5=70; 属性84=200; 属性59=200,470,1196,2,5,2,false,2,1,200,0,0,-1,-1,0,"0, 0, 0, 0",0,"0, 0, 0, 0","0, 0, 0, 0","外:0, 内:0","外:0, 内:0","外:0, 内:0",0,0,0,0,0,0,0,0,"0, 0, 0, 0, 0, 0",15000,"4, 6",0,60,100,15,200,10,式7=1; 式8=1,0,0,336,-1,"25, 25, 1, 25, 25, 10, 10",100,"10, 50, 40, 0",false,false,"0, 0, 0, 0, 0, 0, 0, 0, 0, 0, 600, 1",50,1,,0,0,0,"0, 0, 0, 0",36,0,36,-1,-1,false,-1,-1,-1,0,0,0,"0, 0, 0, 0",0,0,0,0,0,list,"0, 0, 0, 0, 0, 0, 0","0, 0, 0, 30, 30, 0, 0",0,15,list2,"0, 0, 0, 0, 0",loopBonusSkillList,0,"20, 16, 41, 42, 43, 44, 45",战斗开始时，运用者获得4只蛊引；此功法发挥$0$成威力时，为敌人种下未识主的螭魅若蛊；螭魅若蛊会在宿主毒性发作时根据蛊虫的剩余持续时间给宿主施加少量失神伤害；螭魅若蛊每次发作后需要消耗宿主或对手的4只蛊引，否则就会死亡,战斗开始时，运用者获得4只蛊引；此功法发挥$0$成威力时，为运用者种下已识主的螭魅若蛊；螭魅若蛊会在宿主毒性发作时根据蛊虫的剩余持续时间给敌人施加少量失神伤害；螭魅若蛊每次发作后需要消耗宿主或对手的4只蛊引，否则就会死亡
456,黑血蛊降,3,黑血蛊通体乌黑，奇腥奇臭。黑血蛊降残忍无比，需先穿透敌人血肉，再将黑血蛊施于敌人骨骼之上，而后毒蛊自行钻入骨髓，则无药可解。,1,指法,Invalid,2,12,1,600,true,true,34,属性3=70; 属性5=75; 属性84=250; 属性59=250,471,1197,2,5,3,false,"0, 1",2,250,0,0,-1,-1,0,"0, 0, 0, 0",0,"0, 0, 0, 0","0, 0, 0, 0","外:0, 内:0","外:0, 内:0","外:0, 内:0",0,0,0,0,0,0,0,0,"0, 0, 0, 0, 0, 0",18000,0,0,80,30,15,440,10,式7=3,0,0,327,-1,"40, 20, 1, 20, 20, 10, 10",80,"20, 20, 60, 0",false,false,"0, 0, 0, 0, 0, 0, 0, 0, 450, 2, 0, 0",50,2,,0,0,0,"0, 0, 0, 0",36,0,36,-1,-1,false,-1,-1,-1,0,0,0,"0, 0, 0, 0",0,0,0,0,0,list,"0, 0, 0, 40, 40, 0, 0","0, 0, 0, 0, 0, 0, 0",0,20,list2,"0, 0, 0, 0, 0",loopBonusSkillList,0,"20, 17, 41, 42, 43, 44, 46",战斗开始时，运用者获得6只蛊引；此功法发挥$0$成威力时，为敌人种下未识主的黑血若蛊；黑血若蛊会使宿主的「疗伤」、「驱毒」、服食疗伤药、解毒药、内息药、健康药的效果大幅降低；黑血若蛊每次发作后需要消耗宿主或对手的6只蛊引，否则就会死亡,战斗开始时，运用者获得6只蛊引；此功法发挥$0$成威力时，为运用者种下已识主的黑血若蛊；黑血若蛊会使宿主的「疗伤」、「驱毒」、服食疗伤药、解毒药、内息药、健康药的效果大幅提高；黑血若蛊每次发作后需要消耗宿主或对手的6只蛊引，否则就会死亡
457,心魔蛊降,4,中心魔蛊者，狂性大发，状如疯魔，非气绝身死不能止歇。心魔蛊乃是五仙教用于惩罚叛徒的秘虫，极难炼制，形态亦鲜为人知。,1,指法,Invalid,2,12,1,601,true,true,35,属性2=75; 属性5=85; 属性84=300; 属性59=300,472,1198,3,5,4,false,"0, 1, 2, 3, 4, 5, 6",2,300,0,0,-1,-1,0,"0, 0, 0, 0",0,"0, 0, 0, 0","0, 0, 0, 0","外:0, 内:0","外:0, 内:0","外:0, 内:0",0,0,0,0,0,0,0,0,"0, 0, 0, 0, 0, 0",18000,0,0,80,70,15,360,10,式7=3,0,0,327,-1,"100, 20, 1, 0, 0, 0, 0",140,"10, 40, 50, 0",false,false,"0, 0, 0, 0, 0, 0, 0, 0, 0, 0, 600, 2",50,3,,0,0,0,"0, 0, 0, 0",36,0,36,-1,-1,false,-1,-1,-1,0,0,0,"0, 0, 0, 0",0,0,0,0,0,list,"0, 0, 0, 0, 0, 0, 0","0, 0, 0, 50, 50, 0, 0",0,25,list2,"0, 0, 0, 0, 0",loopBonusSkillList,0,"20, 16, 41, 42, 43, 44, 45",此功法发挥$0$成威力时，为敌人种下未识主的心魔若蛊；心魔若蛊会在宿主的真气降低时，使宿主随机类型的真气再降低2点，并根据宿主原本降低的真气数量使对手获得蛊引，最多获得90只蛊引,此功法发挥$0$成威力时，为运用者种下已识主的心魔若蛊；心魔若蛊会在宿主的真气提高时，使宿主随机类型的真气再提高2点，并根据宿主原本提高的真气数量使宿主获得蛊引，最多获得90只蛊引
458,九阴尸螭蛊,5,以死于至阴之地，命格纯阴的死尸炼养蛊虫，遂成“九阴尸螭蛊”。九阴尸螭蛊一入活人体内便即疯长，饱食血肉后便破体而出，状若大螭。,1,指法,Invalid,2,12,1,602,true,true,36,属性1=85; 属性5=90; 属性84=350; 属性59=350,473,1199,3,5,5,false,"0, 1",2,350,0,0,-1,-1,0,"0, 0, 0, 0",0,"0, 0, 0, 0","0, 0, 0, 0","外:0, 内:0","外:0, 内:0","外:0, 内:0",0,0,0,0,0,0,0,0,"0, 0, 0, 0, 0, 0",21000,2,0,80,100,15,640,10,式7=1; 式8=2,0,0,336,-1,"20, 100, 0, 0, 0, 0, 0",120,"20, 50, 30, 0",false,false,"0, 0, 0, 0, 0, 0, 800, 2, 0, 0, 0, 0",50,4,,0,0,0,"0, 0, 0, 0",36,0,36,-1,-1,false,-1,-1,-1,0,0,0,"0, 0, 0, 0",0,0,0,0,0,list,"0, 0, 0, 0, 0, 0, 0","0, 0, 0, 70, 70, 0, 0",0,35,list2,"0, 0, 0, 0, 0",loopBonusSkillList,0,"20, 16, 41, 42, 44, 45, 46",战斗开始时，运用者获得12只蛊引；此功法发挥$0$成威力时，为敌人种下未识主的尸螭若蛊；尸螭若蛊会使宿主受到的摧破功法的直接伤害大幅提高；尸螭若蛊每次发作后需要消耗宿主或对手的12只蛊引，否则就会死亡,战斗开始时，运用者获得12只蛊引；此功法发挥$0$成威力时，为运用者种下已识主的尸螭若蛊；尸螭若蛊会使宿主受到的摧破功法的直接伤害大幅降低；尸螭若蛊每次发作后需要消耗宿主或对手的12只蛊引，否则就会死亡
459,碧玉冰蚕蛊,6,碧玉冰蚕蛊通体碧绿，行走如风，非迅疾如电之降蛊手法不能施为。此蛊奇毒至寒，能吐冰丝，冰丝一旦侵入血脉，中者立刻僵毙，死后尸体不腐。,1,指法,Invalid,3,12,1,603,true,true,37,属性4=90; 属性5=100; 属性84=400; 属性59=400,474,1200,4,5,6,false,"0, 1, 2, 3, 4, 5, 6",3,400,0,0,-1,-1,0,"0, 0, 0, 0",0,"0, 0, 0, 0","0, 0, 0, 0","外:0, 内:0","外:0, 内:0","外:0, 内:0",0,0,0,0,0,0,0,0,"0, 0, 0, 0, 0, 0",15000,4,0,100,70,15,480,10,式7=3; 式8=1,0,0,327,-1,"0, 0, 1, 20, 20, 40, 40",200,"10, 30, 60, 0",false,false,"0, 0, 0, 0, 600, 3, 0, 0, 0, 0, 0, 0",50,5,,0,0,0,"0, 0, 0, 0",36,0,36,-1,-1,false,-1,-1,-1,0,0,0,"0, 0, 0, 0",0,0,0,0,0,list,"0, 0, 0, 45, 45, 0, 0","0, 0, 0, 45, 45, 0, 0",0,45,list2,"0, 0, 0, 0, 0",loopBonusSkillList,0,"20, 41, 42, 43, 45, 46",战斗开始时，运用者获得8只蛊引；此功法发挥$0$成威力时，为敌人种下未识主的冰蚕若蛊；冰蚕若蛊会使宿主的功法、兵器被封禁的时间大幅提高；冰蚕若蛊每次发作后需要消耗宿主或对手的8只蛊引，否则就会死亡,战斗开始时，运用者获得8只蛊引；此功法发挥$0$成威力时，为运用者种下已识主的冰蚕若蛊；冰蚕若蛊会使宿主的功法、兵器被封禁的时间大幅降低；冰蚕若蛊每次发作后需要消耗宿主或对手的8只蛊引，否则就会死亡
460,鬼噬金蚕蛊,7,鬼噬金蚕蛊有如金色大蚕，万中无一。金蚕蛊毒猛如烈火，中者惨不堪言，痛不欲生。施蛊者需敬之如神明，否则金蚕反噬，自害其身。,1,指法,Invalid,3,12,1,604,true,true,38,属性4=95; 属性5=110; 属性84=450; 属性59=450,475,1201,4,5,7,false,2,3,450,0,0,-1,-1,0,"0, 0, 0, 0",0,"0, 0, 0, 0","0, 0, 0, 0","外:0, 内:0","外:0, 内:0","外:0, 内:0",0,0,0,0,0,0,0,0,"0, 0, 0, 0, 0, 0",24000,1,0,100,30,15,920,10,式7=1; 式8=3,0,0,336,-1,"40, 40, 1, 20, 20, 0, 0",200,"20, 50, 30, 0",false,false,"800, 3, 0, 0, 0, 0, 0, 0, 0, 0, 0, 0",50,6,,0,0,0,"0, 0, 0, 0",36,0,36,-1,-1,false,-1,-1,-1,0,0,0,"0, 0, 0, 0",0,0,0,0,0,list,"0, 0, 0, 110, 110, 0, 0","0, 0, 0, 0, 0, 0, 0",0,60,list2,"0, 0, 0, 0, 0",loopBonusSkillList,0,"20, 17, 42, 43, 44, 45, 46",战斗开始时，运用者获得16只蛊引；此功法发挥$0$成威力时，为敌人种下未识主的金蚕若蛊；金蚕若蛊会吞噬宿主刚刚被种下的所有其它若蛊，并根据所吞噬的蛊向宿主施加大量毒素、提高宿主所受直接伤害；金蚕若蛊每次发作后需要消耗宿主或对手的16只蛊引，否则就会死亡,战斗开始时，运用者获得16只蛊引；此功法发挥$0$成威力时，为运用者种下已识主的金蚕若蛊；金蚕若蛊会吞噬宿主刚刚被种下的所有其它若蛊，并根据所吞噬的蛊为宿主驱除大量毒素、降低宿主所受直接伤害；金蚕若蛊每次发作后需要消耗宿主或对手的16只蛊引，否则就会死亡
461,百彩青髓蛊,8,百彩青髓蛊以万蛊炼育而成，其色无名，其体无形，可飞天遁地，如鬼似魅，唯苗疆五仙教之镇教降蛊秘法方能驱驭，此蛊极通灵性，能懂人言。,1,指法,Invalid,3,12,1,605,true,true,39,属性1=100; 属性5=120; 属性84=500; 属性59=500,476,1202,5,5,8,false,2,3,500,0,0,-1,-1,0,"0, 0, 0, 0",0,"0, 0, 0, 0","0, 0, 0, 0","外:0, 内:0","外:0, 内:0","外:0, 内:0",0,0,0,0,0,0,0,0,"0, 0, 0, 0, 0, 0",15000,0,0,100,100,15,800,20,式7=2; 式8=2,0,0,327,-1,"20, 20, 10, 20, 20, 20, 20",210,"0, 40, 60, 0",false,false,"0, 0, 1200, 3, 0, 0, 0, 0, 0, 0, 0, 0",50,7,,0,0,0,"0, 0, 0, 0",36,0,36,-1,-1,false,-1,-1,-1,0,0,0,"0, 0, 0, 0",0,0,0,0,0,list,"0, 0, 0, 0, 0, 0, 0","0, 0, 0, 140, 140, 0, 0",0,80,list2,"0, 0, 0, 0, 0",loopBonusSkillList,0,"20, 16, 43, 44, 45, 46, 41",战斗开始时，运用者获得28只蛊引；此功法发挥$0$成威力时，为敌人种下未识主的青髓若蛊；青髓若蛊会在宿主受到直接重创标记时：随机将宿主最多3只刚刚被种下的若蛊成长为未识主且已成长的若蛊，或将宿主的最多3只已成长的若蛊成长为成蛊；青髓若蛊每次发作后需要消耗宿主或对手的28只蛊引，否则就会死亡,战斗开始时，运用者获得28只蛊引；此功法发挥$0$成威力时，为运用者种下已识主的青髓若蛊；青髓若蛊会在宿主受到重创标记时：随机将宿主最多3只刚刚被种下的若蛊成长为已识主且已成长的若蛊，或将宿主的最多3只成蛊退化为已识主且已成长的若蛊；青髓若蛊每次发作后需要消耗宿主或对手的28只蛊引，否则就会死亡
462,无形小擒拿,0,无形小擒拿出手隐秘，招招倒行逆施，讲究“左为右用，右为左用，左右逆行；上为下用，下为上用，上下倒施”。,1,指法,Invalid,1,13,5,606,true,false,23,属性1=65; 属性5=35; 属性84=100; 属性54=100,541,1267,1,8,0,false,"3, 4",1,100,0,0,-1,-1,0,"0, 0, 0, 0",0,"0, 0, 0, 0","0, 0, 0, 0","外:0, 内:0","外:0, 内:0","外:0, 内:0",0,0,0,0,0,0,0,0,"0, 0, 0, 0, 0, 0",15000,4,0,60,30,20,160,10,式7=1; 式8=1,0,0,318,-1,"0, 20, 1, 30, 30, 20, 20",70,"10, 50, 40, 0",true,false,"0, 0, 0, 0, 0, 0, 0, 0, 0, 0, 0, 0",50,-1,,0,0,0,"0, 0, 0, 0",36,0,36,-1,-1,false,-1,-1,-1,0,0,0,"0, 0, 0, 0",0,0,0,0,0,list,"0, 0, 0, 20, 20, 0, 0","0, 0, 0, 0, 0, 0, 0",0,0,list2,"0, 0, 0, 0, 0",loopBonusSkillList,0,"20, 19, 17, 41, 42, 43, 44, 45, 46",根据此功法发挥的成数，损耗敌人的架势,根据此功法发挥的成数，损耗敌人的提气
463,摘星式,1,摘星式轻快矫捷，走转行功极其灵活，指出如箭离弦，可于百步之外袭取敌人心口要害，故而“摘星”实为“摘心”也。,1,指法,Invalid,1,13,2,607,true,false,24,属性1=75; 属性5=40; 属性84=150; 属性54=150,542,1268,1,8,1,true,"3, 4, 5, 6",1,150,0,0,-1,-1,0,"0, 0, 0, 0",0,"0, 0, 0, 0","0, 0, 0, 0","外:0, 内:0","外:0, 内:0","外:0, 内:0",0,0,0,0,0,0,0,0,"0, 0, 0, 0, 0, 0",15000,4,0,60,60,20,320,20,式7=2,0,0,309,-1,"100, 20, 1, 0, 0, 0, 0",40,"20, 40, 40, 0",false,false,"0, 0, 0, 0, 0, 0, 0, 0, 0, 0, 0, 0",50,-1,,0,0,0,"0, 0, 0, 0",36,0,36,-1,-1,false,-1,-1,-1,0,0,0,"0, 0, 0, 0",0,0,0,0,0,list,"0, 0, 0, 15, 15, 0, 0","0, 0, 0, 15, 15, 0, 0",0,0,list2,"0, 0, 0, 0, 0",loopBonusSkillList,0,"20, 19, 41, 42, 43, 44, 45, 46",此功法发挥$0$成威力后，运用者获得4层此效果：运用者获得的所有「崩」式、「拿」式，变化为「点」式,此功法发挥$0$成威力时，运用者获得2个「点」式
464,玉井化脉手,2,所谓：“帝王藏冰于井，伏日以赐大臣”。玉井化脉手能引敌人真气从自身带脉穿流而过，其间以自身纯阴之力化去对方阳元，致其力竭而亡。,1,指法,Invalid,1,13,2,608,true,false,25,属性1=50; 属性4=35; 属性5=45; 属性84=200; 属性54=200,543,1269,2,0,2,true,"0, 1, 3, 4",1,200,0,0,-1,-1,0,"0, 0, 0, 0",0,"0, 0, 0, 0","0, 0, 0, 0","外:0, 内:0","外:0, 内:0","外:0, 内:0",0,0,0,0,0,0,0,0,"0, 0, 0, 0, 0, 0",21000,4,0,60,100,20,280,10,式8=2,0,0,318,-1,"0, 80, 0, 20, 20, 0, 0",100,"10, 50, 40, 0",true,false,"0, 0, 600, 1, 0, 0, 0, 0, 0, 0, 0, 0",50,-1,,0,0,0,"0, 0, 0, 0",36,0,36,-1,-1,false,-1,-1,-1,0,0,0,"0, 0, 0, 0",0,0,0,0,0,list,"0, 0, 0, 0, 0, 0, 0","0, 0, 0, 40, 40, 0, 0",0,0,list2,"0, 0, 0, 0, 0",loopBonusSkillList,0,"20, 19, 16, 41, 43, 44, 45, 46",此功法发挥$0$成威力时，吸取敌人3点真气，吸取的真气类型为运用者数量最低的真气；如果运用者在吸取敌人的真气后，运用者的真气仍低于其初始值，运用者额外再吸取敌人3点此类型的真气，且敌人再损失3点此类型的真气,此功法发挥$0$成威力时，吸取敌人3点真气，吸取的真气类型为敌人数量最高的真气；如果运用者在吸取敌人的真气后，敌人的真气仍高于其初始值，运用者额外再吸取敌人3点此类型的真气，且敌人再损失3点此类型的真气
465,伏阴指,3,伏阴指出入不露行迹，指力暗生暗发，中者仿佛被冰刀冰剑所割伤，伤口凝起白霜，纵然能够保住性命，此伤亦极难痊愈。,1,指法,Invalid,2,13,2,609,true,false,26,属性1=55; 属性4=40; 属性5=50; 属性84=250; 属性54=250,544,1270,2,1,3,true,"0, 1, 3, 4",2,250,0,0,-1,-1,0,"0, 0, 0, 0",0,"0, 0, 0, 0","0, 0, 0, 0","外:0, 内:0","外:0, 内:0","外:0, 内:0",0,0,0,0,0,0,0,0,"0, 0, 0, 0, 0, 0",18000,4,0,80,70,20,480,10,式7=3,0,0,309,-1,"0, 60, 1, 15, 15, 15, 15",80,"20, 30, 50, 0",true,false,"0, 0, 0, 0, 450, 2, 0, 0, 0, 0, 0, 0",50,-1,,0,0,0,"0, 0, 0, 0",36,0,36,-1,-1,false,-1,-1,-1,0,0,0,"0, 0, 0, 0",0,0,0,0,0,list,"0, 0, 0, 0, 0, 0, 0","0, 0, 0, 50, 50, 0, 0",0,0,list2,"0, 0, 0, 0, 0",loopBonusSkillList,0,"20, 19, 16, 41, 42, 43, 45, 46",此功法发挥$0$成威力后，运用者获得6层此效果：敌人受到的外伤有较高的几率变化为更难恢复的旧时外伤,此功法发挥$0$成威力后，运用者获得6层此效果：敌人受到的内伤有较高的几率变化为更难恢复的旧时内伤
466,天劫七曜指,4,天劫七曜指共有“日、月、金、木、水、火、土”七式，每一式又有七变。七曜指力既有相生，又有相克，或生生不息，或灭而后生，可谓变化如神。,1,指法,Invalid,2,13,2,610,true,false,27,属性1=60; 属性4=45; 属性5=55; 属性84=300; 属性54=300,545,1271,3,0,4,true,"3, 4",2,300,0,0,-1,-1,0,"0, 0, 0, 0",0,"0, 0, 0, 0","0, 0, 0, 0","外:0, 内:0","外:0, 内:0","外:0, 内:0",0,0,0,0,0,0,0,0,"0, 0, 0, 0, 0, 0",18000,4,0,80,70,20,560,15,式7=3,0,0,309,-1,"30, 30, 1, 20, 20, 10, 10",100,"30, 30, 40, 0",false,false,"0, 0, 0, 0, 0, 0, 0, 0, 0, 0, 0, 0",50,-1,,0,0,0,"0, 0, 0, 0",36,0,36,-1,-1,false,-1,-1,-1,0,0,0,"0, 0, 0, 0",0,0,0,0,0,list,"0, 0, 0, 35, 35, 0, 0","0, 0, 0, 35, 35, 0, 0",0,0,list2,"0, 0, 0, 0, 0",loopBonusSkillList,0,"20, 19, 41, 42, 43, 44, 45, 46",此功法发挥$0$成威力时，如果敌人的「摧破」真气不低于初始值，使敌人失去30点「摧破」真气，否则失去10点,此功法发挥$0$成威力时，如果敌人的「摧破」真气不低于初始值，运用者自敌人体内吸取15点「摧破」真气，否则吸取5点
467,玄冥指,5,玄冥指阴毒无比，其招式固然精奇古怪，出指更挟有阵阵阴邪厉风，中者全身发青，脏腑尽皆冻毁，非受尽七日折磨不能就死。,1,指法,Invalid,2,13,2,611,true,false,28,属性1=65; 属性4=50; 属性5=60; 属性84=350; 属性54=350,546,1272,3,1,5,true,"0, 1, 3, 4",2,350,0,0,-1,-1,0,"0, 0, 0, 0",0,"0, 0, 0, 0","0, 0, 0, 0","外:0, 内:0","外:0, 内:0","外:0, 内:0",0,0,0,0,0,0,0,0,"0, 0, 0, 0, 0, 0",18000,4,0,80,100,20,640,10,式7=3,0,0,309,-1,"20, 100, 1, 0, 0, 0, 0",120,"10, 40, 50, 0",true,false,"0, 0, 0, 0, 800, 2, 0, 0, 0, 0, 0, 0",50,-1,,0,0,0,"0, 0, 0, 0",36,0,36,-1,-1,false,-1,-1,-1,0,0,0,"0, 0, 0, 0",0,0,0,0,0,list,"0, 0, 0, 0, 0, 0, 0","0, 0, 0, 90, 90, 0, 0",0,0,list2,"0, 0, 0, 0, 0",loopBonusSkillList,0,"20, 19, 16, 41, 42, 43, 45, 46",此功法发挥$0$成威力时，敌人的寒毒标记越多，就向敌人添加越多随机部位的封穴，并且根据此功法的威力对敌人随机身体部位施加越多内伤伤害,此功法发挥$0$成威力时，运用者的寒毒标记越多，就向敌人添加越多随机部位的封穴，并且根据此功法的威力对敌人随机身体部位施加越多内伤伤害
468,太素绝手,6,太素绝手共有四式，乃界青崖之不传绝学。因其“功力至奇至绝，出手绝不留情，手段绝无仅有，中者绝难活命”，所以谓之“绝手”。,1,指法,Invalid,3,13,2,612,true,true,29,属性1=100; 属性5=90; 属性84=400; 属性54=400,547,1273,4,8,6,true,"3, 4",3,400,0,0,-1,-1,0,"0, 0, 0, 0",0,"0, 0, 0, 0","0, 0, 0, 0","外:0, 内:0","外:0, 内:0","外:0, 内:0",0,0,0,0,0,0,0,0,"0, 0, 0, 0, 0, 0",15000,4,0,100,50,20,720,10,式7=2; 式8=2,0,0,318,-1,"0, 60, 10, 30, 30, 0, 0",150,"10, 70, 20, 0",false,true,"0, 0, 0, 0, 0, 0, 0, 0, 0, 0, 0, 0",50,-1,,0,0,0,"0, 0, 0, 0",36,0,36,-1,-1,false,-1,-1,-1,0,0,0,"0, 0, 0, 0",0,0,0,0,0,list,"0, 0, 0, 55, 55, 0, 0","0, 0, 0, 55, 55, 0, 0",0,0,list2,"0, 0, 0, 0, 0",loopBonusSkillList,0,"20, 19, 41, 42, 43, 44, 45, 46",此功法发挥的成数越高，就有越高的几率「打断」敌人正在施展的功法，并根据被「打断」的功法的威力累积增加此功法的威力，持续直到战斗结束，且长时间封禁被「打断」的功法,此功法发挥的成数越高，就有越高的几率「打断」敌人正在施展的功法，并根据此功法的威力累积减少被「打断」的功法的威力，持续直到战斗结束，且长时间封禁被「打断」的功法
469,错神指,7,错神指瞬息万变，快逾心念电闪，正是：“观其在前，实已在后，观其在左，实已在右”，见此指法者无不生出莫大的错乱之感，故名“错神”。,1,指法,Invalid,3,13,2,613,true,true,30,属性1=70; 属性4=55; 属性5=80; 属性84=450; 属性54=450,548,1274,4,1,7,true,2,3,450,0,0,-1,-1,0,"0, 0, 0, 0",0,"0, 0, 0, 0","0, 0, 0, 0","外:0, 内:0","外:0, 内:0","外:0, 内:0",0,0,0,0,0,0,0,0,"0, 0, 0, 0, 0, 0",15000,4,0,100,100,20,640,10,式7=4,0,0,363,-1,"20, 40, 1, 20, 20, 10, 10",240,"20, 20, 60, 0",true,false,"0, 0, 0, 0, 0, 0, 0, 0, 0, 0, 0, 0",50,-1,,0,0,0,"0, 0, 0, 0",36,0,36,-1,-1,false,-1,-1,-1,0,0,0,"0, 0, 0, 0",0,0,0,0,0,list,"0, 0, 0, 0, 0, 0, 0","0, 0, 0, 110, 110, 0, 0",0,60,list2,"0, 0, 0, 0, 0",loopBonusSkillList,0,"20, 16, 41, 42, 43, 44, 45, 46",如果运用者的「轻灵」真气高于初始值且高于敌人的「轻灵」真气，此功法的施展进度将从75%开始，且此功法的威力大幅提高，且此功法施展结束时，运用者失去12点「轻灵」真气,如果运用者的「轻灵」真气低于初始值且低于敌人的「轻灵」真气，此功法的施展进度将从75%开始，且此功法的威力大幅提高，且此功法施展结束时，运用者获得12点「轻灵」真气
470,太易琉璃指,8,“阴阳未变，恢漠太虚，神之始而未见气也，谓之太易”。太易琉璃指无光无象，指力无形无名，所指之物，无不化为齑粉，好似叱石成羊，神异至极。,1,指法,Invalid,3,13,2,614,true,true,31,属性1=75; 属性4=60; 属性5=85; 属性84=500; 属性54=500,549,1275,5,1,8,true,"3, 4",3,500,0,0,-1,-1,0,"0, 0, 0, 0",0,"0, 0, 0, 0","0, 0, 0, 0","外:0, 内:0","外:0, 内:0","外:0, 内:0",0,0,0,0,0,0,0,0,"0, 0, 0, 0, 0, 0",24000,4,0,100,30,20,1040,15,式7=4,0,0,363,-1,"40, 80, 1, 0, 0, 0, 0",180,"0, 30, 70, 0",false,false,"0, 0, 0, 0, 0, 0, 0, 0, 0, 0, 0, 0",50,-1,,0,0,0,"0, 0, 0, 0",36,0,36,-1,-1,false,-1,-1,-1,0,0,0,"0, 0, 0, 0",0,0,0,0,0,list,"0, 0, 0, 70, 70, 0, 0","0, 0, 0, 70, 70, 0, 0",100,0,list2,"0, 0, 0, 0, 0",loopBonusSkillList,0,"19, 41, 42, 43, 44, 45, 46",施展此功法的过程中：运用者与敌人的大部分御体变化为破体；运用者受到的所有直接外伤标记不会超过2个,施展此功法的过程中：运用者与敌人的大部分御气变化为破气；运用者受到的所有直接内伤标记不会超过2个
471,戳眼削耳功,0,戳眼削耳功乃是市井无赖打架时所常用的技法，讲究“斜削顺抓，指不离眼”，尽是为江湖人士所不齿的恶毒招术。,1,指法,Invalid,1,15,5,615,true,false,31,属性0=30; 属性1=70; 属性84=100; 属性59=80; 属性65=80,575,1301,1,8,0,false,"3, 4",1,100,0,0,-1,-1,0,"0, 0, 0, 0",0,"0, 0, 0, 0","0, 0, 0, 0","外:0, 内:0","外:0, 内:0","外:0, 内:0",0,0,0,0,0,0,0,0,"0, 0, 0, 0, 0, 0",15000,4,0,60,30,25,280,10,式7=1; 式8=1,0,0,291,-1,"0, 0, 10, 0, 0, 0, 0",40,"20, 20, 60, 0",false,false,"0, 0, 0, 0, 0, 0, 0, 0, 0, 0, 0, 0",50,-1,"200, 199",0,0,0,"0, 0, 0, 0",36,0,36,-1,-1,false,-1,-1,-1,0,0,0,"0, 0, 0, 0",0,0,0,0,0,list,"0, 0, 0, 20, 20, 0, 0","0, 0, 0, 0, 0, 0, 0",0,0,list2,"0, 0, 0, 0, 0",loopBonusSkillList,0,"20, 19, 17, 41, 42, 43, 44, 45, 46",开始施展此功法时，敌人“伤坏”的部位越多，此功法的威力就提高越多；此功法发挥$0$成威力时，使敌人有外伤的头部“眼耳伤坏”；“眼耳伤坏”者进行兵器攻击时的命中及受到兵器攻击时的化解大幅降低，头部受到的任何内伤重创提高，且受创者头颈的外伤达到4层即视为头颈残毁，头颈遭受外伤的同时会受到等额的重创伤害，直到受创者治愈了所有头部的外伤，此创伤才会消失,开始施展此功法时，敌人“剧痛”的部位越多，此功法的威力就提高越多；此功法发挥$0$成威力时，使敌人有内伤的头部“眼耳剧痛”；“眼耳剧痛”者进行兵器攻击时的命中及受到兵器攻击时的化解大幅降低，头部受到的任何外伤重创提高，且受创者头颈的内伤达到4层即视为头颈残毁，头颈遭受内伤的同时会受到等额的重创伤害，直到受创者治愈了所有头部的内伤，此创伤才会消失
472,锁喉阴手,1,锁喉阴手擅于偷袭，出手诡诈阴险，绝不显露痕迹，待到敌人察觉指爪来势有异，已为阴劲闭气锁喉，受到极大的暗伤。,1,指法,Invalid,1,15,4,616,true,false,32,属性0=55; 属性1=60; 属性84=150; 属性59=120; 属性65=120,576,1302,1,8,1,false,"3, 4",1,150,0,0,-1,-1,0,"0, 0, 0, 0",0,"0, 0, 0, 0","0, 0, 0, 0","外:0, 内:0","外:0, 内:0","外:0, 内:0",0,0,0,0,0,0,0,0,"0, 0, 0, 0, 0, 0",18000,4,0,60,40,25,320,10,式8=2,0,0,345,-1,"60, 0, 10, 30, 30, 0, 0",60,"40, 20, 40, 0",false,true,"0, 0, 0, 0, 0, 0, 0, 0, 0, 0, 0, 0",50,-1,,0,0,0,"0, 0, 0, 0",36,0,36,-1,-1,false,-1,-1,-1,0,0,0,"0, 0, 0, 0",0,0,0,0,0,list,"0, 0, 0, 15, 15, 0, 0","0, 0, 0, 15, 15, 0, 0",0,0,list2,"0, 0, 0, 0, 0",loopBonusSkillList,0,"20, 19, 41, 42, 43, 44, 45, 46",战斗开始时，运用者获得0层此效果：每当运用者击中敌人的腰腹，此功法的威力提高、开始施展时的施展进度提高，此效果最多累积2层；此功法发挥$0$成威力时，大幅损耗敌人的架势,战斗开始时，运用者获得0层此效果：每当运用者击中敌人的腰腹，此功法的威力提高、开始施展时的施展进度提高，此效果最多累积2层；此功法发挥$0$成威力时，大幅损耗敌人的提气
473,分筋错骨手,2,分筋错骨手共有“分筋”与“错骨”二法，乃是专门摧残敌人手足四肢各大关节的擒拿术，其杀伤力虽然有限，但中者剧痛难当，苦不堪言。,1,指法,Invalid,1,15,5,617,true,false,33,属性0=65; 属性1=65; 属性84=200; 属性59=160; 属性65=160,577,1303,2,8,2,false,"3, 4",1,200,0,0,-1,-1,0,"0, 0, 0, 0",0,"0, 0, 0, 0","0, 0, 0, 0","外:0, 内:0","外:0, 内:0","外:0, 内:0",0,0,0,0,0,0,0,0,"0, 0, 0, 0, 0, 0",21000,4,0,60,30,25,400,10,式8=2,0,0,345,-1,"0, 0, 1, 40, 40, 20, 20",70,"40, 20, 40, 0",false,false,"0, 0, 0, 0, 0, 0, 0, 0, 0, 0, 0, 0",50,-1,"206, 205",0,0,0,"0, 0, 0, 0",36,0,36,-1,-1,false,-1,-1,-1,0,0,0,"0, 0, 0, 0",0,0,0,0,0,list,"0, 0, 0, 40, 40, 0, 0","0, 0, 0, 0, 0, 0, 0",0,0,list2,"0, 0, 0, 0, 0",loopBonusSkillList,0,"20, 19, 17, 41, 42, 43, 44, 45, 46",开始施展此功法时，敌人“伤坏”的部位越多，此功法的威力就提高越多；此功法发挥$0$成威力时，使敌人有外伤的手臂“肩臂伤坏”；“肩臂伤坏”者的蓄式无法超过6个，双手受到的任何内伤重创提高，且受创者手臂的外伤达到4层即视为手臂残毁，手臂遭受外伤的同时会受到等额的重创伤害，直到受创者治愈了所有手臂的外伤，此创伤才会消失,开始施展此功法时，敌人“剧痛”的部位越多，此功法的威力就提高越多；此功法发挥$0$成威力时，使敌人有内伤的手臂“肩臂剧痛”；“肩臂剧痛”者的蓄式无法超过6个，双手受到的任何外伤重创提高，且受创者手臂的内伤达到4层即视为手臂残毁，手臂遭受内伤的同时会受到等额的重创伤害，直到受创者治愈了所有手臂的内伤，此创伤才会消失
474,三指夺阴爪,3,三指夺阴爪乃是血犼教最恶名昭彰的狠辣指法，此功易学易练，要旨唯“无耻”二字，其招式尽是低伏窜下，走腋夺阴，中者不免终身残疾，子孙断绝。,1,指法,Invalid,2,15,4,618,true,false,34,属性0=70; 属性1=75; 属性84=250; 属性59=200; 属性65=200,578,1304,2,8,3,false,"3, 4",2,250,0,0,-1,-1,0,"0, 0, 0, 0",0,"0, 0, 0, 0","0, 0, 0, 0","外:0, 内:0","外:0, 内:0","外:0, 内:0",0,0,0,0,0,0,0,0,"0, 0, 0, 0, 0, 0",18000,4,0,80,40,25,360,10,式7=1; 式8=2,0,0,291,-1,"0, 100, 0, 0, 0, 10, 10",110,"20, 30, 50, 0",false,false,"0, 0, 0, 0, 0, 0, 0, 0, 0, 0, 0, 0",50,-1,"204, 203",0,0,0,"0, 0, 0, 0",36,0,36,-1,-1,false,-1,-1,-1,0,0,0,"0, 0, 0, 0",0,0,0,0,0,list,"0, 0, 0, 25, 25, 0, 0","0, 0, 0, 25, 25, 0, 0",0,0,list2,"0, 0, 0, 0, 0",loopBonusSkillList,0,"20, 19, 41, 42, 43, 44, 45, 46",开始施展此功法时，敌人“伤坏”的部位越多，此功法的威力就提高越多；此功法发挥$0$成威力时，使敌人有外伤的腰腹“腰腹伤坏”；“腰腹伤坏”者的架势无法超过60%，腰腹受到的任何内伤重创提高，且受创者腰腹的外伤达到4层即视为腰腹残毁，腰腹遭受外伤的同时会受到等额的重创伤害，直到受创者治愈了所有腰腹的外伤，此创伤才会消失,开始施展此功法时，敌人“剧痛”的部位越多，此功法的威力就提高越多；此功法发挥$0$成威力时，使敌人有内伤的腰腹“腰腹剧痛”；“腰腹剧痛”者的架势无法超过60%，腰腹受到的任何外伤重创提高，且受创者腰腹的内伤达到4层即视为腰腹残毁，腰腹遭受内伤的同时会受到等额的重创伤害，直到受创者治愈了所有腰腹的内伤，此创伤才会消失
475,毒龙爪,4,所谓：“邪妄生毒龙，妖魔与心通”。毒龙爪能五指齐发黑雾，极其骇人，其恶毒直攻心肺，中者五日后必口喷黑水而死。,1,指法,Invalid,2,15,4,619,true,false,35,属性0=80; 属性3=40; 属性4=40; 属性84=300; 属性59=240; 属性65=240,579,1305,3,5,4,false,"3, 4",2,300,0,0,-1,-1,0,"0, 0, 0, 0",0,"0, 0, 0, 0","0, 0, 0, 0","外:0, 内:0","外:0, 内:0","外:0, 内:0",0,0,0,0,0,0,0,0,"0, 0, 0, 0, 0, 0",24000,4,0,80,30,25,560,10,式6=1; 式7=1; 式8=1,0,0,345,-1,"40, 20, 1, 30, 30, 0, 0",120,"40, 20, 40, 0",false,false,"0, 0, 0, 0, 0, 0, 600, 2, 0, 0, 0, 0",50,-1,,0,0,0,"0, 0, 0, 0",36,0,36,-1,-1,false,-1,-1,-1,0,0,0,"0, 0, 0, 0",0,0,0,0,0,list,"0, 0, 0, 70, 70, 0, 0","0, 0, 0, 0, 0, 0, 0",0,0,list2,"0, 0, 0, 0, 0",loopBonusSkillList,0,"20, 19, 17, 41, 42, 44, 45, 46",此功法发挥$0$成威力后，运用者获得10层此效果：运用者以摧破类功法向敌人施加的赤毒由「生毒」提升为「剧毒」、由「剧毒」提升为「奇毒」，且运用者带有赤毒的摧破类功法的施展速度大幅提高,此功法发挥$0$成威力后，运用者获得10层此效果：敌人以摧破类功法向运用者施加的赤毒由「奇毒」降低为「剧毒」、由「剧毒」降低为「生毒」，且敌人带有赤毒的摧破类功法的施展速度大幅降低
476,黄泉指,5,黄泉者，其指有二：“其一，此功恶毒无比，指力阴邪有如黄泉阴风；其二，中黄泉指者，恶毒难除，伤口血肉无不化为黄浆泉涌而出”。,1,指法,Invalid,2,15,4,620,true,false,36,属性0=50; 属性3=60; 属性4=65; 属性84=350; 属性59=280; 属性65=280,580,1306,3,5,5,false,"3, 4",2,350,0,0,-1,-1,0,"0, 0, 0, 0",0,"0, 0, 0, 0","0, 0, 0, 0","外:0, 内:0","外:0, 内:0","外:0, 内:0",0,0,0,0,0,0,0,0,"0, 0, 0, 0, 0, 0",21000,4,0,80,50,25,640,15,式7=2; 式8=1,0,0,291,-1,"0, 60, 1, 20, 20, 10, 10",130,"20, 30, 50, 0",false,false,"0, 0, 0, 0, 0, 0, 0, 0, 800, 2, 0, 0",50,-1,,0,0,0,"0, 0, 0, 0",36,0,36,-1,-1,false,-1,-1,-1,0,0,0,"0, 0, 0, 0",0,0,0,0,0,list,"0, 0, 0, 45, 45, 0, 0","0, 0, 0, 45, 45, 0, 0",0,0,list2,"0, 0, 0, 0, 0",loopBonusSkillList,0,"20, 19, 41, 42, 43, 44, 46",开始施展此功法时，敌人所中腐毒越深，此功法的威力就提高越多；根据此功法发挥的成数，向敌人施加一个降低腐毒抵抗的损害状态,开始施展此功法时，运用者所中腐毒越深，此功法的威力就提高越多；根据此功法发挥的成数，向运用者施加一个提高腐毒抵抗的增益状态
477,血池鬼爪,6,血池鬼爪乃是以秘传邪功采取人畜鲜血修炼而成。鬼爪凌厉残忍，中者血液逆流，尽数被鬼爪所吸食，鬼爪吸血愈多，威力愈强。,1,指法,Invalid,3,15,4,621,true,true,37,属性0=90; 属性3=50; 属性4=50; 属性84=400; 属性59=320; 属性65=320,581,1307,4,5,6,false,"3, 4",3,400,0,0,-1,-1,0,"0, 0, 0, 0",0,"0, 0, 0, 0","0, 0, 0, 0","外:0, 内:0","外:0, 内:0","外:0, 内:0",0,0,0,0,0,0,0,0,"0, 0, 0, 0, 0, 0",18000,4,0,100,50,25,880,20,式7=2; 式8=2,0,0,345,-1,"20, 40, 10, 20, 20, 10, 10",120,"30, 20, 50, 0",true,true,"0, 0, 0, 0, 0, 0, 600, 3, 0, 0, 0, 0",50,-1,,0,0,0,"0, 0, 0, 0",36,0,36,-1,-1,false,-1,-1,-1,0,0,0,"0, 0, 0, 0",0,0,0,0,0,list,"0, 0, 0, 55, 55, 0, 0","0, 0, 0, 55, 55, 0, 0",0,0,list2,"0, 0, 0, 0, 0",loopBonusSkillList,0,"20, 19, 41, 42, 44, 45, 46",此功法发挥$0$成威力时，运用者将自身每个部位的1个新增外伤对应转移至敌人“伤坏”的部位,此功法发挥$0$成威力时，运用者将自身每个部位的1个新增内伤对应转移至敌人“剧痛”的部位
478,元山弹腿,0,“手是两扇门，全凭腿打人，弹腿四只手，人怕鬼见愁”。元山弹腿精悍明快，首重突发迅击，其势弹如弹丸，故名“弹腿”。,1,腿法,Invalid,1,5,4,622,true,false,16,属性0=35; 属性2=25; 属性3=40; 属性85=100; 属性62=80; 属性63=80,701,1427,1,8,0,false,"5, 6",1,100,0,0,-1,-1,0,"0, 0, 0, 0",0,"0, 0, 0, 0","0, 0, 0, 0","外:0, 内:0","外:0, 内:0","外:0, 内:0",0,0,0,0,0,0,0,0,"0, 0, 0, 0, 0, 0",15000,6,15,40,0,15,280,15,list3,0,0,-1,-1,"0, 40, 0, 0, 0, 40, 40",40,"20, 30, 50, 0",false,false,"0, 0, 0, 0, 0, 0, 0, 0, 0, 0, 0, 0",50,-1,,0,0,0,"0, 0, 0, 0",36,0,36,-1,-1,false,-1,-1,-1,0,0,0,"0, 0, 0, 0",0,0,0,0,0,list,"0, 0, 0, 0, 0, 20, 20","0, 0, 0, 0, 0, 0, 0",0,0,list2,"0, 0, 0, 0, 0",loopBonusSkillList,0,"20, 19, 17, 41, 42, 43, 44, 45, 46",每当运用者使用「刀」至少追击敌人2次后，如果敌人在此功法的攻击范围内，运用者从施展进度50%开始立即无消耗施展此功法攻击敌人；此功法施展结束后，会由正练转变为逆练,每当运用者使用「剑」至少追击敌人2次后，如果敌人在此功法的攻击范围内，运用者从施展进度50%开始立即无消耗施展此功法攻击敌人；此功法施展结束后，会由逆练转变为正练
479,鸳鸯连环脚,1,鸳鸯连环脚步轻身活，近可戳击点脚，远可连环飞踢，诀曰：“有上即有下，有左即有右，左脚发，右脚随，连绵不断，成双配偶，谓之鸳鸯”。,1,腿法,Invalid,1,5,5,623,true,false,17,属性0=30; 属性1=45; 属性2=40; 属性85=150; 属性62=120; 属性63=120,702,1428,1,8,1,false,"5, 6",1,150,0,0,-1,-1,0,"0, 0, 0, 0",0,"0, 0, 0, 0","0, 0, 0, 0","外:0, 内:0","外:0, 内:0","外:0, 内:0",0,0,0,0,0,0,0,0,"0, 0, 0, 0, 0, 0",18000,5,15,40,0,15,200,20,list3,0,0,-1,-1,"40, 40, 1, 0, 0, 20, 20",90,"20, 40, 40, 0",false,false,"0, 0, 0, 0, 0, 0, 0, 0, 0, 0, 0, 0",50,-1,,0,0,0,"0, 0, 0, 0",36,0,36,-1,-1,false,-1,-1,-1,0,0,0,"0, 0, 0, 0",0,0,0,0,0,list,"0, 0, 0, 0, 0, 15, 15","0, 0, 0, 0, 0, 15, 15",0,0,list2,"0, 0, 0, 0, 0",loopBonusSkillList,0,"20, 19, 41, 42, 43, 44, 45, 46",此功法发挥$0$成威力后，施展此功法需要消耗的架势、脚力降低，最多降低75%，持续直到战斗结束,此功法发挥$0$成威力后，施展此功法需要消耗的提气、脚力降低，最多降低75%，持续直到战斗结束
480,虎尾功,2,虎尾功走转矫捷，乃是截打反击之术，不仅出腿全无征兆，说发便发，而且腿力刚劲强实，扫摆生风，于危急之际施展出来，声势惊人。,1,腿法,Invalid,1,5,4,624,true,false,18,属性0=40; 属性2=45; 属性3=45; 属性85=200; 属性62=160; 属性63=160,703,1429,2,2,2,false,"1, 5, 6",1,200,0,0,-1,-1,0,"0, 0, 0, 0",0,"0, 0, 0, 0","0, 0, 0, 0","外:0, 内:0","外:0, 内:0","外:0, 内:0",0,0,0,0,0,0,0,0,"0, 0, 0, 0, 0, 0",18000,6,15,40,0,15,400,15,,0,0,-1,-1,"0, 20, 0, 0, 0, 50, 50",60,"50, 20, 30, 0",false,true,"0, 0, 0, 0, 0, 0, 0, 0, 0, 0, 0, 0",50,-1,,0,0,0,"0, 0, 0, 0",36,0,36,-1,-1,false,-1,-1,-1,0,0,0,"0, 0, 0, 0",0,0,0,0,0,,"0, 0, 0, 0, 0, 40, 40","0, 0, 0, 0, 0, 0, 0",0,0,,"0, 0, 0, 0, 0",,0,"20, 19, 17, 41, 42, 43, 44, 45, 46",战斗开始时，运用者获得3层此效果：敌人在大于运用者的最大攻击距离的位置攻击运用者时，此功法的攻击范围大幅提高，运用者从施展进度50%开始立即无消耗施展此功法攻击敌人；主动施展此功法，且发挥$0$成威力时，此效果恢复1层,战斗开始时，运用者获得3层此效果：敌人在小于运用者的最小攻击距离的位置攻击运用者时，此功法的攻击范围大幅提高，运用者从施展进度50%开始立即无消耗施展此功法攻击敌人；主动施展此功法，且发挥$0$成威力时，此效果恢复1层
481,九宫乱八步,3,九宫乱八步乃是由九宫八卦之数演化而来，共有顺、逆、阴、阳九九八十一种变化，进可攻，退可守，形乱而意整。,1,腿法,Invalid,2,5,5,625,true,false,19,属性1=50; 属性2=50; 属性4=45; 属性85=250; 属性62=200; 属性63=200,704,1430,2,7,3,false,"5, 6",2,250,0,0,-1,-1,0,"0, 0, 0, 0",0,"0, 0, 0, 0","0, 0, 0, 0","外:0, 内:0","外:0, 内:0","外:0, 内:0",0,0,0,0,0,0,0,0,"0, 0, 0, 0, 0, 0",21000,6,20,60,30,15,440,15,,0,0,-1,-1,"0, 0, 0, 0, 0, 60, 60",120,"30, 50, 20, 0",false,false,"0, 0, 0, 0, 0, 0, 0, 0, 0, 0, 0, 0",50,-1,,0,0,0,"0, 0, 0, 0",36,0,36,-1,-1,false,-1,-1,-1,0,0,0,"0, 0, 0, 0",0,0,0,0,0,,"0, 0, 0, 0, 0, 25, 25","0, 0, 0, 0, 0, 25, 25",0,0,,"0, 0, 0, 0, 0",,0,"20, 19, 41, 42, 43, 44, 45, 46",施展此功法的过程中，运用者可以前进最多3距离，运用者每前进0.2距离，将运用者在施展此功法的过程中受到的1个妨害标记转移给敌人,施展此功法的过程中，运用者可以后退最多3距离，运用者每后退0.2距离，将运用者在施展此功法的过程中受到的1个妨害标记转移给敌人
482,大力金刚腿,4,大力金刚腿传自西域，出腿刚烈至极，所踏之处，山石崩裂，树倒墙摧，功力精纯者，能在大钟铁鼎之上踏出数寸深的足印。,1,腿法,Invalid,2,5,4,626,true,false,20,属性0=80; 属性2=30; 属性3=50; 属性85=300; 属性62=240; 属性63=240,705,1431,3,2,4,false,"5, 6",2,300,0,0,-1,-1,0,"0, 0, 0, 0",0,"0, 0, 0, 0","0, 0, 0, 0","外:0, 内:0","外:0, 内:0","外:0, 内:0",0,0,0,0,0,0,0,0,"0, 0, 0, 0, 0, 0",27000,6,20,60,0,15,760,15,list,0,0,-1,-1,"40, 20, 0, 0, 0, 30, 30",80,"60, 10, 30, 0",false,false,"0, 0, 0, 0, 0, 0, 0, 0, 0, 0, 0, 0",50,-1,,0,0,0,"0, 0, 0, 0",36,0,36,-1,-1,false,-1,-1,-1,0,0,0,"0, 0, 0, 0",0,0,0,0,0,list2,"0, 0, 0, 0, 0, 70, 70","0, 0, 0, 0, 0, 0, 0",0,0,list3,"0, 0, 0, 0, 0",loopBonusSkillList,0,"20, 19, 17, 41, 42, 43, 44, 45, 46",以此功法攻击敌人时：运用者的破甲大幅增加；根据此功法发挥的成数，将敌人击退最多5距离，如果敌人被击退至敌我最大距离，随机向敌人添加3个级别较高的破绽,以此功法攻击敌人时：运用者的破甲大幅增加；根据此功法发挥的成数，将敌人拉近最多5距离，如果敌人被拉近至敌我最小距离，随机向敌人添加3个级别较高的破绽
483,五丁开山腿,5,“五丁者，古之五力士也，千斤力，无人敌”。五丁开山腿共有搬、移、倒、辟、开五式，可谓踏石可开山，投足可辟路，力大无比，威力无穷。,1,腿法,Invalid,2,5,4,627,true,false,21,属性0=85; 属性2=35; 属性3=55; 属性85=350; 属性62=280; 属性63=280,706,1432,3,2,5,false,"1, 5, 6",2,350,0,0,-1,-1,0,"0, 0, 0, 0",0,"0, 0, 0, 0","0, 0, 0, 0","外:0, 内:0","外:0, 内:0","外:0, 内:0",0,0,0,0,0,0,0,0,"0, 0, 0, 0, 0, 0",33000,6,20,60,0,15,800,20,list,0,0,-1,-1,"60, 0, 0, 0, 0, 30, 30",130,"70, 10, 20, 0",false,false,"0, 0, 0, 0, 0, 0, 0, 0, 0, 0, 0, 0",50,-1,,0,0,0,"0, 0, 0, 0",36,0,36,-1,-1,false,-1,-1,-1,0,0,0,"0, 0, 0, 0",0,0,0,0,0,list2,"0, 0, 0, 0, 0, 90, 90","0, 0, 0, 0, 0, 0, 0",0,0,list3,"0, 0, 0, 0, 0",loopBonusSkillList,0,"20, 19, 17, 41, 42, 43, 44, 45, 46",此功法发挥$0$成威力时，使敌人的3个「玄阴」功法、2个「纯阳」功法、1个「归元」功法被短时间「封禁」,此功法发挥$0$成威力时，使敌人的3个「玄阴」功法、2个「纯阳」功法、1个「归元」功法的威力降低，持续直到战斗结束
484,云龙九现腿,6,云龙九现腿出腿奇快，变化极多，能于一瞬之间踢出九腿，每一腿的力道和方位绝不相同，犹如以一化九，故曰“云龙九现”也。,1,腿法,Invalid,3,5,5,628,true,false,22,属性0=70; 属性1=60; 属性2=60; 属性85=400; 属性62=320; 属性63=320,707,1433,4,7,6,false,"5, 6",3,400,0,0,-1,-1,0,"0, 0, 0, 0",0,"0, 0, 0, 0","0, 0, 0, 0","外:0, 内:0","外:0, 内:0","外:0, 内:0",0,0,0,0,0,0,0,0,"0, 0, 0, 0, 0, 0",21000,5,25,80,30,15,680,20,list,0,0,-1,-1,"20, 20, 1, 20, 20, 20, 20",190,"40, 30, 30, 0",false,false,"0, 0, 0, 0, 0, 0, 0, 0, 0, 0, 0, 0",50,-1,,0,0,0,"0, 0, 0, 0",36,0,36,-1,-1,false,-1,-1,-1,0,0,0,"0, 0, 0, 0",0,0,0,0,0,list2,"0, 0, 0, 0, 0, 55, 55","0, 0, 0, 0, 0, 55, 55",0,0,list3,"0, 0, 0, 0, 0",loopBonusSkillList,0,"20, 19, 41, 42, 43, 44, 45, 46",此功法发挥$0$成威力后，运用者获得8层此效果：每当运用者连续前进0.2距离，此效果层数降低1层，如果敌人在此功法的攻击范围内，运用者仅需、仅能消耗10%的脚力从施展进度50%开始立即再次施展此功法攻击敌人，以此效果施展的此功法不会获得摧破效果层数,此功法发挥$0$成威力后，运用者获得8层此效果：每当运用者连续后退0.2距离，此效果层数降低1层，如果敌人在此功法的攻击范围内，运用者仅需、仅能消耗10%的脚力从施展进度50%开始立即再次施展此功法攻击敌人，以此效果施展的此功法不会获得摧破效果层数
485,鳌王神腿,7,鳌王神腿足发地陷，雄强无俦，乃大元山之镇山绝学。古人云：“巨鳌背负蓬莱之山，而抃舞戏沧海之中”，故谓其有震慑山河，倒海翻江之能。,1,腿法,Invalid,3,5,4,629,true,true,23,属性0=60; 属性2=55; 属性3=90; 属性85=450; 属性62=360; 属性63=360,708,1434,4,2,7,false,"1, 5, 6",3,450,0,0,-1,-1,0,"0, 0, 0, 0",0,"0, 0, 0, 0","0, 0, 0, 0","外:0, 内:0","外:0, 内:0","外:0, 内:0",0,0,0,0,0,0,0,0,"0, 0, 0, 0, 0, 0",39000,6,25,80,0,15,1200,15,list,0,0,-1,-1,"0, 40, 0, 0, 0, 40, 40",180,"80, 0, 20, 0",false,false,"0, 0, 0, 0, 0, 0, 0, 0, 0, 0, 0, 0",50,-1,,0,0,0,"0, 0, 0, 0",36,0,36,-1,-1,false,-1,-1,-1,0,0,0,"0, 0, 0, 0",0,0,0,0,0,list2,"0, 0, 0, 0, 0, 140, 140","0, 0, 0, 0, 0, 0, 0",0,0,list3,"0, 0, 0, 0, 0",loopBonusSkillList,0,"20, 19, 17, 41, 42, 43, 44, 45, 46",施展此功法的过程中，敌人将随着此功法施展进度的增加，被不断拉入此功法的攻击范围的中心位置，一旦敌人靠近此功法的攻击范围的中心位置，根据运用者的步伐稳健，使敌人持续受到随机部位的非直接外伤或破绽,施展此功法的过程中，敌人将随着此功法施展进度的增加，被不断拉入此功法的攻击范围的中心位置，一旦敌人靠近此功法的攻击范围的中心位置，根据运用者的引气冲关，使敌人持续受到随机部位的非直接内伤或封穴
486,六牙四神足,8,六牙四神足乃小元山之镇山绝学，名由菩萨所化之六牙白象而来：六牙表“无漏六神通”；四足表“四如意足”。此功威能广大，神效非常。,1,腿法,Invalid,3,5,5,630,true,true,24,属性2=65; 属性3=100; 属性4=55; 属性85=500; 属性62=400; 属性63=400,709,1435,5,0,8,true,"0, 1, 2, 3, 4, 5, 6",3,500,0,0,-1,-1,0,"0, 0, 0, 0",0,"0, 0, 0, 0","0, 0, 0, 0","外:0, 内:0","外:0, 内:0","外:0, 内:0",0,0,0,0,0,0,0,0,"0, 0, 0, 0, 0, 0",39000,6,25,80,40,15,1240,20,list,0,0,-1,-1,"60, 0, 1, 0, 0, 30, 30",180,"60, 40, 0, 0",false,false,"0, 0, 0, 0, 0, 0, 0, 0, 0, 0, 0, 0",50,-1,,0,0,0,"0, 0, 0, 0",36,0,36,-1,-1,false,-1,-1,-1,0,0,0,"0, 0, 0, 0",0,0,0,0,0,list2,"55, 55, 55, 0, 0, 70, 70","55, 55, 55, 0, 0, 70, 70",0,0,list3,"0, 0, 0, 0, 0",loopBonusSkillList,0,"20, 19, 41, 42, 43, 44, 45, 46",此功法发挥$0$成威力后，运用者获得2层此效果：如果此功法未被封禁，每当运用者出现破绽、外伤、重创、失神标记时，此效果提高1层；此效果达到4层时，此功法无法被封禁、打断、化解；此效果达到8层时，运用者无法被击败，且此效果层数会随时间自动提高；此效果达到12层时，消耗此效果所有的层数，消除运用者一半的破绽、外伤、重创、失神标记,此功法发挥$0$成威力后，运用者获得2层此效果：如果此功法未被封禁，每当运用者出现封穴、内伤、重创、失神标记时，此效果提高1层；此效果达到4层时，此功法无法被封禁、打断、化解；此效果达到8层时，运用者无法被击败，且此效果层数会随时间自动提高；此效果达到12层时，消耗此效果所有的层数，消除运用者一半的封穴、内伤、重创、失神标记
487,倒打冲天子,0,倒打冲天子讲究“头下脚上，拔地而起，上下颠倒，冲天而发”，旨在以出人意表之姿态，攻敌于措手不及之瞬间。,1,腿法,Invalid,1,10,4,631,true,false,31,属性1=60; 属性5=40; 属性85=100; 属性58=80; 属性59=80,410,1136,1,8,0,false,"5, 6",1,100,0,0,-1,-1,0,"0, 0, 0, 0",0,"0, 0, 0, 0","0, 0, 0, 0","外:0, 内:0","外:0, 内:0","外:0, 内:0",0,0,0,0,0,0,0,0,"0, 0, 0, 0, 0, 0",15000,6,15,40,50,20,160,20,list,0,0,-1,-1,"60, 60, 10, 0, 0, 0, 0",60,"20, 30, 50, 0",false,true,"0, 0, 0, 0, 0, 0, 0, 0, 0, 0, 0, 0",50,-1,,0,0,0,"0, 0, 0, 0",36,0,36,-1,-1,false,-1,-1,-1,0,0,0,"0, 0, 0, 0",0,0,0,0,0,list2,"0, 0, 0, 0, 0, 10, 10","0, 0, 0, 0, 0, 10, 10",0,0,list3,"0, 0, 0, 0, 0",loopBonusSkillList,0,"20, 19, 41, 42, 43, 44, 45, 46",开始施展此功法时，如果敌人对此功法没有记忆：敌人的御体减半；敌人不会试图防御此功法，敌人的「护体」、「轻灵」功法也均不会在受到此功法攻击时生效，且此功法发挥$0$成威力后，能够根据此功法的威力对敌人施加重创伤害,开始施展此功法时，如果敌人对此功法没有记忆：敌人的御气减半；敌人不会试图防御此功法，敌人的「护体」、「轻灵」功法也均不会在受到此功法攻击时生效，且此功法发挥$0$成威力后，能够根据此功法的威力对敌人施加少量重创伤害
488,柴山一步转,1,柴山一步转脚踩奇门遁甲，步步直踏凶门，看似险象环生，实则动静相应，虽危实安，攻防之势只在一步之间便能调转。,1,腿法,Invalid,1,10,4,632,true,false,32,属性1=65; 属性5=50; 属性85=150; 属性58=120; 属性59=120,411,1137,1,7,1,false,"5, 6",1,150,0,0,-1,-1,0,"0, 0, 0, 0",0,"0, 0, 0, 0","0, 0, 0, 0","外:0, 内:0","外:0, 内:0","外:0, 内:0",0,0,0,0,0,0,0,0,"0, 0, 0, 0, 0, 0",18000,6,15,40,30,20,160,15,list,0,0,-1,-1,"0, 0, 0, 0, 0, 60, 60",100,"20, 40, 40, 0",true,false,"0, 0, 0, 0, 0, 0, 0, 0, 0, 0, 0, 0",50,-1,,0,0,0,"0, 0, 0, 0",36,0,36,-1,-1,false,-1,-1,-1,0,0,0,"0, 0, 0, 0",0,0,0,0,0,list2,"0, 0, 0, 0, 0, 30, 30","0, 0, 0, 0, 0, 0, 0",0,0,list3,"0, 0, 0, 0, 0",loopBonusSkillList,0,"20, 19, 17, 41, 42, 43, 44, 45, 46",敌人施展功法的过程中，运用者可以从施展进度50%开始施展此功法；此功法发挥$0$成威力后，运用者前进2距离，此效果无法在敌人的一个功法施展过程中重复生效,敌人施展功法的过程中，运用者可以从施展进度50%开始施展此功法；此功法发挥$0$成威力后，运用者后退2距离，此效果无法在敌人的一个功法施展过程中重复生效
489,杜鹃啄蛛式,2,杜鹃啄蛛式轻捷灵动，快密跳脱，走转翩翩跹跹，好似足不点地，出腿疾如骤雨，精准无比，乃是以足尖攻击敌人穴道的奇门腿法。,1,腿法,Invalid,1,10,4,633,true,false,33,属性1=75; 属性5=55; 属性85=200; 属性58=160; 属性59=160,412,1138,2,8,2,true,"5, 6",1,200,0,0,-1,-1,0,"0, 0, 0, 0",0,"0, 0, 0, 0","0, 0, 0, 0","外:0, 内:0","外:0, 内:0","外:0, 内:0",0,0,0,0,0,0,0,0,"0, 0, 0, 0, 0, 0",15000,5,15,40,40,20,160,15,list,0,0,-1,-1,"20, 20, 1, 20, 20, 20, 20",100,"20, 30, 50, 0",false,false,"0, 0, 0, 0, 0, 0, 0, 0, 0, 0, 0, 0",50,-1,,0,0,0,"0, 0, 0, 0",36,0,36,-1,-1,false,-1,-1,-1,0,0,0,"0, 0, 0, 0",0,0,0,0,0,list2,"0, 0, 0, 0, 0, 20, 20","0, 0, 0, 0, 0, 20, 20",0,0,list3,"0, 0, 0, 0, 0",loopBonusSkillList,0,"20, 19, 41, 42, 43, 44, 45, 46",此功法对敌人每造成1个外伤标记，就使敌人被攻击的部位出现1个封穴,此功法对敌人每造成1个内伤标记，就使敌人被攻击的部位出现1个封穴
490,磕金震玉小八式,3,有道是：“空桑药鼎判生死，大小八式定乾坤”，磕金震玉小八式乃空桑派之腿法精义所在，动迅静定，小巧精悍，出腿有锵锵之声，如金玉相击。,1,腿法,Invalid,2,10,5,634,true,false,34,属性1=80; 属性5=65; 属性85=250; 属性58=200; 属性59=200,413,1139,2,1,3,true,"5, 6",2,250,0,0,-1,-1,0,"0, 0, 0, 0",0,"0, 0, 0, 0","0, 0, 0, 0","外:0, 内:0","外:0, 内:0","外:0, 内:0",0,0,0,0,0,0,0,0,"0, 0, 0, 0, 0, 0",18000,6,20,60,50,20,320,15,list,0,0,-1,-1,"0, 0, 0, 30, 30, 30, 30",120,"10, 30, 60, 0",true,false,"0, 0, 0, 0, 0, 0, 0, 0, 0, 0, 0, 0",50,-1,,0,0,0,"0, 0, 0, 0",36,0,36,-1,-1,false,-1,-1,-1,0,0,0,"0, 0, 0, 0",0,0,0,0,0,list2,"0, 0, 0, 0, 0, 0, 0","0, 0, 0, 0, 0, 50, 50",0,0,list3,"0, 0, 0, 0, 0",loopBonusSkillList,0,"20, 19, 16, 41, 42, 43, 44, 45, 46",此功法无法被反震；以此功法攻击敌人时，如果敌人的御体高于运用者的破体，此功法施展结束后，向运用者施加一个提高破体的增益状态，向敌人施加一个降低御体的损害状态,此功法无法被反震；以此功法攻击敌人时，如果敌人的御气高于运用者的破气，此功法施展结束后，向运用者施加一个提高破气的增益状态，向敌人施加一个降低御气的损害状态
491,青蛟摆尾功,4,青蛟摆尾功只有一式，乃是败中求胜，伤人伤己的搏命一击，因其狠恶刚烈，出其不意，故也被称为“青蛟断尾同生共死式”。,1,腿法,Invalid,2,10,4,635,true,false,35,属性1=50; 属性3=75; 属性5=35; 属性85=300; 属性58=240; 属性59=240,414,1140,3,0,4,true,"1, 5, 6",2,300,0,0,-1,-1,0,"0, 0, 0, 0",0,"0, 0, 0, 0","0, 0, 0, 0","外:0, 内:0","外:0, 内:0","外:0, 内:0",0,0,0,0,0,0,0,0,"0, 0, 0, 0, 0, 0",21000,6,20,60,40,20,520,20,list,0,0,-1,-1,"30, 30, 0, 0, 0, 30, 30",120,"20, 40, 40, 0",false,false,"0, 0, 0, 0, 0, 0, 0, 0, 0, 0, 0, 0",50,-1,,0,0,0,"0, 0, 0, 0",36,0,36,-1,-1,false,-1,-1,-1,0,0,0,"0, 0, 0, 0",0,0,0,0,0,list2,"0, 0, 0, 0, 0, 70, 70","0, 0, 0, 0, 0, 0, 0",0,0,list3,"0, 0, 0, 0, 0",loopBonusSkillList,0,"20, 19, 17, 41, 42, 43, 44, 45, 46",战斗开始时，运用者获得3层此效果：每当运用者的战败标记总数产生变化且超过战败条件的一半时，如果敌人在此功法的攻击范围内，运用者从施展进度75%开始无消耗施展此功法攻击敌人，且根据运用者的外伤标记数量提高对敌人造成的直接外伤,战斗开始时，运用者获得3层此效果：每当运用者的战败标记总数产生变化且超过战败条件的一半时，如果敌人在此功法的攻击范围内，运用者从施展进度75%开始无消耗施展此功法攻击敌人，且根据运用者的内伤标记数量提高对敌人造成的直接内伤
492,青蛟翻腾腿,5,青蛟翻腾腿乃空桑派之独门腿法，施展开来，上下翻飞，腾踔太空，绝无片刻停歇，其势愈翻愈烈，愈腾愈强，不衰而反盛。,1,腿法,Invalid,2,10,4,636,true,false,36,属性1=55; 属性3=80; 属性5=40; 属性85=350; 属性58=280; 属性59=280,415,1141,3,0,5,true,"1, 5, 6",2,350,0,0,-1,-1,0,"0, 0, 0, 0",0,"0, 0, 0, 0","0, 0, 0, 0","外:0, 内:0","外:0, 内:0","外:0, 内:0",0,0,0,0,0,0,0,0,"0, 0, 0, 0, 0, 0",24000,6,20,60,50,20,640,20,list,0,0,-1,-1,"40, 20, 1, 0, 0, 30, 30",140,"20, 30, 50, 0",false,true,"0, 0, 0, 0, 0, 0, 0, 0, 0, 0, 0, 0",50,-1,,0,0,0,"0, 0, 0, 0",36,0,36,-1,-1,false,-1,-1,-1,0,0,0,"0, 0, 0, 0",0,0,0,0,0,list2,"0, 0, 0, 0, 0, 0, 0","0, 0, 0, 0, 0, 90, 90",0,0,list3,"0, 0, 0, 0, 0",loopBonusSkillList,0,"20, 19, 16, 41, 42, 43, 44, 45, 46",施展此功法的过程中，运用者可以前进最多3距离，运用者每前进0.2距离，消除运用者在施展此功法的过程中受到的1个伤势标记与1个损害状态，并立即消除运用者所有破绽和封穴的一部分持续时间,施展此功法的过程中，运用者可以后退最多3距离，运用者每后退0.2距离，消除运用者在施展此功法的过程中受到的1个伤势标记与1个损害状态，并立即消除运用者所有破绽和封穴的一部分持续时间
493,飞山断海大八式,6,飞山断海大八式乃空桑派之腿法精义所在，轻迅猛绝，横空超世，有风行电扫，山奔海立之威，无愧人称：“空桑药鼎判生死，大小八式定乾坤”。,1,腿法,Invalid,3,10,4,637,true,false,37,属性0=50; 属性1=90; 属性3=50; 属性85=400; 属性58=320; 属性59=320,416,1142,4,1,6,true,"0, 1, 5, 6",3,400,0,0,-1,-1,0,"0, 0, 0, 0",0,"0, 0, 0, 0","0, 0, 0, 0","外:0, 内:0","外:0, 内:0","外:0, 内:0",0,0,0,0,0,0,0,0,"0, 0, 0, 0, 0, 0",24000,6,25,80,30,20,800,20,list,0,0,-1,-1,"60, 20, 1, 0, 0, 20, 20",170,"40, 30, 30, 0",false,false,"0, 0, 0, 0, 0, 0, 0, 0, 0, 0, 0, 0",50,-1,,0,0,0,"0, 0, 0, 0",36,0,36,-1,-1,false,-1,-1,-1,0,0,0,"0, 0, 0, 0",0,0,0,0,0,list2,"0, 0, 0, 0, 0, 110, 110","0, 0, 0, 0, 0, 0, 0",0,0,list3,"0, 0, 0, 0, 0",loopBonusSkillList,0,"20, 19, 17, 41, 42, 43, 44, 45, 46",施展此功法的过程中，步伐稳健低于运用者的敌人无法移动也无法施展功法；根据此功法发挥的威力成数，向敌人施加一个降低步伐稳健的损害状态；此功法发挥$0$成威力时，运用者的步伐稳健高于敌人越多，此功法对敌人造成的直接外伤就越高,施展此功法的过程中，引气冲关低于运用者的敌人无法移动也无法施展功法；根据此功法发挥的威力成数，向敌人施加一个降低引气冲关的损害状态；此功法发挥$0$成威力时，运用者的引气冲关高于敌人越多，此功法对敌人造成的直接内伤就越高
494,玄鼎百步,7,玄鼎百步乃空桑派第一奇功，经云：“阴怀于阳，阳怀于阴，志在玄宫”，此功自相生克，寓守于攻，攻必克，守必坚，精微奥妙至极。,1,腿法,Invalid,3,10,5,638,true,true,38,属性1=95; 属性5=110; 属性85=450; 属性58=360; 属性59=360,417,1143,4,7,7,true,"5, 6",3,450,0,0,-1,-1,0,"0, 0, 0, 0",0,"0, 0, 0, 0","0, 0, 0, 0","外:0, 内:0","外:0, 内:0","外:0, 内:0",0,0,0,0,0,0,0,0,"0, 0, 0, 0, 0, 0",21000,5,25,80,70,20,720,15,list,0,0,-1,-1,"0, 0, 0, 0, 0, 60, 60",280,"10, 50, 40, 0",true,false,"0, 0, 0, 0, 0, 0, 0, 0, 0, 0, 0, 0",50,-1,,0,0,0,"0, 0, 0, 0",36,0,36,-1,-1,false,-1,-1,-1,0,0,0,"0, 0, 0, 0",0,0,0,0,0,list2,"0, 0, 0, 0, 0, 0, 0","0, 0, 0, 0, 0, 110, 110",80,0,list3,"0, 0, 0, 0, 0",loopBonusSkillList,0,"19, 16, 41, 42, 43, 44, 45, 46",此功法发挥$0$成威力后，运用者获得6层此效果：此效果层数为双数时，运用者的力道、精妙、迅疾大幅提高，此效果层数为单数时，运用者的卸力、拆招、闪避大幅提高，此效果存在时，运用者再次施展此功法的过程中，此效果的影响额外提高,此功法发挥$0$成威力后，运用者获得6层此效果：此效果层数为双数时，敌人的力道、精妙、迅疾大幅降低，此效果层数为单数时，敌人的卸力、拆招、闪避大幅降低，此效果存在时，运用者再次施展此功法的过程中，此效果的影响额外提高
495,撩阴腿,0,撩阴腿乃是专攻敌人裆部之腿法，虽然招式粗浅，但阴损程度却不亚于任何邪派武功，中者往往受害极深，不能人道。,1,腿法,Invalid,1,15,5,639,true,false,38,属性0=30; 属性1=70; 属性85=100; 属性59=80; 属性65=80,582,1308,1,8,0,false,"5, 6",1,100,0,0,-1,-1,0,"0, 0, 0, 0",0,"0, 0, 0, 0","0, 0, 0, 0","外:0, 内:0","外:0, 内:0","外:0, 内:0",0,0,0,0,0,0,0,0,"0, 0, 0, 0, 0, 0",15000,6,15,40,40,25,240,15,list,0,0,-1,-1,"0, 100, 0, 0, 0, 10, 10",50,"20, 30, 50, 0",false,true,"0, 0, 0, 0, 0, 0, 0, 0, 0, 0, 0, 0",50,-1,,0,0,0,"0, 0, 0, 0",36,0,36,-1,-1,false,-1,-1,-1,0,0,0,"0, 0, 0, 0",0,0,0,0,0,list2,"0, 0, 0, 0, 0, 10, 10","0, 0, 0, 0, 0, 10, 10",0,0,list3,"0, 0, 0, 0, 0",loopBonusSkillList,0,"20, 19, 41, 42, 43, 44, 45, 46",战斗开始时，运用者获得0层此效果：每当运用者击中敌人的头部，此功法的威力提高、开始施展时的施展进度提高，此效果最多累积2层；以此功法攻击男性敌人时，此功法的威力大幅提高,战斗开始时，运用者获得0层此效果：每当运用者击中敌人的头部，此功法的威力提高、开始施展时的施展进度提高，此效果最多累积2层；以此功法攻击女性敌人时，此功法的威力大幅提高
496,蛤蟆倒踢腿,1,蛤蟆倒踢腿姿态诡异，乃是倒转身体向股后猝然飞踢的独门功法，能够凭空而发，无需行功借势，不识此腿法者极易受其暗害。,1,腿法,Invalid,1,15,4,640,true,false,39,属性0=35; 属性1=50; 属性3=30; 属性85=150; 属性59=120; 属性65=120,583,1309,1,8,1,false,"5, 6",1,150,0,0,-1,-1,0,"0, 0, 0, 0",0,"0, 0, 0, 0","0, 0, 0, 0","外:0, 内:0","外:0, 内:0","外:0, 内:0",0,0,0,0,0,0,0,0,"0, 0, 0, 0, 0, 0",18000,6,15,40,30,25,280,20,list,0,0,-1,-1,"60, 20, 1, 0, 0, 20, 20",70,"30, 40, 30, 0",false,false,"0, 0, 0, 0, 0, 0, 0, 0, 0, 0, 0, 0",50,-1,,0,0,0,"0, 0, 0, 0",36,0,36,-1,-1,false,-1,-1,-1,0,0,0,"0, 0, 0, 0",0,0,0,0,0,list2,"0, 0, 0, 0, 0, 30, 30","0, 0, 0, 0, 0, 0, 0",0,0,list3,"0, 0, 0, 0, 0",loopBonusSkillList,0,"20, 19, 17, 41, 42, 43, 44, 45, 46",此功法发挥$0$成威力后，运用者后退2距离，且如果运用者继续连续施展此功法，此功法的架势、提气消耗大幅累积降低，最多降低3次,此功法发挥$0$成威力后，运用者前进2距离，且如果运用者继续连续施展此功法，此功法的架势、提气消耗大幅累积降低，最多降低3次
497,无常脚,2,“无常起腾蛇，讹中复有讹，玄武喜偷盗，心惊肉乱跳”。无常脚虚招极多，尽是诱敌与扰敌之术，只待敌人心烦意乱，这才趁虚而入。,1,腿法,Invalid,1,15,5,641,true,false,40,属性1=80; 属性5=50; 属性85=200; 属性59=160; 属性65=160,584,1310,2,7,2,false,"5, 6",1,200,0,0,-1,-1,0,"0, 0, 0, 0",0,"0, 0, 0, 0","0, 0, 0, 0","外:0, 内:0","外:0, 内:0","外:0, 内:0",0,0,0,0,0,0,0,0,"0, 0, 0, 0, 0, 0",18000,6,15,40,30,25,200,15,list,0,0,-1,-1,"0, 0, 0, 0, 0, 60, 60",100,"10, 50, 40, 0",false,true,"0, 0, 0, 0, 0, 0, 0, 0, 0, 0, 0, 0",50,-1,,0,0,0,"0, 0, 0, 0",36,0,36,-1,-1,false,-1,-1,-1,0,0,0,"0, 0, 0, 0",0,0,0,0,0,list2,"0, 0, 0, 0, 0, 0, 0","0, 0, 0, 0, 0, 40, 40",0,0,list3,"0, 0, 0, 0, 0",loopBonusSkillList,0,"20, 19, 16, 41, 42, 43, 44, 45, 46",每当运用者累积前进1距离，此功法的威力就可能大幅提高或大幅降低，持续直到运用者下一次累积前进1距离；此功法施展结束后，会由正练转变为逆练,每当运用者累积后退1距离，此功法的威力就可能大幅提高或大幅降低，持续直到运用者下一次累积后退1距离；此功法施展结束后，会由逆练转变为正练
498,蝎子勾魂脚,3,蝎子勾魂脚戳打奇准，变化奇速，讲究：“扑前抢后，以快打慢，忽收忽放，以动制静”，招式无不以抢占先机为主，攻势尤其凌厉。,1,腿法,Invalid,2,15,4,642,true,false,41,属性0=60; 属性1=85; 属性85=250; 属性59=200; 属性65=200,585,1311,2,8,3,false,"5, 6",2,250,0,0,-1,-1,0,"0, 0, 0, 0",0,"0, 0, 0, 0","0, 0, 0, 0","外:0, 内:0","外:0, 内:0","外:0, 内:0",0,0,0,0,0,0,0,0,"0, 0, 0, 0, 0, 0",15000,6,20,60,40,25,400,15,list,0,0,-1,-1,"20, 20, 1, 0, 0, 40, 40",90,"10, 40, 50, 0",false,true,"0, 0, 0, 0, 0, 0, 0, 0, 0, 0, 0, 0",50,-1,,0,0,0,"0, 0, 0, 0",36,0,36,-1,-1,false,-1,-1,-1,0,0,0,"0, 0, 0, 0",0,0,0,0,0,list2,"0, 0, 0, 0, 0, 25, 25","0, 0, 0, 0, 0, 25, 25",0,0,list3,"0, 0, 0, 0, 0",loopBonusSkillList,0,"20, 19, 41, 42, 43, 44, 45, 46",开始施展此功法时，如果运用者的移动速度高于敌人，此功法的威力提高；根据此功法发挥的成数，向运用者施加一个提高移动速度的增益状态,开始施展此功法时，如果运用者的攻击速度高于敌人，此功法的威力提高；根据此功法发挥的成数，向运用者施加一个提高攻击速度的增益状态
499,边走边杀,4,边走边杀乃是由凶神数格而化，左应太阴，右应白虎，这正是：“白虎走太阴，一步吃一人，两胁还生翅，神仙也丧命”，可谓双足一发，便要杀人。,1,腿法,Invalid,2,15,5,643,true,false,42,属性0=70; 属性1=45; 属性3=45; 属性85=300; 属性59=240; 属性65=240,586,1312,3,7,4,false,"5, 6",2,300,0,0,-1,-1,0,"0, 0, 0, 0",0,"0, 0, 0, 0","0, 0, 0, 0","外:0, 内:0","外:0, 内:0","外:0, 内:0",0,0,0,0,0,0,0,0,"0, 0, 0, 0, 0, 0",21000,5,20,60,30,25,640,20,list,0,0,-1,-1,"0, 0, 0, 0, 0, 60, 60",100,"30, 30, 40, 0",false,false,"0, 0, 0, 0, 0, 0, 0, 0, 0, 0, 0, 0",50,-1,,0,0,0,"0, 0, 0, 0",36,0,36,-1,-1,false,-1,-1,-1,0,0,0,"0, 0, 0, 0",0,0,0,0,0,list2,"0, 0, 0, 0, 0, 70, 70","0, 0, 0, 0, 0, 0, 0",0,0,list3,"0, 0, 0, 0, 0",loopBonusSkillList,0,"20, 19, 17, 41, 42, 43, 44, 45, 46",施展此功法的过程中，运用者可以前进最多4距离，运用者前进的距离越远，此功法的威力就提高越多，运用者每前进0.2距离就能够获得3点「摧破」真气,施展此功法的过程中，运用者可以后退最多4距离，运用者后退的距离越远，此功法的威力就提高越多，运用者每后退0.2距离就能够获得3点「摧破」真气
500,大阴风腿,5,大阴风腿起腿不见影，出腿不见形，腿力一发便有阴风相随，可及数丈之外，当者立即四肢颤抖，烦恶欲呕，内息已受到极大的损害。,1,腿法,Invalid,2,15,4,644,true,true,43,属性0=45; 属性1=90; 属性4=40; 属性85=350; 属性59=280; 属性65=280,587,1313,3,0,5,true,"5, 6",2,350,0,0,-1,-1,0,"0, 0, 0, 0",0,"0, 0, 0, 0","0, 0, 0, 0","外:0, 内:0","外:0, 内:0","外:0, 内:0",0,0,0,0,0,0,0,0,"0, 0, 0, 0, 0, 0",24000,6,20,60,60,25,600,20,list,0,0,-1,-1,"0, 60, 0, 0, 0, 30, 30",150,"30, 40, 30, 0",false,false,"0, 0, 800, 2, 0, 0, 0, 0, 0, 0, 0, 0",50,-1,,0,0,0,"0, 0, 0, 0",36,0,36,-1,-1,false,-1,-1,-1,0,0,0,"0, 0, 0, 0",0,0,0,0,0,list2,"0, 0, 0, 0, 0, 0, 0","0, 0, 0, 0, 0, 90, 90",0,0,list3,"0, 0, 0, 0, 0",loopBonusSkillList,0,"20, 19, 16, 41, 43, 44, 45, 46",此功法发挥$0$成威力时，敌人的郁毒标记越多，就向敌人添加越多随机部位的封穴，并且根据此功法的威力对敌人随机身体部位施加越多内伤伤害,此功法发挥$0$成威力时，运用者的郁毒标记越多，就向敌人添加越多随机部位的封穴，并且根据此功法的威力对敌人随机身体部位施加越多内伤伤害
501,阎王鬼脚,6,阎王鬼脚共有十式，自第一殿“秦广王”至第十殿“转轮王”，每式皆模仿一位阎罗索命时的狰狞姿态，出脚奇诡怪异，鬼气森森，骇人可怖已极。,1,腿法,Invalid,3,15,4,645,true,true,44,属性0=90; 属性1=100; 属性85=400; 属性59=320; 属性65=320,588,1314,4,8,6,true,"5, 6",3,400,0,0,-1,-1,0,"0, 0, 0, 0",0,"0, 0, 0, 0","0, 0, 0, 0","外:0, 内:0","外:0, 内:0","外:0, 内:0",0,0,0,0,0,0,0,0,"0, 0, 0, 0, 0, 0",21000,6,25,80,40,25,720,15,list,0,0,-1,-1,"0, 0, 0, 0, 0, 60, 60",170,"20, 50, 30, 0",false,false,"0, 0, 0, 0, 0, 0, 0, 0, 0, 0, 0, 0",50,-1,,0,0,0,"0, 0, 0, 0",36,0,36,-1,-1,false,-1,-1,-1,0,0,0,"0, 0, 0, 0",0,0,0,0,0,list2,"0, 0, 0, 0, 0, 55, 55","0, 0, 0, 0, 0, 55, 55",0,0,list3,"0, 0, 0, 0, 0",loopBonusSkillList,0,"20, 19, 41, 42, 43, 44, 45, 46",开始施展此功法时，运用者视野范围内有越多先天五行能够化生运用者的内力五行的被埋葬者，此功法的威力就提高越多,开始施展此功法时，运用者视野范围内有越多先天五行能够克制敌人的内力五行的被埋葬者，此功法的威力就提高越多
502,血影腿,7,血影腿传自海外绝域，腿法离奇古怪，残忍至极，中者皮肉分离，筋骨断折，犹如身中锯齿钢刀，血影弥漫之中，身体断为数截而死。,1,腿法,Invalid,3,15,4,646,true,true,45,属性0=95; 属性1=110; 属性85=450; 属性59=360; 属性65=360,589,1315,4,1,7,true,"5, 6",3,450,0,0,-1,-1,0,"0, 0, 0, 0",0,"0, 0, 0, 0","0, 0, 0, 0","外:0, 内:0","外:0, 内:0","外:0, 内:0",0,0,0,0,0,0,0,0,"0, 0, 0, 0, 0, 0",18000,6,25,80,30,25,960,20,list,0,0,-1,-1,"40, 20, 10, 20, 20, 10, 10",180,"20, 50, 30, 0",false,false,"0, 0, 0, 0, 0, 0, 0, 0, 0, 0, 0, 0",50,-1,,0,0,0,"0, 0, 0, 0",36,0,36,-1,-1,false,-1,-1,-1,0,0,0,"0, 0, 0, 0",0,0,0,0,0,list2,"0, 0, 0, 0, 0, 140, 140","0, 0, 0, 0, 0, 0, 0",0,0,list3,"0, 0, 0, 0, 0",loopBonusSkillList,0,"20, 19, 17, 41, 42, 43, 44, 45, 46",如果运用者的「摧破」真气高于初始值且高于敌人的「摧破」真气，此功法需要消耗的提气、架势、脚力降低75%，且此功法的威力大幅提高，且此功法施展结束时，运用者失去12点「摧破」真气,如果运用者的「摧破」真气低于初始值且低于敌人的「摧破」真气，此功法需要消耗的提气、架势、脚力降低75%，且此功法的威力大幅提高，且此功法施展结束时，运用者获得12点「摧破」真气
503,鸩羽香,0,“鸩羽之为物，浸酒有毒，饮之立死”。鸩羽香之法可将指上所沾之药霜化为雾气，此雾闻之甜香，好似醇酿，中者如饮鸩酒而立死。,1,暗器,Invalid,1,10,4,647,true,false,39,属性1=40; 属性3=30; 属性5=30; 属性86=100; 属性58=80; 属性59=80,418,1144,1,8,0,true,"3, 4",1,100,0,0,-1,-1,0,"0, 0, 0, 0",0,"0, 0, 0, 0","0, 0, 0, 0","外:0, 内:0","外:0, 内:0","外:0, 内:0",0,0,0,0,0,0,0,0,"0, 0, 0, 0, 0, 0",18000,4,0,60,50,20,200,10,式13=2,1,0,3,-1,"40, 80, 1, 0, 0, 0, 0",80,"20, 50, 30, 0",false,false,"300, 1, 0, 0, 0, 0, 0, 0, 0, 0, 0, 0",50,-1,,0,0,0,"0, 0, 0, 0",36,0,36,-1,-1,false,-1,-1,-1,0,0,0,"0, 0, 0, 0",0,0,0,0,0,list2,"0, 0, 0, 5, 5, 0, 0","0, 0, 0, 5, 5, 0, 0",0,5,list3,"0, 0, 0, 0, 0",loopBonusSkillList,0,"20, 42, 43, 44, 45, 46",开始施展此功法时，敌人所中烈毒越深，此功法的威力就提高越多；根据此功法发挥的成数，向敌人施加一个降低烈毒抵抗的损害状态,开始施展此功法时，运用者所中烈毒越深，此功法的威力就提高越多；根据此功法发挥的成数，向运用者施加一个提高烈毒抵抗的增益状态
504,彼岸八仙子,1,彼岸八仙子出手阴柔，能以八指齐发八种不同的剧毒，变化繁多，极难解救，中者唯有待死，正是：“八仙渡尔到彼岸，生死来去不由人”。,1,暗器,Invalid,1,10,4,648,true,false,40,属性1=45; 属性3=35; 属性5=35; 属性86=150; 属性58=120; 属性59=120,419,1145,1,8,1,true,"3, 4",1,150,0,0,-1,-1,0,"0, 0, 0, 0",0,"0, 0, 0, 0","0, 0, 0, 0","外:0, 内:0","外:0, 内:0","外:0, 内:0",0,0,0,0,0,0,0,0,"0, 0, 0, 0, 0, 0",21000,4,0,60,60,20,280,15,式13=2,1,0,3,-1,"30, 30, 1, 15, 15, 15, 15",90,"20, 50, 30, 0",false,false,"0, 0, 450, 1, 0, 0, 0, 0, 0, 0, 0, 0",50,-1,,0,0,0,"0, 0, 0, 0",36,0,36,-1,-1,false,-1,-1,-1,0,0,0,"0, 0, 0, 0",0,0,0,0,0,list2,"0, 0, 0, 10, 10, 0, 0","0, 0, 0, 10, 10, 0, 0",0,10,list3,"0, 0, 0, 0, 0",loopBonusSkillList,0,"20, 41, 43, 44, 45, 46",此功法发挥$0$成威力后，运用者获得4层此效果：提高战斗中敌人毒发所需要的行为次数，但敌人每次毒气攻心会使毒发2次,此功法发挥$0$成威力后，运用者获得4层此效果：提高战斗中运用者毒发所需要的行为次数，但运用者每次毒气攻心会使毒发2次
505,惊梦香,2,欲施惊梦香之法，需先暗藏药霜于口鼻之内，临敌之际，则可出其不意，呵出毒气以制敌，中此毒者，如入幻梦，立刻昏厥。,1,暗器,Invalid,1,10,4,649,true,false,41,属性1=50; 属性3=40; 属性5=40; 属性86=200; 属性58=160; 属性59=160,420,1146,2,8,2,true,2,1,200,0,0,-1,-1,0,"0, 0, 0, 0",0,"0, 0, 0, 0","0, 0, 0, 0","外:0, 内:0","外:0, 内:0","外:0, 内:0",0,0,0,0,0,0,0,0,"0, 0, 0, 0, 0, 0",18000,0,0,60,60,20,160,10,式13=2,1,0,3,-1,"0, 0, 10, 0, 0, 0, 0",130,"20, 50, 30, 0",false,false,"0, 0, 0, 0, 0, 0, 0, 0, 0, 0, 600, 1",50,-1,,0,0,0,"0, 0, 0, 0",36,0,36,-1,-1,false,-1,-1,-1,0,0,0,"0, 0, 0, 0",0,0,0,0,0,list2,"0, 0, 15, 0, 0, 0, 0","0, 0, 15, 0, 0, 0, 0",0,15,list3,"0, 0, 0, 0, 0",loopBonusSkillList,0,"20, 41, 42, 43, 44, 45",开始施展此功法时：敌人距离运用者越近，此功法的施展进度就提高越多；此功法发挥$0$成威力时，如果敌人的守心低于运用者的动心，立即「打断」敌人的施展、疗伤、驱毒、逃跑,开始施展此功法时：敌人距离运用者越远，此功法的施展进度就提高越多；此功法发挥$0$成威力时，如果敌人的守心低于运用者的动心，立即「打断」敌人的施展、疗伤、驱毒、逃跑
506,碧血水仙,3,碧血水仙乃是以药霜混入敌我鲜血而成的奇毒，毒血一遇空气便即凝固，形如六瓣水仙，坚逾金铁，可投之以杀敌，中者立毙。,1,暗器,Invalid,2,10,4,650,true,true,42,属性1=55; 属性3=45; 属性5=45; 属性86=250; 属性58=200; 属性59=200,421,1147,2,8,3,true,"0, 1, 3, 4, 5, 6",2,250,0,0,-1,-1,0,"0, 0, 0, 0",0,"0, 0, 0, 0","0, 0, 0, 0","外:0, 内:0","外:0, 内:0","外:0, 内:0",0,0,0,0,0,0,0,0,"0, 0, 0, 0, 0, 0",21000,1,0,80,70,20,520,20,式13=3,2,0,3,-1,"30, 30, 1, 20, 20, 10, 10",90,"20, 60, 20, 0",false,false,"450, 2, 0, 0, 0, 0, 0, 0, 0, 0, 0, 0",50,-1,,0,0,0,"0, 0, 0, 0",36,0,36,-1,-1,false,-1,-1,-1,0,0,0,"0, 0, 0, 0",0,0,0,0,0,list2,"0, 0, 0, 20, 20, 0, 0","0, 0, 0, 20, 20, 0, 0",0,20,list3,"0, 0, 0, 0, 0",loopBonusSkillList,0,"20, 42, 43, 44, 45, 46",此功法发挥$0$成威力后，运用者获得4层此效果：运用者以直接伤害对敌人造成的伤势标记越多，此功法的威力与攻击范围就累积增加越多，持续直到再次施展此功法,此功法发挥$0$成威力后，运用者获得4层此效果：敌人以直接伤害对运用者造成的伤势标记越多，此功法的威力与攻击范围就累积增加越多，持续直到再次施展此功法
507,九痴香,4,所谓“九痴”：“心撮、失寝、忘餐、形劳、脏伤、不定、无欢、志昏、神殆”。九痴香发如红雾，可由双目侵入颅脑，中者身不由己，就此疯癫。,1,暗器,Invalid,2,10,4,651,true,true,43,属性1=60; 属性3=50; 属性5=50; 属性86=300; 属性58=240; 属性59=240,422,1148,3,8,4,true,2,2,300,0,0,-1,-1,0,"0, 0, 0, 0",0,"0, 0, 0, 0","0, 0, 0, 0","外:0, 内:0","外:0, 内:0","外:0, 内:0",0,0,0,0,0,0,0,0,"0, 0, 0, 0, 0, 0",21000,0,0,80,50,20,440,15,式13=3,2,0,3,-1,"0, 0, 10, 0, 0, 0, 0",140,"20, 60, 20, 0",false,false,"0, 0, 0, 0, 0, 0, 0, 0, 0, 0, 600, 2",50,-1,,0,0,0,"0, 0, 0, 0",36,0,36,-1,-1,false,-1,-1,-1,0,0,0,"0, 0, 0, 0",0,0,0,0,0,list2,"0, 0, 25, 0, 0, 0, 0","0, 0, 25, 0, 0, 0, 0",0,25,list3,"0, 0, 0, 0, 0",loopBonusSkillList,0,"20, 41, 42, 43, 44, 45",此功法发挥$0$成威力后，运用者获得9层此效果：敌人施展的「摧破」功法造成的伤害大幅提高，但有较高的几率在施展进度达到90%时被「打断」，如果此效果剩余的层数为双数，「打断」敌人施展的「摧破」功法的几率加倍,此功法发挥$0$成威力后，运用者获得9层此效果：运用者施展的「摧破」功法造成的伤害大幅提高，但有较高的几率在施展进度达到90%时被「打断」，如果此效果剩余的层数为双数，「打断」运用者施展的「摧破」功法的几率减半
508,黑水断肠散,5,黑水断肠散乃是以雨露清水为媒，泼洒毒液以杀敌的空桑派秘传毒术，此毒猛恶绝伦，沾之立毙，所发毒水乌黑腥臭，故名“黑水”。,1,暗器,Invalid,2,10,4,652,true,true,44,属性1=65; 属性3=55; 属性5=55; 属性86=350; 属性58=280; 属性59=280,423,1149,3,8,5,true,"0, 1",2,350,0,0,-1,-1,0,"0, 0, 0, 0",0,"0, 0, 0, 0","0, 0, 0, 0","外:0, 内:0","外:0, 内:0","外:0, 内:0",0,0,0,0,0,0,0,0,"0, 0, 0, 0, 0, 0",24000,4,0,80,30,20,720,15,式13=3,2,0,3,-1,"0, 120, 0, 0, 0, 0, 0",130,"20, 50, 30, 0",false,false,"800, 2, 0, 0, 0, 0, 0, 0, 0, 0, 0, 0",50,-1,,0,0,0,"0, 0, 0, 0",36,0,36,-1,-1,false,-1,-1,-1,0,0,0,"0, 0, 0, 0",0,0,0,0,0,list2,"35, 35, 0, 0, 0, 0, 0","35, 35, 0, 0, 0, 0, 0",0,35,list3,"0, 0, 0, 0, 0",loopBonusSkillList,0,"20, 42, 43, 44, 45, 46",此功法发挥$0$成威力时，敌人的烈毒标记越多，就向敌人添加越多随机部位的破绽，并且根据此功法的威力对敌人随机身体部位施加越多外伤伤害,此功法发挥$0$成威力时，运用者的烈毒标记越多，就向敌人添加越多随机部位的破绽，并且根据此功法的威力对敌人随机身体部位施加越多外伤伤害
509,百邪销骨香,6,百邪销骨香无形无色，所发毒雾时聚时散，若有若无，中者全身异香骤起，奇毒已然透入骨髓，闻者同受其害，可谓流毒无穷。,1,暗器,Invalid,3,10,4,653,true,true,45,属性1=70; 属性3=60; 属性5=60; 属性86=400; 属性58=320; 属性59=320,424,1150,4,8,6,true,"0, 1, 2, 3, 4, 5, 6",3,400,0,0,-1,-1,0,"0, 0, 0, 0",0,"0, 0, 0, 0","0, 0, 0, 0","外:0, 内:0","外:0, 内:0","外:0, 内:0",0,0,0,0,0,0,0,0,"0, 0, 0, 0, 0, 0",30000,0,0,100,70,20,600,20,式13=4,3,0,3,-1,"40, 80, 10, 0, 0, 0, 0",240,"20, 60, 20, 0",false,false,"0, 0, 600, 3, 0, 0, 0, 0, 0, 0, 0, 0",50,-1,,0,0,0,"0, 0, 0, 0",36,0,36,-1,-1,false,-1,-1,-1,0,0,0,"0, 0, 0, 0",0,0,0,0,0,list2,"0, 0, 0, 45, 45, 0, 0","0, 0, 0, 45, 45, 0, 0",0,45,list3,"0, 0, 0, 0, 0",loopBonusSkillList,0,"20, 41, 43, 44, 45, 46",此功法向敌人施加的郁毒将变化为更难驱除的旧时毒素；此功法发挥$0$成威力后，如果敌人郁毒攻心，使敌人郁毒发作,此功法向敌人施加的郁毒大幅提高，但有较低的几率令运用者同时被施加一部分郁毒；除非被毒害者天生郁毒不侵，否则此功法施加的郁毒无视被毒害者一半的郁毒抵抗
510,青蛟血,7,以毒霜融入自身血脉，周行三千遍，化五脏至浊之气于其中，遂成“青蛟血”。青蛟血遇伤则发，至毒至恶，任何草木金石沾之即化为污水。,1,暗器,Invalid,3,10,4,654,true,true,46,属性1=75; 属性3=65; 属性5=65; 属性86=450; 属性58=360; 属性59=360,425,1151,4,8,7,true,"0, 1, 2, 3, 4, 5, 6",3,450,0,0,-1,-1,0,"0, 0, 0, 0",0,"0, 0, 0, 0","0, 0, 0, 0","外:0, 内:0","外:0, 内:0","外:0, 内:0",0,0,0,0,0,0,0,0,"0, 0, 0, 0, 0, 0",33000,2,0,100,70,20,1040,15,式13=4,3,0,3,-1,"40, 40, 1, 10, 10, 10, 10",230,"10, 70, 20, 0",false,false,"0, 0, 0, 0, 0, 0, 0, 0, 800, 3, 0, 0",50,-1,,0,0,0,"0, 0, 0, 0",36,0,36,-1,-1,false,-1,-1,-1,0,0,0,"0, 0, 0, 0",0,0,0,0,0,list2,"0, 0, 0, 55, 55, 0, 0","0, 0, 0, 55, 55, 0, 0",0,60,list3,"0, 0, 0, 0, 0",loopBonusSkillList,0,"20, 41, 42, 43, 44, 46",以此功法攻击敌人时，敌人所中腐毒越深，此功法对敌人造成的直接伤害就提高越多，如果敌人被攻击的部位没有护具或护具已完全损坏，此功法对敌人造成的直接伤害不会因状态效果降低；此功法发挥$0$成威力后，敌人所中腐毒越深，敌人全身的护具就损失越多耐久,以此功法攻击敌人时，运用者所中腐毒越深，此功法对敌人造成的直接伤害就提高越多，如果敌人被攻击的部位没有护具或护具已完全损坏，此功法对敌人造成的直接伤害不会因状态效果降低；此功法发挥$0$成威力后，运用者所中腐毒越深，敌人全身的护具就损失越多耐久
511,鬼骨血海棠,8,鬼骨血海棠乃是附于行功者骨髓当中，随周身经脉流动的天下第一奇毒，此毒一经催动，即可随内气而发，中者心口显出赤色海棠花印，必死无疑。,1,暗器,Invalid,3,10,4,655,true,true,47,属性1=80; 属性3=70; 属性5=70; 属性86=500; 属性58=400; 属性59=400,426,1152,5,8,8,true,"0, 1, 2",3,500,0,0,-1,-1,0,"0, 0, 0, 0",0,"0, 0, 0, 0","0, 0, 0, 0","外:0, 内:0","外:0, 内:0","外:0, 内:0",0,0,0,0,0,0,0,0,"0, 0, 0, 0, 0, 0",39000,1,0,100,100,20,920,15,式13=4,3,0,3,-1,"120, 0, 0, 0, 0, 0, 0",280,"20, 80, 0, 0",false,false,"0, 0, 0, 0, 0, 0, 1200, 3, 0, 0, 0, 0",50,-1,,0,0,0,"0, 0, 0, 0",36,0,36,-1,-1,false,-1,-1,-1,0,0,0,"0, 0, 0, 0",0,0,0,0,0,list2,"80, 80, 60, 0, 0, 0, 0","80, 80, 60, 0, 0, 0, 0",0,80,list3,"0, 0, 0, 0, 0",loopBonusSkillList,0,"20, 41, 42, 44, 45, 46",此功法发挥$0$成威力后，运用者获得6层此效果：敌人各类毒素抵抗大幅降低；每当敌人在有中毒标记的情况下施展完「摧破」功法，向敌人添加1个必死标记，必死标记越多，敌人所有功法的威力也会提高越多，一旦敌人出现了6个必死标记，敌人便会战败，且最大健康会降低至0,此功法发挥$0$成威力后，运用者获得6层此效果：运用者免受任何毒发损害；每当运用者在有中毒标记的情况下施展完「摧破」功法，向运用者添加1个必死标记，必死标记越多，运用者所有功法的威力也会提高越多，一旦运用者出现了6个必死标记，运用者便会战败，且最大健康会降低至0
512,界青十诀,0,界青十诀虽只有十式，但变化万千，极其繁复，其要诀：“藏手匿足，一触即发”更是界青门诸般暗器手法之根本所在。,1,暗器,Invalid,1,13,2,656,true,false,32,属性1=75; 属性5=25; 属性86=100; 属性51=80; 属性54=80,550,1276,1,8,0,false,"3, 4",1,100,0,0,-1,-1,0,"0, 0, 0, 0",0,"0, 0, 0, 0","0, 0, 0, 0","外:0, 内:0","外:0, 内:0","外:0, 内:0",0,0,0,0,0,0,0,0,"0, 0, 0, 0, 0, 0",15000,4,0,60,50,20,200,10,式1=2,1,0,183,-1,"25, 25, 1, 20, 20, 15, 15",60,"20, 20, 60, 0",false,false,"0, 0, 0, 0, 0, 0, 0, 0, 0, 0, 0, 0",50,-1,,0,0,0,"0, 0, 0, 0",36,0,36,-1,-1,false,-1,-1,-1,0,0,0,"0, 0, 0, 0",0,0,0,0,0,list2,"0, 0, 0, 10, 10, 0, 0","0, 0, 0, 10, 10, 0, 0",0,0,list3,"0, 0, 0, 0, 0",loopBonusSkillList,0,"20, 19, 41, 42, 43, 44, 45, 46",此功法发挥$0$成威力时，运用者每拥有3个「弹」式，运用者就使敌人被攻击的部位出现1个破绽,此功法发挥$0$成威力时，运用者的兵器每有2个「弹」式，敌人身上的1个随机破绽就额外提高1级
513,摘叶飞花术,1,纵是极柔软的花瓣树叶，一旦为内力所附，亦能化为伤人的利器。摘叶飞花术全凭暗器上所附之内劲伤人，出手隐秘，有质无形。,1,暗器,Invalid,1,13,5,657,true,false,33,属性1=85; 属性4=30; 属性86=150; 属性51=120; 属性54=120,551,1277,1,0,1,true,"3, 4",1,150,0,0,-1,-1,0,"0, 0, 0, 0",0,"0, 0, 0, 0","0, 0, 0, 0","外:0, 内:0","外:0, 内:0","外:0, 内:0",0,0,0,0,0,0,0,0,"0, 0, 0, 0, 0, 0",18000,4,0,60,70,20,160,15,式1=1; 式2=1,1,0,183,-1,"20, 20, 1, 20, 20, 20, 20",100,"10, 40, 50, 0",true,false,"0, 0, 0, 0, 0, 0, 0, 0, 0, 0, 0, 0",50,-1,,0,0,0,"0, 0, 0, 0",36,0,36,-1,-1,false,-1,-1,-1,0,0,0,"0, 0, 0, 0",0,0,0,0,0,list2,"0, 0, 0, 0, 0, 0, 0","0, 0, 0, 30, 30, 0, 0",0,0,list3,"0, 0, 0, 0, 0",loopBonusSkillList,0,"20, 19, 16, 41, 42, 43, 44, 45, 46",此功法发挥$0$成威力后，运用者获得4层此效果：运用者获得的所有「掷」式、「御」式，变化为「弹」式,此功法发挥$0$成威力时，运用者获得2个「弹」式
514,无影六手,2,无影六手共有七十二式，每次出手必十二式齐发，只因手法奇快，迅如闪电，难分先后，无迹可寻，十二式恍如一式，故谓之“六手”。,1,暗器,Invalid,1,13,2,658,true,false,34,属性1=95; 属性5=35; 属性86=200; 属性51=160; 属性54=160,552,1278,2,8,2,false,"3, 4",1,200,0,0,-1,-1,0,"0, 0, 0, 0",0,"0, 0, 0, 0","0, 0, 0, 0","外:0, 内:0","外:0, 内:0","外:0, 内:0",0,0,0,0,0,0,0,0,"0, 0, 0, 0, 0, 0",15000,4,0,60,60,20,280,10,式1=2,1,0,183,-1,"0, 60, 1, 15, 15, 15, 15",80,"10, 30, 60, 0",false,true,"0, 0, 0, 0, 0, 0, 0, 0, 0, 0, 0, 0",50,-1,,0,0,0,"0, 0, 0, 0",36,0,36,-1,-1,false,-1,-1,-1,0,0,0,"0, 0, 0, 0",0,0,0,0,0,list2,"0, 0, 0, 20, 20, 0, 0","0, 0, 0, 20, 20, 0, 0",0,0,list3,"0, 0, 0, 0, 0",loopBonusSkillList,0,"20, 19, 41, 42, 43, 44, 45, 46",战斗开始时或此功法发挥$0$成威力时，运用者获得6层此效果：每当敌人出现伤势或妨害标记时，运用者获得1个「杀」式,战斗开始时或此功法发挥$0$成威力时，运用者获得6层此效果：每当敌人出现伤势或妨害标记时，敌人获得1个「杀」式
515,飞星术,3,“划为飞电来照物，乍作流星并上空”。以飞星术所发之暗器附有极强的内劲，其势凌厉迅猛，望之白光闪烁，好似一枚飞星。,1,暗器,Invalid,2,13,2,659,true,false,35,属性1=100; 属性4=45; 属性86=250; 属性51=200; 属性54=200,553,1279,2,0,3,true,"3, 4",2,250,0,0,-1,-1,0,"0, 0, 0, 0",0,"0, 0, 0, 0","0, 0, 0, 0","外:0, 内:0","外:0, 内:0","外:0, 内:0",0,0,0,0,0,0,0,0,"0, 0, 0, 0, 0, 0",18000,4,0,80,70,20,560,20,式0=1; 式1=2,2,0,183,-1,"80, 40, 10, 0, 0, 0, 0",60,"40, 20, 40, 0",false,false,"0, 0, 0, 0, 0, 0, 0, 0, 0, 0, 0, 0",50,-1,,0,0,0,"0, 0, 0, 0",36,0,36,-1,-1,false,-1,-1,-1,0,0,0,"0, 0, 0, 0",0,0,0,0,0,list2,"0, 0, 0, 25, 25, 0, 0","0, 0, 0, 25, 25, 0, 0",0,0,list3,"0, 0, 0, 0, 0",loopBonusSkillList,0,"20, 19, 41, 42, 43, 44, 45, 46",运用者以「摧破」击中敌人有破绽的部位时，敌人身上破绽的效果根据运用者拥有的「杀」式数量提高；此功法发挥$0$成威力时，运用者获得6层此效果：运用者开始施展「摧破」功法时，将运用者的所有「杀」式排列至运用者的蓄式最前列,运用者以「摧破」击中敌人有破绽的部位时，敌人身上破绽的效果根据敌人拥有的「杀」式数量提高；此功法发挥$0$成威力时，运用者获得6层此效果：运用者开始施展「摧破」功法时，将敌人的所有「杀」式排列至敌人的蓄式最前列
516,乱飞蝗,4,乱飞蝗讲究：“见物便抓，随抓随掷，十指连珠，间不容息”，看似杂乱无章，实则杂中有序，乱中有度，非应变奇速，功力精湛者不能施为。,1,暗器,Invalid,2,13,2,660,true,false,36,属性1=110; 属性5=50; 属性86=300; 属性51=240; 属性54=240,554,1280,3,8,4,false,"3, 4",2,300,0,0,-1,-1,0,"0, 0, 0, 0",0,"0, 0, 0, 0","0, 0, 0, 0","外:0, 内:0","外:0, 内:0","外:0, 内:0",0,0,0,0,0,0,0,0,"0, 0, 0, 0, 0, 0",15000,4,0,80,0,20,480,15,式0=2; 式1=1,2,0,183,-1,"30, 30, 1, 20, 20, 10, 10",110,"30, 10, 60, 0",false,false,"0, 0, 0, 0, 0, 0, 0, 0, 0, 0, 0, 0",50,-1,,0,0,0,"0, 0, 0, 0",36,0,36,-1,-1,false,-1,-1,-1,0,0,0,"0, 0, 0, 0",0,0,0,0,0,list2,"0, 0, 0, 70, 70, 0, 0","0, 0, 0, 0, 0, 0, 0",0,0,list3,"0, 0, 0, 0, 0",loopBonusSkillList,0,"20, 19, 17, 41, 42, 43, 44, 45, 46",开始施展此功法时，运用者最前列拥有越多连续的「杀」式，就为敌人添加越多随机部位的破绽；每当运用者使用的兵器切换为「暗器」时，如果敌人在此功法的攻击范围内，从施展进度50%开始无消耗施展此功法攻击敌人，但此功法威力减半，造成的破绽数量也会减半,开始施展此功法时，敌人最前列拥有越多连续的「杀」式，就为敌人添加越多随机部位的破绽；每当运用者使用的兵器切换为「暗器」时，如果敌人在此功法的攻击范围内，从施展进度50%开始无消耗施展此功法攻击敌人，但此功法威力减半，造成的破绽数量也会减半
517,爻图奇术,5,爻图奇术由易经六十四卦而化，其形“上下未济，变化未尽，余力无穷”，其质“取坎填离，水火既济，气力一体”，可谓精微玄奇，深奥莫测。,1,暗器,Invalid,2,13,5,661,true,true,37,属性1=120; 属性5=55; 属性86=350; 属性51=280; 属性54=280,555,1281,3,8,5,false,"3, 4",2,350,0,0,-1,-1,0,"0, 0, 0, 0",0,"0, 0, 0, 0","0, 0, 0, 0","外:0, 内:0","外:0, 内:0","外:0, 内:0",0,0,0,0,0,0,0,0,"0, 0, 0, 0, 0, 0",21000,3,0,80,100,20,440,20,式1=3,2,0,192,-1,"0, 0, 0, 20, 20, 40, 40",180,"10, 60, 30, 0",true,false,"0, 0, 0, 0, 0, 0, 0, 0, 0, 0, 0, 0",50,-1,,0,0,0,"0, 0, 0, 0",36,0,36,-1,-1,false,-1,-1,-1,0,0,0,"0, 0, 0, 0",0,0,0,0,0,list2,"0, 0, 0, 45, 45, 0, 0","0, 0, 0, 45, 45, 0, 0",0,0,list3,"0, 0, 0, 0, 0",loopBonusSkillList,0,"20, 19, 41, 42, 43, 44, 45, 46",当施展此功法需要的式不足时，此功法能以运用者的「杀」式施展；此功法发挥$0$成威力后，运用者获得6层此效果：运用者施展功法消耗的每个自己拥有的非「杀」式，会使运用者获得1个「杀」式,当施展此功法需要的式不足时，此功法能以敌人的「杀」式施展；此功法发挥$0$成威力后，运用者获得6层此效果：运用者施展功法消耗的每个自己拥有的非「杀」式，会使敌人获得1个「杀」式
518,鸣龙掷,6,鸣龙掷声势惊人，威力极大，掷物有破空之声，好似龙啸狮吼，鼓角齐鸣，暗含钻、压、去、扭四种巨力，当者无不分崩离析。,1,暗器,Invalid,3,13,2,662,true,true,38,属性1=130; 属性4=60; 属性86=400; 属性51=320; 属性54=320,556,1282,4,0,6,true,"3, 4",3,400,0,0,-1,-1,0,"0, 0, 0, 0",0,"0, 0, 0, 0","0, 0, 0, 0","外:0, 内:0","外:0, 内:0","外:0, 内:0",0,0,0,0,0,0,0,0,"0, 0, 0, 0, 0, 0",24000,4,0,100,30,20,840,15,式0=2; 式1=2,3,0,183,-1,"90, 30, 1, 0, 0, 0, 0",150,"60, 10, 30, 0",false,false,"0, 0, 0, 0, 0, 0, 0, 0, 0, 0, 0, 0",50,-1,,0,0,0,"0, 0, 0, 0",36,0,36,-1,-1,false,-1,-1,-1,0,0,0,"0, 0, 0, 0",0,0,0,0,0,list2,"0, 0, 0, 110, 110, 0, 0","0, 0, 0, 0, 0, 0, 0",0,0,list3,"0, 0, 0, 0, 0",loopBonusSkillList,0,"20, 19, 17, 41, 42, 43, 44, 45, 46",开始施展此功法时，运用者最前列拥有越多连续的「杀」式，此功法的威力就提高越多；以此功法攻击敌人时，消耗运用者最多3个非「杀」式的蓄式，不超过运用者拥有的「杀」式数量，大幅提高此功法对敌人造成的直接伤害，优先消耗运用者前列不可用的式,开始施展此功法时，敌人最前列拥有越多连续的「杀」式，此功法的威力就提高越多；以此功法攻击敌人时，消耗敌人最多3个非「杀」式的蓄式，不超过敌人拥有的「杀」式数量，大幅提高此功法对敌人造成的直接伤害，优先消耗敌人前列可用的式
519,定影神针,7,“穴道立闭，行动立止，呼吸立停，气息立断，中者立时毙命，周身立刻冰冷，躯体立即僵硬，形影就此凝定”，谓之“定影”也。,1,暗器,Invalid,3,13,2,663,true,true,39,属性1=140; 属性5=65; 属性86=450; 属性51=360; 属性54=360,557,1283,4,1,7,true,"0, 1, 3, 4",3,450,0,0,-1,-1,0,"0, 0, 0, 0",0,"0, 0, 0, 0","0, 0, 0, 0","外:0, 内:0","外:0, 内:0","外:0, 内:0",0,0,0,0,0,0,0,0,"0, 0, 0, 0, 0, 0",15000,4,0,100,70,20,600,10,式1=4,3,0,192,-1,"0, 0, 1, 0, 0, 60, 60",260,"0, 80, 20, 0",true,false,"0, 0, 0, 0, 0, 0, 0, 0, 0, 0, 0, 0",50,-1,,0,0,0,"0, 0, 0, 0",36,0,36,-1,-1,false,-1,-1,-1,0,0,0,"0, 0, 0, 0",0,0,0,0,0,list2,"0, 0, 0, 70, 70, 0, 0","0, 0, 0, 70, 70, 0, 0",0,0,list3,"0, 0, 0, 0, 0",loopBonusSkillList,0,"20, 19, 41, 42, 43, 44, 45, 46",此功法发挥$0$成威力时，运用者获得2层此效果：每当运用者获得1个「杀」式，就损耗敌人一半的脚力，如果敌人的脚力完全损耗，则对敌人造成3个随机部位的严重封穴,此功法发挥$0$成威力时，运用者获得2层此效果：每当敌人获得1个「杀」式，就损耗敌人一半的脚力，如果敌人的脚力完全损耗，则对敌人造成3个随机部位的严重封穴
520,无想神通,8,无想神通乃界青门之不世奇功，功成以后，周身真气如有灵性，逢敌自起，遇难自解，敌逃自追，见血自回，无需动念，所携暗器已随气自发。,1,暗器,Invalid,3,13,2,664,true,true,40,属性1=150; 属性4=70; 属性86=500; 属性51=400; 属性54=400,558,1284,5,1,8,true,"0, 1, 3, 4",3,500,0,0,-1,-1,0,"0, 0, 0, 0",0,"0, 0, 0, 0","0, 0, 0, 0","外:0, 内:0","外:0, 内:0","外:0, 内:0",0,0,0,0,0,0,0,0,"0, 0, 0, 0, 0, 0",18000,0,0,100,50,20,920,20,式1=2; 式2=2,3,0,201,-1,"20, 20, 10, 20, 20, 20, 20",190,"0, 0, 100, 0",true,true,"0, 0, 0, 0, 0, 0, 0, 0, 0, 0, 0, 0",50,-1,,0,0,0,"0, 0, 0, 0",36,0,36,-1,-1,false,-1,-1,-1,0,0,0,"0, 0, 0, 0",0,0,0,0,0,list2,"0, 0, 0, 90, 90, 0, 0","0, 0, 0, 90, 90, 0, 0",0,0,list3,"0, 0, 0, 0, 0",loopBonusSkillList,0,"20, 19, 41, 42, 43, 44, 45, 46",每当运用者获得1个杀式，此功法的威力就会累积增加，持续直到战斗结束；战斗开始时，运用者装备的所有「暗器」，在本场战斗中获得“灵性”：每当运用者获得1个「杀」式，此暗器就会无视距离、必然命中要害、不受反击、反震、但无法追击、无法获得式地对敌人进行1次攻击，且有可能造成破绽或封穴,每当敌人获得1个杀式，此功法的威力就会累积增加，持续直到战斗结束；战斗开始时，运用者装备的所有「暗器」，在本场战斗中获得“灵性”：每当敌人获得1个「杀」式，此暗器就会无视距离、必然命中要害、不受反击、反震、但无法追击、无法获得式地对敌人进行1次攻击，且有可能造成破绽或封穴
521,飞沙走石,0,飞沙走石乃是伏龙坛之独门暗器手法，全凭手足激荡起一股劲风以之挟物伤人，出手不拘一格：手能扬沙，足可抛石。,1,暗器,Invalid,1,14,3,665,true,false,31,属性0=60; 属性1=40; 属性86=100; 属性55=80; 属性64=80,502,1228,1,8,0,false,"3, 4",1,100,0,0,-1,-1,0,"0, 0, 0, 0",0,"0, 0, 0, 0","0, 0, 0, 0","外:0, 内:0","外:0, 内:0","外:0, 内:0",0,0,0,0,0,0,0,0,"0, 0, 0, 0, 0, 0",21000,4,0,60,0,25,320,10,式0=2,1,0,165,-1,"40, 20, 1, 20, 20, 10, 10",50,"40, 10, 50, 0",false,false,"0, 0, 0, 0, 0, 0, 0, 0, 0, 0, 0, 0",50,-1,,0,0,0,"0, 0, 0, 0",36,0,36,-1,-1,false,-1,-1,-1,0,0,0,"0, 0, 0, 0",0,0,0,0,0,list2,"0, 0, 0, 20, 20, 0, 0","0, 0, 0, 0, 0, 0, 0",0,0,list3,"0, 0, 0, 0, 0",loopBonusSkillList,0,"20, 19, 17, 41, 42, 43, 44, 45, 46",此功法发挥$0$成威力时，运用者每拥有3个「掷」式，运用者就使敌人被攻击的部位出现1个破绽,此功法发挥$0$成威力时，运用者的兵器每有1个「掷」式，运用者就对敌人被攻击的部位额外造成相当于此功法所造成的直接伤害的10%的重创伤害
522,雷火搭,1,以刚猛手法分别掷出两物，两物一缓一疾，一先一后，好似疾雷追火瓮，只待两物于敌人身前相互碰撞便可发出威力极大的震击，此即是“雷火搭”也。,1,暗器,Invalid,1,14,3,666,true,false,32,属性0=70; 属性4=45; 属性86=150; 属性55=120; 属性64=120,503,1229,1,8,1,false,"3, 4",1,150,0,0,-1,-1,0,"0, 0, 0, 0",0,"0, 0, 0, 0","0, 0, 0, 0","外:0, 内:0","外:0, 内:0","外:0, 内:0",0,0,0,0,0,0,0,0,"0, 0, 0, 0, 0, 0",24000,4,0,60,0,25,480,15,式0=2,1,0,165,-1,"40, 20, 1, 30, 30, 0, 0",40,"50, 10, 40, 0",false,false,"0, 0, 0, 0, 0, 0, 0, 0, 0, 0, 0, 0",50,-1,,0,0,0,"0, 0, 0, 0",36,0,36,-1,-1,false,-1,-1,-1,0,0,0,"0, 0, 0, 0",0,0,0,0,0,list2,"0, 0, 0, 30, 30, 0, 0","0, 0, 0, 0, 0, 0, 0",0,0,list3,"0, 0, 0, 0, 0",loopBonusSkillList,0,"20, 19, 17, 41, 42, 43, 44, 45, 46",此功法发挥$0$成威力后，运用者获得4层此效果：运用者获得的所有「弹」式、「御」式，变化为「掷」式,此功法发挥$0$成威力时，运用者获得2个「掷」式
523,龙吐珠,2,所谓“龙吐珠”，乃是以极深厚之功力吐出内气，以之催动暗器迸发伤人的奇门功法。吐气之时，行功者喉发异声，隆隆然好似潜龙低呤。,1,暗器,Invalid,1,14,3,667,true,false,33,属性0=80; 属性3=50; 属性86=200; 属性55=160; 属性64=160,504,1230,2,0,2,true,2,1,200,0,0,-1,-1,0,"0, 0, 0, 0",0,"0, 0, 0, 0","0, 0, 0, 0","外:0, 内:0","外:0, 内:0","外:0, 内:0",0,0,0,0,0,0,0,0,"0, 0, 0, 0, 0, 0",27000,0,0,60,30,25,560,10,式0=2,1,0,165,-1,"80, 40, 1, 0, 0, 0, 0",50,"60, 10, 30, 0",false,false,"0, 0, 0, 0, 0, 0, 0, 0, 0, 0, 0, 0",50,-1,,0,0,0,"0, 0, 0, 0",36,0,36,-1,-1,false,-1,-1,-1,0,0,0,"0, 0, 0, 0",0,0,0,0,0,list2,"0, 0, 0, 40, 40, 0, 0","0, 0, 0, 0, 0, 0, 0",0,0,list3,"0, 0, 0, 0, 0",loopBonusSkillList,0,"20, 19, 17, 41, 42, 43, 44, 45, 46",此功法发挥$0$成威力时，运用者获得5点「摧破」真气,此功法发挥$0$成威力时，敌人失去5点「摧破」真气
524,赤青神火劲,3,诀曰：“左手为阴右手阳，左右互逐阴阳转”。赤青神火劲发力必用双手，所发之暗器受正反两股劲力牵引而疾转，力道成倍剧增，猛逾烈火。,1,暗器,Invalid,2,14,3,668,true,false,34,属性0=90; 属性3=55; 属性86=250; 属性55=200; 属性64=200,505,1231,2,0,3,true,"0, 1, 3, 4",2,250,0,0,-1,-1,0,"0, 0, 0, 0",0,"0, 0, 0, 0","0, 0, 0, 0","外:0, 内:0","外:0, 内:0","外:0, 内:0",0,0,0,0,0,0,0,0,"0, 0, 0, 0, 0, 0",27000,4,0,80,50,25,660,15,式0=3,2,0,165,-1,"60, 0, 1, 30, 30, 0, 0",100,"50, 20, 30, 0",false,false,"0, 0, 0, 0, 0, 0, 0, 0, 0, 0, 0, 0",50,-1,,0,0,0,"0, 0, 0, 0",36,0,36,-1,-1,false,-1,-1,-1,0,0,0,"0, 0, 0, 0",0,0,0,0,0,list2,"0, 0, 0, 25, 25, 0, 0","0, 0, 0, 25, 25, 0, 0",0,0,list3,"0, 0, 0, 0, 0",loopBonusSkillList,0,"20, 19, 41, 42, 43, 44, 45, 46",开始施展此功法时，向运用者施加一个大幅提高破体的增益状态与一个降低御体的损害状态,开始施展此功法时，向运用者施加一个大幅提高破气的增益状态与一个降低御气的损害状态
525,焚血功,4,焚血功狂猛暴烈，凶狠无比，行功者遍体赤红，血沸如焚，虽然此功过于霸道不能持久，但此时随手一掷就能生出千斤巨力。,1,暗器,Invalid,2,14,3,669,true,true,35,属性0=60; 属性3=60; 属性4=40; 属性86=300; 属性55=240; 属性64=240,506,1232,3,1,4,true,"0, 1",2,300,0,0,-1,-1,0,"0, 0, 0, 0",0,"0, 0, 0, 0","0, 0, 0, 0","外:0, 内:0","外:0, 内:0","外:0, 内:0",0,0,0,0,0,0,0,0,"0, 0, 0, 0, 0, 0",30000,4,0,80,60,25,800,10,式0=3,2,0,165,-1,"100, 20, 1, 0, 0, 0, 0",90,"50, 20, 30, 0",false,true,"0, 0, 0, 0, 0, 0, 0, 0, 0, 0, 0, 0",50,-1,,0,0,0,"0, 0, 0, 0",36,0,36,-1,-1,false,-1,-1,-1,0,0,0,"0, 0, 0, 0",0,0,0,0,0,list2,"0, 0, 0, 35, 35, 0, 0","0, 0, 0, 35, 35, 0, 0",0,0,list3,"0, 0, 0, 0, 0",loopBonusSkillList,0,"20, 19, 41, 42, 43, 44, 45, 46",开始施展此功法时，如果运用者有任何新增外伤，将运用者的3个随机新增外伤变化为1个更难恢复的旧时外伤，随后此功法的威力与攻击范围大幅提高,开始施展此功法时，如果运用者有任何新内伤，将运用者的3个随机新内伤变化为1个更难恢复的旧时内伤，随后此功法的威力与攻击范围大幅提高
526,九炼金乌,5,九炼金乌也称“九注横劲”，乃是将九股至阳至烈的内劲灌注于器物之上的奇门绝技，九注横劲无比强横，劲成便要脱手放出，否则手足触之立毁。,1,暗器,Invalid,2,14,3,670,true,true,36,属性0=120; 属性4=55; 属性86=350; 属性55=280; 属性64=280,507,1233,3,0,5,true,"0, 1, 3, 4",2,350,0,0,-1,-1,0,"0, 0, 0, 0",0,"0, 0, 0, 0","0, 0, 0, 0","外:0, 内:0","外:0, 内:0","外:0, 内:0",0,0,0,0,0,0,0,0,"0, 0, 0, 0, 0, 0",33000,4,0,80,30,25,840,15,式0=3,2,0,165,-1,"60, 20, 1, 20, 20, 0, 0",140,"50, 20, 30, 0",false,false,"0, 0, 0, 0, 0, 0, 0, 0, 0, 0, 0, 0",50,-1,,0,0,0,"0, 0, 0, 0",36,0,36,-1,-1,false,-1,-1,-1,0,0,0,"0, 0, 0, 0",0,0,0,0,0,list2,"0, 0, 0, 90, 90, 0, 0","0, 0, 0, 0, 0, 0, 0",0,0,list3,"0, 0, 0, 0, 0",loopBonusSkillList,0,"20, 19, 17, 41, 42, 43, 44, 45, 46",战斗开始时，运用者获得0层此效果：每当运用者获得1点「摧破」真气，此效果就提高1层，当此效果累积最多9层时，此功法的威力提高，且运用者能够从施展进度50%开始无消耗施展此功法攻击敌人，随后此效果恢复为0层,战斗开始时，运用者获得0层此效果：每当运用者失去1点「摧破」真气，此效果就提高1层，当此效果累积最多9层时，此功法的威力提高，且运用者能够从施展进度50%开始无消耗施展此功法攻击敌人，随后此效果恢复为0层
527,野鬼毒砂,0,野鬼毒砂招式杂乱，毫无章法可循，然而毒砂暗器向来不以法度为根本，唯有临机应变，出奇制胜方为其上乘之要义也。,1,暗器,Invalid,1,15,4,671,true,false,46,属性0=40; 属性1=30; 属性3=30; 属性86=100; 属性59=80; 属性65=80,590,1316,1,8,0,false,"0, 1",1,100,0,0,-1,-1,0,"0, 0, 0, 0",0,"0, 0, 0, 0","0, 0, 0, 0","外:0, 内:0","外:0, 内:0","外:0, 内:0",0,0,0,0,0,0,0,0,"0, 0, 0, 0, 0, 0",18000,4,0,60,30,25,320,10,式14=2,1,0,12,-1,"0, 30, 1, 25, 25, 20, 20",40,"20, 40, 40, 0",false,true,"300, 1, 0, 0, 0, 0, 0, 0, 0, 0, 0, 0",50,-1,,0,0,0,"0, 0, 0, 0",36,0,36,-1,-1,false,-1,-1,-1,0,0,0,"0, 0, 0, 0",0,0,0,0,0,list2,"0, 0, 0, 20, 20, 0, 0","0, 0, 0, 0, 0, 0, 0",0,0,list3,"0, 0, 0, 0, 0",loopBonusSkillList,0,"20, 19, 17, 42, 43, 44, 45, 46",此功法发挥$0$成威力时，将运用者的最多2个无法使用的式变化为「毒」式,此功法发挥$0$成威力时，将敌人的最多2个可以使用的式变化为「毒」式
528,腐虫砂,1,腐虫砂乃行功者体内浊沉之气所化，虽然毒性缓慢，但倘若沾染半点便极难净除，故运用此法者必先以衣物布袋包裹住毒砂之后方能以之施为。,1,暗器,Invalid,1,15,4,672,true,true,47,属性0=45; 属性1=35; 属性3=35; 属性86=150; 属性59=120; 属性65=120,591,1317,1,8,1,false,"3, 4",1,150,0,0,-1,-1,0,"0, 0, 0, 0",0,"0, 0, 0, 0","0, 0, 0, 0","外:0, 内:0","外:0, 内:0","外:0, 内:0",0,0,0,0,0,0,0,0,"0, 0, 0, 0, 0, 0",18000,4,0,60,40,25,240,10,式14=2,1,0,12,-1,"0, 30, 1, 10, 10, 35, 35",80,"30, 30, 40, 0",false,false,"0, 0, 0, 0, 0, 0, 0, 0, 450, 1, 0, 0",50,-1,,0,0,0,"0, 0, 0, 0",36,0,36,-1,-1,false,-1,-1,-1,0,0,0,"0, 0, 0, 0",0,0,0,0,0,list2,"0, 0, 0, 15, 15, 0, 0","0, 0, 0, 15, 15, 0, 0",0,0,list3,"0, 0, 0, 0, 0",loopBonusSkillList,0,"20, 19, 41, 42, 43, 44, 46",以此功法攻击敌人时，如果敌人腐毒攻心，敌人「护体」功法的特殊效果无法生效,以此功法攻击敌人时，如果敌人腐毒攻心，敌人「轻灵」功法的特殊效果无法生效
529,蚀骨烂肠砂,2,蚀骨烂肠砂暗藏于阴股之间，其质最是污秽，其毒最是阴邪，此砂一离阴股，所含恶毒便随风而发，即令育此毒砂者也绝不敢轻易触碰。,1,暗器,Invalid,1,15,4,673,true,true,48,属性0=50; 属性1=40; 属性3=40; 属性86=200; 属性59=160; 属性65=160,592,1318,2,8,2,false,1,1,200,0,0,-1,-1,0,"0, 0, 0, 0",0,"0, 0, 0, 0","0, 0, 0, 0","外:0, 内:0","外:0, 内:0","外:0, 内:0",0,0,0,0,0,0,0,0,"0, 0, 0, 0, 0, 0",21000,2,0,60,40,25,440,10,式14=2,1,0,12,-1,"0, 120, 0, 0, 0, 0, 0",60,"20, 40, 40, 0",false,true,"0, 0, 0, 0, 0, 0, 0, 0, 600, 1, 0, 0",50,-1,,0,0,0,"0, 0, 0, 0",36,0,36,-1,-1,false,-1,-1,-1,0,0,0,"0, 0, 0, 0",0,0,0,0,0,list2,"0, 0, 0, 40, 40, 0, 0","0, 0, 0, 0, 0, 0, 0",0,0,list3,"0, 0, 0, 0, 0",loopBonusSkillList,0,"20, 19, 17, 41, 42, 43, 44, 46",此功法对敌人腰腹造成的直接伤势标记将变化为更难恢复的旧时伤势,此功法对敌人腰腹造成的直接伤害提高30%；此功法发挥$0$成威力时，损耗敌人的架势
530,黄坟砂,3,所谓：“一步枯骨一步砂，脚踏黄坟鬼离家”。黄坟砂裹于足底，伸足即发，其毒性之猛恶，纵是坟中恶鬼也不免退避三舍，离“家”而逃。,1,暗器,Invalid,2,15,4,674,true,true,49,属性0=55; 属性1=45; 属性3=45; 属性86=250; 属性59=200; 属性65=200,593,1319,2,8,3,false,"5, 6",2,250,0,0,-1,-1,0,"0, 0, 0, 0",0,"0, 0, 0, 0","0, 0, 0, 0","外:0, 内:0","外:0, 内:0","外:0, 内:0",0,0,0,0,0,0,0,0,"0, 0, 0, 0, 0, 0",21000,6,0,80,30,25,520,15,式14=3,2,0,12,-1,"0, 40, 0, 0, 0, 40, 40",80,"20, 30, 50, 0",false,false,"450, 2, 0, 0, 0, 0, 0, 0, 0, 0, 0, 0",50,-1,,0,0,0,"0, 0, 0, 0",36,0,36,-1,-1,false,-1,-1,-1,0,0,0,"0, 0, 0, 0",0,0,0,0,0,list2,"0, 0, 0, 50, 50, 0, 0","0, 0, 0, 0, 0, 0, 0",0,0,list3,"0, 0, 0, 0, 0",loopBonusSkillList,0,"20, 19, 17, 42, 43, 44, 45, 46",当施展此功法需要的式不足时，运用者可将其作为腿法施展，能够影响腿法的效果此时均会对此功法产生影响；此功法发挥$0$成威力后，运用者获得2层此效果：运用者每累积前进1距离，就会从施展进度50%开始，无消耗施展此功法攻击敌人，以此效果施展的此功法不会获得摧破效果层数,当施展此功法需要的式不足时，运用者可将其作为腿法施展，能够影响腿法的效果此时均会对此功法产生影响；此功法发挥$0$成威力后，运用者获得2层此效果：运用者每累积后退1距离，就会从施展进度50%开始，无消耗施展此功法攻击敌人，以此效果施展的此功法不会获得摧破效果层数
531,金蟾五毒砂,4,金蟾五毒砂招式诡异，毒性极烈，需以秘传之法将毒砂嵌藏于牙间与指爪之中，临敌之际，只需弹指吹气便能杀人，中者面如金纸，无不目眦尽裂而死。,1,暗器,Invalid,2,15,4,675,true,true,50,属性0=60; 属性1=50; 属性3=50; 属性86=300; 属性59=240; 属性65=240,594,1320,3,8,4,false,"3, 4",2,300,0,0,-1,-1,0,"0, 0, 0, 0",0,"0, 0, 0, 0","0, 0, 0, 0","外:0, 内:0","外:0, 内:0","外:0, 内:0",0,0,0,0,0,0,0,0,"0, 0, 0, 0, 0, 0",24000,0,0,80,30,25,600,10,式14=3,2,0,12,-1,"40, 40, 1, 20, 20, 0, 0",120,"20, 40, 40, 0",false,false,"600, 2, 0, 0, 0, 0, 0, 0, 0, 0, 0, 0",50,-1,,0,0,0,"0, 0, 0, 0",36,0,36,-1,-1,false,-1,-1,-1,0,0,0,"0, 0, 0, 0",0,0,0,0,0,list2,"0, 0, 0, 70, 70, 0, 0","0, 0, 0, 0, 0, 0, 0",0,0,list3,"0, 0, 0, 0, 0",loopBonusSkillList,0,"20, 19, 17, 42, 43, 44, 45, 46",以此功法攻击敌人时，敌人的破体越高，敌人的御体就减少越多,以此功法攻击敌人时，敌人的破气越高，敌人的御气就减少越多
532,毒娘子砂,5,以气御砂固然艰难，然而毒娘子砂之技却能将所御之毒砂颗颗分开，好似每颗毒砂之上均悬有细丝，可随意牵引往来，犹如奇幻。,1,暗器,Invalid,2,15,4,676,true,true,51,属性0=65; 属性1=55; 属性3=55; 属性86=350; 属性59=280; 属性65=280,595,1321,3,8,5,false,"3, 4, 5, 6",2,350,0,0,-1,-1,0,"0, 0, 0, 0",0,"0, 0, 0, 0","0, 0, 0, 0","外:0, 内:0","外:0, 内:0","外:0, 内:0",0,0,0,0,0,0,0,0,"0, 0, 0, 0, 0, 0",18000,4,0,80,60,25,560,15,式14=3,2,0,12,-1,"0, 0, 10, 30, 30, 30, 30",140,"20, 30, 50, 0",false,true,"0, 0, 0, 0, 0, 0, 0, 0, 800, 2, 0, 0",50,-1,,0,0,0,"0, 0, 0, 0",36,0,36,-1,-1,false,-1,-1,-1,0,0,0,"0, 0, 0, 0",0,0,0,0,0,list2,"0, 0, 0, 45, 45, 0, 0","0, 0, 0, 45, 45, 0, 0",0,0,list3,"0, 0, 0, 0, 0",loopBonusSkillList,0,"20, 19, 41, 42, 43, 44, 46",此功法发挥$0$成威力后，运用者获得6层此效果：运用者拥有「毒」式时，每当运用者累积前进1距离，消耗运用者的1个「毒」式，使敌人也靠近运用者1距离，且敌人因此而移动后，封闭敌人随机部位的1个穴道,此功法发挥$0$成威力后，运用者获得6层此效果：运用者拥有「毒」式时，每当运用者累积后退1距离，消耗运用者的1个「毒」式，使敌人也远离运用者1距离，且敌人因此而移动后，封闭敌人随机部位的1个穴道
533,血犼砂,6,血犼砂绝技诡恶无比，乃是将剧毒细砂藏于舌下喉间，再以丹田至强至烈之真气狂喷而出以之灭敌的可怖功法。,1,暗器,Invalid,3,15,4,677,true,true,52,属性0=70; 属性1=60; 属性3=60; 属性86=400; 属性59=320; 属性65=320,596,1322,4,8,6,false,2,3,400,0,0,-1,-1,0,"0, 0, 0, 0",0,"0, 0, 0, 0","0, 0, 0, 0","外:0, 内:0","外:0, 内:0","外:0, 内:0",0,0,0,0,0,0,0,0,"0, 0, 0, 0, 0, 0",21000,0,0,100,30,25,800,10,式14=4,3,0,12,-1,"60, 60, 1, 0, 0, 0, 0",160,"20, 40, 40, 0",false,false,"0, 0, 0, 0, 0, 0, 600, 3, 0, 0, 0, 0",50,-1,,0,0,0,"0, 0, 0, 0",36,0,36,-1,-1,false,-1,-1,-1,0,0,0,"0, 0, 0, 0",0,0,0,0,0,list2,"0, 0, 0, 55, 55, 0, 0","0, 0, 0, 55, 55, 0, 0",0,0,list3,"0, 0, 0, 0, 0",loopBonusSkillList,0,"20, 19, 41, 42, 44, 45, 46",此功法向敌人施加的赤毒将变化为更难驱除的旧时毒素；此功法发挥$0$成威力后，如果敌人赤毒攻心，使敌人赤毒发作,此功法向敌人施加的赤毒大幅提高，但有较低的几率令运用者同时被施加一部分赤毒；除非被毒害者天生赤毒不侵，否则此功法施加的赤毒无视被毒害者一半的赤毒抵抗
534,拂花掠影剑,0,所谓：“剑不行尾，方是峨眉”。拂花掠影剑轻灵飘逸，招式连绵不断，好似燕雀逐影，蝴蝶穿花，剑尖绝不偏转，始终直指敌身。,1,剑法,Invalid,1,2,1,678,true,false,40,属性1=70; 属性2=30; 属性87=100; 属性62=80; 属性63=80,635,1361,1,8,0,false,"0, 1, 3, 4, 5, 6",1,100,0,0,-1,-1,0,"0, 0, 0, 0",0,"0, 0, 0, 0","0, 0, 0, 0","外:0, 内:0","外:0, 内:0","外:0, 内:0",0,0,0,0,0,0,0,0,"0, 0, 0, 0, 0, 0",15000,4,0,60,40,25,160,10,式4=1; 式5=1,0,0,435,-1,"0, 0, 1, 40, 40, 20, 20",70,"10, 40, 50, 0",true,false,"0, 0, 0, 0, 0, 0, 0, 0, 0, 0, 0, 0",50,-1,,0,0,0,"0, 0, 0, 0",36,0,36,-1,-1,false,-1,-1,-1,0,0,0,"0, 0, 0, 0",0,0,0,0,0,list2,"0, 0, 0, 10, 10, 0, 0","0, 0, 0, 10, 10, 0, 0",0,0,list3,"0, 0, 0, 0, 0",loopBonusSkillList,0,"20, 19, 41, 42, 43, 44, 45, 46",此功法发挥$0$成威力后，运用者获得10层此效果：此效果剩余的层数越少，运用者攻击敌人时，运用者的迅疾就提高越多,此功法发挥$0$成威力后，运用者获得10层此效果：此效果剩余的层数越少，敌人攻击运用者时，敌人的迅疾就降低越多
535,猿公剑法,1,猿公剑法源远流长，相传乃是山中白猿传授给峨眉山道人的剑术，其招式外松内紧，古朴灵动，行剑长短并用，一任自然。,1,剑法,Invalid,1,2,1,679,true,false,41,属性1=80; 属性2=35; 属性87=150; 属性62=120; 属性63=120,636,1362,1,8,1,false,"0, 1, 3, 4, 5, 6",1,150,0,0,-1,-1,0,"0, 0, 0, 0",0,"0, 0, 0, 0","0, 0, 0, 0","外:0, 内:0","外:0, 内:0","外:0, 内:0",0,0,0,0,0,0,0,0,"0, 0, 0, 0, 0, 0",21000,4,0,60,50,25,280,15,式4=2,0,0,435,-1,"30, 30, 1, 30, 30, 0, 0",80,"20, 40, 40, 0",false,true,"0, 0, 0, 0, 0, 0, 0, 0, 0, 0, 0, 0",50,-1,,0,0,0,"0, 0, 0, 0",36,0,36,-1,-1,false,-1,-1,-1,0,0,0,"0, 0, 0, 0",0,0,0,0,0,list2,"0, 0, 0, 15, 15, 0, 0","0, 0, 0, 15, 15, 0, 0",0,0,list3,"0, 0, 0, 0, 0",loopBonusSkillList,0,"20, 19, 41, 42, 43, 44, 45, 46",此功法发挥$0$成威力后，运用者获得4层此效果：运用者获得的所有「劈」式、「撩」式，变化为「刺」式,此功法发挥$0$成威力时，运用者获得2个「刺」式
536,白眉剑法,2,白眉剑法攻防一体，虽柔亦刚，剑行似燕飞，剑落如风停。因传自峨眉派之白眉祖师，故名“白眉剑法”，可谓峨眉剑术之根基所在。,1,剑法,Invalid,1,2,1,680,true,false,42,属性1=45; 属性2=40; 属性5=45; 属性87=200; 属性62=160; 属性63=160,637,1363,2,8,2,false,"0, 1, 3, 4, 5, 6",1,200,0,0,-1,-1,0,"0, 0, 0, 0",0,"0, 0, 0, 0","0, 0, 0, 0","外:0, 内:0","外:0, 内:0","外:0, 内:0",0,0,0,0,0,0,0,0,"0, 0, 0, 0, 0, 0",18000,4,0,60,30,25,400,10,式4=2,0,0,462,-1,"0, 0, 10, 0, 0, 0, 0",60,"20, 30, 50, 0",false,false,"0, 0, 0, 0, 0, 0, 0, 0, 0, 0, 0, 0",50,-1,,0,0,0,"0, 0, 0, 0",36,0,36,-1,-1,false,-1,-1,-1,0,0,0,"0, 0, 0, 0",0,0,0,0,0,list2,"0, 0, 0, 40, 40, 0, 0","0, 0, 0, 0, 0, 0, 0",0,0,list3,"0, 0, 0, 0, 0",loopBonusSkillList,0,"20, 19, 17, 41, 42, 43, 44, 45, 46",此功法对敌人头颈造成的直接伤势标记将变化为更难恢复的旧时伤势,此功法对敌人头颈造成的直接伤害提高30%；此功法发挥$0$成威力时，减少敌人1个随机「轻灵」功法的威力，持续直到战斗结束
537,莲花妙剑,3,诀曰：“风泽中孚客从主，水火既济虚化实”。莲花妙剑虽招招示弱，避重就轻，却能于无形间牵引敌势随我而动，终于虚极生实，以弱胜强。,1,剑法,Invalid,2,2,1,681,true,false,43,属性1=50; 属性2=45; 属性5=50; 属性87=250; 属性62=200; 属性63=200,638,1364,2,7,3,true,"0, 1, 3, 4, 5, 6",2,250,0,0,-1,-1,0,"0, 0, 0, 0",0,"0, 0, 0, 0","0, 0, 0, 0","外:0, 内:0","外:0, 内:0","外:0, 内:0",0,0,0,0,0,0,0,0,"0, 0, 0, 0, 0, 0",24000,4,0,80,50,25,320,10,式5=3,0,0,480,-1,"0, 30, 1, 30, 30, 15, 15",140,"10, 50, 40, 0",true,false,"0, 0, 0, 0, 0, 0, 0, 0, 0, 0, 0, 0",50,-1,,0,0,0,"0, 0, 0, 0",36,0,36,-1,-1,false,-1,-1,-1,0,0,0,"0, 0, 0, 0",0,0,0,0,0,list2,"0, 0, 0, 0, 0, 0, 0","0, 0, 0, 50, 50, 0, 0",0,0,list3,"0, 0, 0, 0, 0",loopBonusSkillList,0,"20, 19, 16, 41, 42, 43, 44, 45, 46",此功法至少对敌人造成1个直接外伤标记或重创标记时，对敌人被攻击的部位造成1个额外的级别更高的封穴,此功法至少对敌人造成1个直接内伤标记或重创标记时，对敌人被攻击的部位造成1个额外的级别更高的封穴
538,越女剑法,4,越女剑法松柔灵活，轻快神奇，出必向神，行必移魂，正是：“身若惊鸿莺穿柳，剑似追魂不离人；输赢只须出半手，纵是越女也失魂”。,1,剑法,Invalid,2,2,5,682,true,false,44,属性1=110; 属性2=50; 属性87=300; 属性62=240; 属性63=240,639,1365,3,8,4,false,"0, 1, 3, 4, 5, 6",2,300,0,0,-1,-1,0,"0, 0, 0, 0",0,"0, 0, 0, 0","0, 0, 0, 0","外:0, 内:0","外:0, 内:0","外:0, 内:0",0,0,0,0,0,0,0,0,"0, 0, 0, 0, 0, 0",15000,4,0,80,30,25,560,15,式4=3,0,0,462,-1,"20, 0, 10, 50, 50, 0, 0",80,"20, 20, 60, 0",false,false,"0, 0, 0, 0, 0, 0, 0, 0, 0, 0, 0, 0",50,-1,,0,0,0,"0, 0, 0, 0",36,0,36,-1,-1,false,-1,-1,-1,0,0,0,"0, 0, 0, 0",0,0,0,0,0,list2,"0, 0, 0, 70, 70, 0, 0","0, 0, 0, 0, 0, 0, 0",0,0,list3,"0, 0, 0, 0, 0",loopBonusSkillList,0,"20, 19, 17, 41, 42, 43, 44, 45, 46",此功法发挥$0$成威力后，运用者获得7层此效果：大幅提高运用者追击敌人的几率,此功法发挥$0$成威力后，运用者获得7层此效果：大幅降低敌人追击运用者的几率
539,残虹剑式,5,“峨眉剑法妙入神，残虹一式定乾坤”。残虹剑式出剑奇快无比，可谓倾其力于一动，毕其功于一击，势发如雷霆，剑出若残虹。,1,剑法,Invalid,2,2,1,683,true,true,45,属性1=60; 属性2=55; 属性4=60; 属性87=350; 属性62=280; 属性63=280,640,1366,3,0,5,true,"0, 1, 3, 4, 5, 6",2,350,0,0,-1,-1,0,"0, 0, 0, 0",0,"0, 0, 0, 0","0, 0, 0, 0","外:0, 内:0","外:0, 内:0","外:0, 内:0",0,0,0,0,0,0,0,0,"0, 0, 0, 0, 0, 0",18000,4,0,80,30,25,640,10,式4=3,0,0,462,-1,"60, 20, 1, 20, 20, 0, 0",120,"20, 10, 70, 0",false,true,"0, 0, 0, 0, 0, 0, 0, 0, 0, 0, 0, 0",50,-1,,0,0,0,"0, 0, 0, 0",36,0,36,-1,-1,false,-1,-1,-1,0,0,0,"0, 0, 0, 0",0,0,0,0,0,list2,"0, 0, 0, 90, 90, 0, 0","0, 0, 0, 0, 0, 0, 0",0,0,list3,"0, 0, 0, 0, 0",loopBonusSkillList,0,"20, 19, 17, 41, 42, 43, 44, 45, 46",战斗开始时，运用者获得0层此效果：运用者每获得1个式时，此效果提高1层，最多9层；此效果层数越高，此功法的威力就提高越多，直到此功法发挥$0$成威力，此效果就会恢复至0层,战斗开始时，运用者获得0层此效果：运用者每失去1个式时，此效果提高1层，最多9层；此效果层数越高，此功法的威力就提高越多，直到此功法发挥$0$成威力，此效果就会恢复至0层
540,玉女神剑,6,玉女神剑高姿俊逸，清奇绝伦，功成自然，机含万变，行剑意飘飘、形怯怯、神淡淡，轻描淡写间剑我已共为一体也。,1,剑法,Invalid,3,2,1,684,true,true,46,属性1=75; 属性2=60; 属性5=55; 属性87=400; 属性62=320; 属性63=320,641,1367,4,1,6,true,"0, 1, 3, 4, 5, 6",3,400,0,0,-1,-1,0,"0, 0, 0, 0",0,"0, 0, 0, 0","0, 0, 0, 0","外:0, 内:0","外:0, 内:0","外:0, 内:0",0,0,0,0,0,0,0,0,"0, 0, 0, 0, 0, 0",18000,4,0,100,70,25,640,20,式4=4,0,0,462,-1,"0, 30, 10, 30, 30, 15, 15",180,"10, 20, 70, 0",true,false,"0, 0, 0, 0, 0, 0, 0, 0, 0, 0, 0, 0",50,-1,,0,0,0,"0, 0, 0, 0",36,0,36,-1,-1,false,-1,-1,-1,0,0,0,"0, 0, 0, 0",0,0,0,0,0,,"0, 0, 0, 0, 0, 0, 0","0, 0, 0, 110, 110, 0, 0",0,0,,"0, 0, 0, 0, 0",,0,"20, 19, 16, 41, 42, 43, 44, 45, 46",施展此功法的过程中，运用者可以无需施展准备地施展任何外功比例不低于60%的「摧破」功法，且主动施展的功法会根据品级增加此功法的威力与施展进度，且在该「摧破」功法或由此功法引发的其它功法均施展结束并发挥$0$成威力后，继续施展此功法,施展此功法的过程中，运用者可以无需施展准备地施展任何内功比例不低于60%的「摧破」功法，且主动施展的功法会根据品级增加此功法的威力与施展进度，且在该「摧破」功法或由此功法引发的其它功法均施展结束并发挥$0$成威力后，继续施展此功法
541,武当丹剑,0,武当丹剑乃武当派之内家剑法，讲究心、神、剑三者合一，行剑如龙之行，首尾相应，奇正相生，神韵悠然自得，以神足而道成。,1,剑法,Invalid,1,4,3,685,true,false,33,属性1=30; 属性2=35; 属性4=35; 属性87=100; 属性62=100,684,1410,1,8,0,false,"0, 1, 3, 4, 5, 6",1,100,0,0,-1,-1,0,"0, 0, 0, 0",0,"0, 0, 0, 0","0, 0, 0, 0","外:0, 内:0","外:0, 内:0","外:0, 内:0",0,0,0,0,0,0,0,0,"0, 0, 0, 0, 0, 0",18000,4,0,60,50,20,200,10,式4=1; 式5=1,0,0,435,-1,"20, 20, 1, 30, 30, 10, 10",80,"20, 40, 40, 0",false,false,"0, 0, 0, 0, 0, 0, 0, 0, 0, 0, 0, 0",50,-1,,0,0,0,"0, 0, 0, 0",36,0,36,-1,-1,false,-1,-1,-1,0,0,0,"0, 0, 0, 0",0,0,0,0,0,,"0, 0, 0, 10, 10, 0, 0","0, 0, 0, 10, 10, 0, 0",0,0,,"0, 0, 0, 0, 0",,0,"20, 19, 41, 42, 43, 44, 45, 46",根据此功法发挥的成数，增加运用者所有「奇窍」功法的威力，持续直到战斗结束,根据此功法发挥的成数，降低敌人所有「奇窍」功法的威力，持续直到战斗结束
542,武当逍遥剑,1,武当逍遥剑轻灵圆活，虚实互用，剑随身走，神清意明，剑招因敌变幻，不拘于成法，起似腾空击舞，落如清风扫尘。,1,剑法,Invalid,1,4,5,686,true,false,34,属性1=35; 属性2=40; 属性4=40; 属性87=150; 属性62=150,685,1411,1,8,1,false,"0, 1, 3, 4, 5, 6",1,150,0,0,-1,-1,0,"0, 0, 0, 0",0,"0, 0, 0, 0","0, 0, 0, 0","外:0, 内:0","外:0, 内:0","外:0, 内:0",0,0,0,0,0,0,0,0,"0, 0, 0, 0, 0, 0",21000,4,0,60,50,20,280,15,式5=2,0,0,480,-1,"0, 30, 1, 20, 20, 25, 25",90,"20, 50, 30, 0",true,false,"0, 0, 0, 0, 0, 0, 0, 0, 0, 0, 0, 0",50,-1,,0,0,0,"0, 0, 0, 0",36,0,36,-1,-1,false,-1,-1,-1,0,0,0,"0, 0, 0, 0",0,0,0,0,0,list,"0, 0, 0, 0, 0, 0, 0","0, 0, 0, 30, 30, 0, 0",0,0,list2,"0, 0, 0, 0, 0",loopBonusSkillList,0,"20, 19, 16, 41, 42, 43, 44, 45, 46",施展此功法的过程中，运用者可以不消耗脚力地前进最多2距离,施展此功法的过程中，运用者可以不消耗脚力地后退最多2距离
543,白虹剑法,2,白虹剑法朴实无华，出剑尽在身前一尺，敌进我攻，敌退我守，敌剑时时为我所粘接，可谓：“顺人之式，借人之力，以静制动，后发先至”。,1,剑法,Invalid,1,4,3,687,true,false,35,属性1=40; 属性2=45; 属性4=45; 属性87=200; 属性62=200,686,1412,2,8,2,false,"0, 1, 3, 4, 5, 6",1,200,0,0,-1,-1,0,"0, 0, 0, 0",0,"0, 0, 0, 0","0, 0, 0, 0","外:0, 内:0","外:0, 内:0","外:0, 内:0",0,0,0,0,0,0,0,0,"0, 0, 0, 0, 0, 0",18000,4,0,60,40,20,360,10,式4=2,0,0,435,-1,"30, 30, 1, 15, 15, 15, 15",70,"30, 40, 30, 0",false,false,"0, 0, 0, 0, 0, 0, 0, 0, 0, 0, 0, 0",50,-1,,0,0,0,"0, 0, 0, 0",36,0,36,-1,-1,false,-1,-1,-1,0,0,0,"0, 0, 0, 0",0,0,0,0,0,list,"0, 0, 0, 20, 20, 0, 0","0, 0, 0, 20, 20, 0, 0",0,0,list2,"0, 0, 0, 0, 0",loopBonusSkillList,0,"20, 19, 41, 42, 43, 44, 45, 46",此功法发挥$0$成威力后，运用者获得3层此效果：每当敌人累积后退1距离，运用者立即前进1距离，此效果层数耗尽时，如果敌人在运用者的攻击范围内，运用者从施展进度75%开始立即无消耗施展此功法攻击敌人，以此效果施展的此功法不会获得摧破效果层数,此功法发挥$0$成威力后，运用者获得3层此效果：每当敌人累积前进1距离，运用者立即后退1距离，此效果层数耗尽时，如果敌人在运用者的攻击范围内，运用者从施展进度75%开始立即无消耗施展此功法攻击敌人，以此效果施展的此功法不会获得摧破效果层数
544,太乙玄门剑,3,有道是：“翻天兮惊鸟飞，滚地兮不沾尘，出似无形，去亦无影”。太乙玄门剑手分阴阳，步踏九宫，内合其气，外合其形，堪称神形俱妙也。,1,剑法,Invalid,2,4,5,688,true,false,36,属性1=45; 属性2=50; 属性4=50; 属性87=250; 属性62=250,687,1413,2,7,3,true,"0, 1, 3, 4, 5, 6",2,250,0,0,-1,-1,0,"0, 0, 0, 0",0,"0, 0, 0, 0","0, 0, 0, 0","外:0, 内:0","外:0, 内:0","外:0, 内:0",0,0,0,0,0,0,0,0,"0, 0, 0, 0, 0, 0",21000,4,0,80,50,20,320,10,式4=1; 式5=2,0,0,480,-1,"0, 0, 1, 30, 30, 30, 30",150,"20, 50, 30, 0",true,false,"0, 0, 0, 0, 0, 0, 0, 0, 0, 0, 0, 0",50,-1,,0,0,0,"0, 0, 0, 0",36,0,36,-1,-1,false,-1,-1,-1,0,0,0,"0, 0, 0, 0",0,0,0,0,0,list,"0, 0, 0, 25, 25, 0, 0","0, 0, 0, 25, 25, 0, 0",0,0,list2,"0, 0, 0, 0, 0",loopBonusSkillList,0,"20, 19, 41, 42, 43, 44, 45, 46",开始施展此功法时，运用者未消耗的根骨越多，此功法的威力就提高越多,开始施展此功法时，运用者已消耗的根骨越多，此功法的威力就提高越多
545,纯阳剑意,4,纯阳剑意柔活舒展，沉着勇壮，讲究“含而不露，隐而自悟，各法贯通，内有玄机”，剑气自然生发，可以消冰释雪，照夜伏邪。,1,剑法,Invalid,2,4,3,689,true,false,37,属性2=55; 属性4=105; 属性87=300; 属性62=300,688,1414,3,0,4,true,"0, 1, 3, 4, 5, 6",2,300,0,0,-1,-1,0,"0, 0, 0, 0",0,"0, 0, 0, 0","0, 0, 0, 0","外:0, 内:0","外:0, 内:0","外:0, 内:0",0,0,0,0,0,0,0,0,"0, 0, 0, 0, 0, 0",24000,4,0,80,70,20,600,20,式3=1; 式4=1; 式5=1,0,0,453,-1,"80, 40, 10, 0, 0, 0, 0",110,"40, 40, 20, 0",false,false,"0, 0, 0, 0, 0, 0, 0, 0, 0, 0, 0, 0",50,-1,,0,0,0,"0, 0, 0, 0",36,0,36,-1,-1,false,-1,-1,-1,0,0,0,"0, 0, 0, 0",0,0,0,0,0,list,"0, 0, 0, 0, 0, 0, 0","0, 0, 0, 70, 70, 0, 0",0,0,list2,"0, 0, 0, 0, 0",loopBonusSkillList,0,"20, 19, 16, 41, 42, 43, 44, 45, 46",开始施展此功法时，如果运用者为童子、童女之身，根据运用者的内功发挥提高此功法的威力,开始施展此功法时，如果运用者非童子、童女之身，根据运用者的内功发挥提高此功法的威力
546,真武游龙剑,5,“恍若轻风不见剑，但见剑光不见人”。真武游龙剑行如蛟龙出水，定若灵蛇捕鼠，时而恍若无剑，时而恍若无人，可谓奥妙至极。,1,剑法,Invalid,2,4,3,690,true,false,38,属性1=55; 属性2=60; 属性4=60; 属性87=350; 属性62=350,689,1415,3,8,5,true,"0, 1, 3, 4, 5, 6",2,350,0,0,-1,-1,0,"0, 0, 0, 0",0,"0, 0, 0, 0","0, 0, 0, 0","外:0, 内:0","外:0, 内:0","外:0, 内:0",0,0,0,0,0,0,0,0,"0, 0, 0, 0, 0, 0",21000,4,0,80,60,20,520,15,式5=3,0,0,480,-1,"0, 30, 1, 15, 15, 30, 30",160,"20, 50, 30, 0",false,true,"0, 0, 0, 0, 0, 0, 0, 0, 0, 0, 0, 0",50,-1,,0,0,0,"0, 0, 0, 0",36,0,36,-1,-1,false,-1,-1,-1,0,0,0,"0, 0, 0, 0",0,0,0,0,0,list,"0, 0, 0, 45, 45, 0, 0","0, 0, 0, 45, 45, 0, 0",0,0,list2,"0, 0, 0, 0, 0",loopBonusSkillList,0,"20, 19, 41, 42, 43, 44, 45, 46",战斗开始时，运用者获得0层此效果：每当运用者在非施展功法的过程中累积前进1距离，此效果增加1层，最多增加4层；运用者可以在施展任何「摧破」功法的过程中后退相当于此效果层数的距离，且脚力消耗减半，此次施展摧破期间，运用者每累积后退2距离，此效果减少1层,战斗开始时，运用者获得0层此效果：每当运用者在非施展功法的过程中累积后退1距离，此效果增加1层，最多增加4层；运用者可以在施展任何「摧破」功法的过程中前进相当于此效果层数的距离，且脚力消耗减半，此次施展摧破期间，运用者每累积前进2距离，此效果减少1层
547,太极剑法,6,太极剑法汇集阴阳两极之气，穷尽天地化生之奇，行剑松沉自然，体静神舒，绵绵不断，重意不重力，乃武当派开派祖师所创之天下内家第一剑。,1,剑法,Invalid,3,4,5,691,true,false,39,属性1=60; 属性2=65; 属性4=65; 属性87=400; 属性62=400,690,1416,4,8,6,true,"0, 1, 3, 4, 5, 6",3,400,0,0,-1,-1,0,"0, 0, 0, 0",0,"0, 0, 0, 0","0, 0, 0, 0","外:0, 内:0","外:0, 内:0","外:0, 内:0",0,0,0,0,0,0,0,0,"0, 0, 0, 0, 0, 0",30000,4,0,100,70,20,560,10,式4=1; 式5=3,0,0,480,-1,"0, 20, 1, 40, 40, 10, 10",250,"20, 70, 10, 0",false,true,"0, 0, 0, 0, 0, 0, 0, 0, 0, 0, 0, 0",50,-1,,0,0,0,"0, 0, 0, 0",36,0,36,-1,-1,false,-1,-1,-1,0,0,0,"0, 0, 0, 0",0,0,0,0,0,list,"0, 0, 0, 55, 55, 0, 0","0, 0, 0, 55, 55, 0, 0",0,0,list2,"0, 0, 0, 0, 0",loopBonusSkillList,0,"20, 19, 41, 42, 43, 44, 45, 46",此功法发挥$0$成威力后，运用者获得5层此效果：敌人对运用者进行兵器攻击时，敌人所有非动心的命中击中运用者的几率大幅降低，每当运用者化解敌人的非追击、非动心的攻击，向敌人施加一个降低破体、破气的损害状态,此功法发挥$0$成威力后，运用者获得5层此效果：敌人对运用者进行兵器攻击时，敌人所有非动心的命中击中运用者的几率大幅降低，每当运用者化解敌人的非追击、非动心的攻击，向敌人施加一个降低御体、御气的损害状态
548,先天少阳剑气,7,所谓“先天少阳”：“少阳者，一阳之始动也；先天者，天人之本元也”。先天少阳剑气乃人身本元之阳气所化，至纯而至真，至阳而至强。,1,剑法,Invalid,3,4,3,692,true,true,40,属性2=70; 属性4=135; 属性87=450; 属性62=450,691,1417,4,0,7,true,"0, 1, 3, 4, 5, 6",3,450,0,0,-1,-1,0,"0, 0, 0, 0",0,"0, 0, 0, 0","0, 0, 0, 0","外:0, 内:0","外:0, 内:0","外:0, 内:0",0,0,0,0,0,0,0,0,"0, 0, 0, 0, 0, 0",27000,4,0,100,100,20,1000,20,式4=3; 式5=1,0,0,489,-1,"80, 0, 1, 20, 20, 0, 0",210,"40, 20, 40, 0",false,false,"0, 0, 0, 0, 0, 0, 0, 0, 0, 0, 0, 0",50,-1,,0,0,0,"0, 0, 0, 0",36,0,36,-1,-1,false,-1,-1,-1,0,0,0,"0, 0, 0, 0",0,0,0,0,0,list,"0, 0, 0, 0, 0, 0, 0","0, 0, 0, 140, 140, 0, 0",0,0,list2,"0, 0, 0, 0, 0",loopBonusSkillList,0,"20, 19, 16, 41, 42, 43, 44, 45, 46",如果运用者的真实年龄不高于40，此功法的威力不会因状态效果降低；开始施展此功法时，运用者的真实年龄越小，此功法的威力就提高越多,如果运用者的真实年龄不低于40，此功法的威力不会因状态效果降低；开始施展此功法时，运用者的真实年龄越大，此功法的威力就提高越多
549,无极剑式,8,无极剑式无声、无色、无始、无终，无可指名，故曰“无极”。无极之剑似剑而非剑，于无剑处却处处皆是剑，此即一切剑之始，亦为一切剑之终也。,1,剑法,Invalid,3,4,5,693,true,true,41,属性1=70; 属性2=75; 属性4=75; 属性87=500; 属性62=500,692,1418,5,8,8,true,"0, 1, 3, 4, 5, 6",3,500,0,0,-1,-1,0,"0, 0, 0, 0",0,"0, 0, 0, 0","0, 0, 0, 0","外:0, 内:0","外:0, 内:0","外:0, 内:0",0,0,0,0,0,0,0,0,"0, 0, 0, 0, 0, 0",24000,0,0,100,70,20,920,20,式4=2; 式5=2,0,0,435,-1,"0, 20, 1, 25, 25, 25, 25",220,"0, 80, 20, 0",true,false,"0, 0, 0, 0, 0, 0, 0, 0, 0, 0, 0, 0",50,-1,,0,0,0,"0, 0, 0, 0",36,0,36,-1,-1,false,-1,-1,-1,0,0,0,"0, 0, 0, 0",0,0,0,0,0,list,"0, 0, 0, 0, 0, 0, 0","0, 0, 0, 180, 180, 0, 0",0,0,list2,"0, 0, 0, 0, 0",loopBonusSkillList,0,"20, 19, 16, 41, 42, 43, 44, 45, 46",运用者没有任何可用的式时，此功法不需要消耗式就可以施展；以此功法攻击敌人时，如果运用者没有任何可用的式，此功法的攻击范围变化为最大，且此功法的威力大幅提高，且此功法必然发挥$0$成威力，且此功法无法被反震,敌人没有任何可用的式时，此功法不需要消耗式就可以施展；以此功法攻击敌人时，如果敌人没有任何可用的式，此功法的攻击范围变化为最大，且此功法的威力大幅提高，且此功法必然发挥$0$成威力，且此功法无法被反震
550,罗汉剑法,0,罗汉剑法刚直不屈，法度严谨，行剑沉稳有力，招式极少转折，每次出剑必先取守势，乃是以守为攻，四平八稳的佛门剑术。,1,剑法,Invalid,1,5,4,694,true,false,25,属性0=45; 属性1=25; 属性2=30; 属性87=100; 属性63=100,710,1436,1,8,0,false,"0, 1, 3, 4, 5, 6",1,100,0,0,-1,-1,0,"0, 0, 0, 0",0,"0, 0, 0, 0","0, 0, 0, 0","外:0, 内:0","外:0, 内:0","外:0, 内:0",0,0,0,0,0,0,0,0,"0, 0, 0, 0, 0, 0",21000,4,0,60,0,15,360,10,式3=2,0,0,453,-1,"60, 20, 1, 20, 20, 0, 0",50,"50, 30, 20, 0",false,true,"0, 0, 0, 0, 0, 0, 0, 0, 0, 0, 0, 0",50,-1,,0,0,0,"0, 0, 0, 0",36,0,36,-1,-1,false,-1,-1,-1,0,0,0,"0, 0, 0, 0",0,0,0,0,0,list,"0, 0, 0, 20, 20, 0, 0","0, 0, 0, 0, 0, 0, 0",0,0,list2,"0, 0, 0, 0, 0",loopBonusSkillList,0,"20, 19, 17, 41, 42, 43, 44, 45, 46",此功法发挥$0$成威力后，消除运用者的2件未使用的兵器的50%的切换间隔时间，如果运用者使用的兵器为「剑」，且可切换为「刀」，运用者立即切换使用「刀」,此功法发挥$0$成威力后，提高敌人的2件未使用的兵器的50%的切换间隔时间，如果运用者使用的兵器为「刀」，且敌人在运用者的攻击范围内，运用者立即对敌人进行1次无需准备的兵器攻击
551,普度剑法,1,普度剑法共有十式，分别指向周身四面共十个不同的方位，剑势中正平和，只去不回，此乃：“剑发十方，普度众生”之意。,1,剑法,Invalid,1,5,5,695,true,false,26,属性0=50; 属性2=35; 属性3=30; 属性87=150; 属性63=150,711,1437,1,8,1,false,"0, 1, 3, 4, 5, 6",1,150,0,0,-1,-1,0,"0, 0, 0, 0",0,"0, 0, 0, 0","0, 0, 0, 0","外:0, 内:0","外:0, 内:0","外:0, 内:0",0,0,0,0,0,0,0,0,"0, 0, 0, 0, 0, 0",24000,4,0,60,0,15,400,15,式3=1; 式4=1,0,0,453,-1,"40, 20, 1, 20, 20, 10, 10",70,"40, 40, 20, 0",false,false,"0, 0, 0, 0, 0, 0, 0, 0, 0, 0, 0, 0",50,-1,,0,0,0,"0, 0, 0, 0",36,0,36,-1,-1,false,-1,-1,-1,0,0,0,"0, 0, 0, 0",0,0,0,0,0,list,"0, 0, 0, 15, 15, 0, 0","0, 0, 0, 15, 15, 0, 0",0,0,list2,"0, 0, 0, 0, 0",loopBonusSkillList,0,"20, 19, 41, 42, 43, 44, 45, 46",以此功法在死斗中击败敌人时，如果敌人已经入邪但并未入魔，减少敌人的入魔程度，并将敌人关押,以此功法在死斗中击败敌人时，如果敌人已经入邪但并未入魔，增加敌人的入魔程度，并将敌人关押
552,七十二嗔剑,2,七十二嗔剑极其刚猛，不仅行剑直上直下，如使单刀，而且每一式剑招均有一声呵斥怒号与之相和，其声势直如雷嗔电怒，尤其惊人。,1,剑法,Invalid,1,5,4,696,true,false,27,属性0=55; 属性1=35; 属性2=40; 属性87=200; 属性63=200,712,1438,2,8,2,false,"0, 1, 3, 4, 5, 6",1,200,0,0,-1,-1,0,"0, 0, 0, 0",0,"0, 0, 0, 0","0, 0, 0, 0","外:0, 内:0","外:0, 内:0","外:0, 内:0",0,0,0,0,0,0,0,0,"0, 0, 0, 0, 0, 0",21000,4,0,60,0,15,520,10,式4=2,0,0,471,-1,"80, 0, 1, 0, 0, 20, 20",40,"50, 20, 30, 0",false,false,"0, 0, 0, 0, 0, 0, 0, 0, 0, 0, 0, 0",50,-1,,0,0,0,"0, 0, 0, 0",36,0,36,-1,-1,false,-1,-1,-1,0,0,0,"0, 0, 0, 0",0,0,0,0,0,list,"0, 0, 0, 40, 40, 0, 0","0, 0, 0, 0, 0, 0, 0",0,0,list2,"0, 0, 0, 0, 0",loopBonusSkillList,0,"20, 19, 17, 41, 42, 43, 44, 45, 46",每当运用者使用的兵器由非「剑」切换为「剑」时，如果敌人在此功法的攻击范围内，运用者从施展进度50%开始立即无消耗施展此功法攻击敌人,每当运用者使用的兵器由非「剑」切换为「剑」时，此功法的威力提高，持续直到运用者施展此功法
553,大慈悲剑,3,“大慈与一切众生乐，大悲拔一切众生苦”。大慈悲剑法度森严，常无懈倦，看似御敌实为律己，剑力因敌而异，敌势越恶，威力越强。,1,剑法,Invalid,2,5,4,697,true,false,28,属性0=60; 属性2=45; 属性4=40; 属性87=250; 属性63=250,713,1439,2,0,3,true,"0, 1, 3, 4, 5, 6",2,250,0,0,-1,-1,0,"0, 0, 0, 0",0,"0, 0, 0, 0","0, 0, 0, 0","外:0, 内:0","外:0, 内:0","外:0, 内:0",0,0,0,0,0,0,0,0,"0, 0, 0, 0, 0, 0",27000,4,0,80,40,15,400,10,式3=2; 式5=1,0,0,453,-1,"0, 0, 0, 60, 60, 0, 0",140,"30, 40, 30, 0",false,false,"0, 0, 0, 0, 0, 0, 0, 0, 0, 0, 0, 0",50,-1,,0,0,0,"0, 0, 0, 0",36,0,36,-1,-1,false,-1,-1,-1,0,0,0,"0, 0, 0, 0",0,0,0,0,0,list,"0, 0, 0, 25, 25, 0, 0","0, 0, 0, 25, 25, 0, 0",0,0,list2,"0, 0, 0, 0, 0",loopBonusSkillList,0,"20, 19, 41, 42, 43, 44, 45, 46",此功法对敌人手臂造成的直接伤势标记将变化为更难恢复的旧时伤势,此功法对敌人手臂造成的直接伤害提高45%；此功法发挥$0$成威力时，损耗敌人所有的脚力
554,文殊大智慧剑,4,文殊大智慧剑共有五式，每式皆有五百小变化，五十大变化，所有变化既可分使，又可合而为一，极其深奥，纵有超凡智能者亦不能穷其奥妙。,1,剑法,Invalid,2,5,5,698,true,false,29,属性0=65; 属性2=50; 属性5=45; 属性87=300; 属性63=300,714,1440,3,0,4,true,"0, 1, 3, 4, 5, 6",2,300,0,0,-1,-1,0,"0, 0, 0, 0",0,"0, 0, 0, 0","0, 0, 0, 0","外:0, 内:0","外:0, 内:0","外:0, 内:0",0,0,0,0,0,0,0,0,"0, 0, 0, 0, 0, 0",24000,4,0,80,60,15,480,10,式3=2; 式4=1,0,0,453,-1,"0, 60, 1, 30, 30, 0, 0",150,"30, 50, 20, 0",false,false,"0, 0, 0, 0, 0, 0, 0, 0, 0, 0, 0, 0",50,-1,,0,0,0,"0, 0, 0, 0",36,0,36,-1,-1,false,-1,-1,-1,0,0,0,"0, 0, 0, 0",0,0,0,0,0,list,"0, 0, 0, 35, 35, 0, 0","0, 0, 0, 35, 35, 0, 0",0,0,list2,"0, 0, 0, 0, 0",loopBonusSkillList,0,"20, 19, 41, 42, 43, 44, 45, 46",开始施展此功法时，运用者装备有越多非「剑」但能够施展此功法的兵器，此功法的威力与攻击范围就提高越多,以此功法攻击敌人时，如果运用者使用非「剑」的兵器，敌人的「护体」、「轻灵」功法的特殊效果无法生效
555,韦驮伏魔剑,5,韦驮伏魔剑迅疾刚勇，剑出有金光，可瞬间击出数十丈之远，其威势之坚强，好似韦驮天手持宝杵以镇群魔，凛然不可侵犯，绝无消退移转。,1,剑法,Invalid,2,5,4,699,true,false,30,属性0=70; 属性1=50; 属性2=55; 属性87=350; 属性63=350,715,1441,3,0,5,true,"0, 1, 3, 4, 5, 6",2,350,0,0,-1,-1,0,"0, 0, 0, 0",0,"0, 0, 0, 0","0, 0, 0, 0","外:0, 内:0","外:0, 内:0","外:0, 内:0",0,0,0,0,0,0,0,0,"0, 0, 0, 0, 0, 0",18000,4,0,80,0,15,720,20,式3=1; 式4=2,0,0,471,-1,"30, 0, 1, 15, 15, 30, 30",100,"40, 20, 40, 0",false,true,"0, 0, 0, 0, 0, 0, 0, 0, 0, 0, 0, 0",50,-1,,0,0,0,"0, 0, 0, 0",36,0,36,-1,-1,false,-1,-1,-1,0,0,0,"0, 0, 0, 0",0,0,0,0,0,list,"0, 0, 0, 90, 90, 0, 0","0, 0, 0, 0, 0, 0, 0",0,0,list2,"0, 0, 0, 0, 0",loopBonusSkillList,0,"20, 19, 17, 41, 42, 43, 44, 45, 46",此功法未发挥$0$成威力时，运用者前进2距离，如果敌人仍在运用者的攻击范围内，运用者从施展进度50%开始立即无消耗施展另一个品阶不超过此功法的「刀法」攻击敌人,战斗开始时，运用者获得4层此效果：每当运用者施展另一个品阶低于此功法的「刀法」并发挥$0$成威力后，运用者后退2距离，如果敌人仍在运用者的攻击范围内，运用者从施展进度50%开始立即无消耗施展此功法攻击敌人；每当运用者使用的兵器由非「剑」切换为「剑」时，此效果提高1层
556,无上菩提剑,6,无上菩提剑质朴平和，清澈明净，剑不生疲惓，常化诸妄法，其体广大，其德无边，犹如诸佛无上究竟之正觉，乃佛门剑法之真髓正果也。,1,剑法,Invalid,3,5,5,700,true,false,31,属性0=75; 属性2=60; 属性5=55; 属性87=400; 属性63=400,716,1442,4,0,6,true,"0, 1, 3, 4, 5, 6",3,400,0,0,-1,-1,0,"0, 0, 0, 0",0,"0, 0, 0, 0","0, 0, 0, 0","外:0, 内:0","外:0, 内:0","外:0, 内:0",0,0,0,0,0,0,0,0,"0, 0, 0, 0, 0, 0",24000,4,0,100,40,15,680,10,式4=2; 式5=2,0,0,498,-1,"20, 40, 1, 20, 20, 10, 10",200,"30, 50, 20, 0",false,false,"0, 0, 0, 0, 0, 0, 0, 0, 0, 0, 0, 0",50,-1,,0,0,0,"0, 0, 0, 0",36,0,36,-1,-1,false,-1,-1,-1,0,0,0,"0, 0, 0, 0",0,0,0,0,0,list,"0, 0, 0, 55, 55, 0, 0","0, 0, 0, 55, 55, 0, 0",0,0,list2,"0, 0, 0, 0, 0",loopBonusSkillList,0,"20, 19, 41, 42, 43, 44, 45, 46",此功法无法被反震；此功法发挥$0$成威力后，运用者获得2层此效果：运用者施展「摧破」功法攻击敌人时，该功法受到的任何威力减弱、持续威力减弱均会暂时变化为威力增强,此功法无法被反震；此功法发挥$0$成威力后，运用者获得2层此效果：敌人施展「摧破」功法攻击运用者时，该功法受到的任何威力增强、持续威力增强均会暂时变化为威力减弱
557,达摩剑法,7,达摩剑法正大不阿，既有刚勇强直之伏魔正法，亦不失神妙精微之奇绝变化，正是：“身入禅定无想无念，剑走玄机十方圆明”。,1,剑法,Invalid,3,5,4,701,true,false,32,属性0=80; 属性2=75; 属性4=50; 属性87=450; 属性63=450,717,1443,4,8,7,true,"0, 1, 3, 4, 5, 6",3,450,0,0,-1,-1,0,"0, 0, 0, 0",0,"0, 0, 0, 0","0, 0, 0, 0","外:0, 内:0","外:0, 内:0","外:0, 内:0",0,0,0,0,0,0,0,0,"0, 0, 0, 0, 0, 0",24000,4,0,100,30,15,920,15,式3=2; 式4=1; 式5=1,0,0,453,-1,"60, 0, 10, 30, 30, 0, 0",210,"40, 40, 20, 0",false,true,"0, 0, 0, 0, 0, 0, 0, 0, 0, 0, 0, 0",50,-1,,0,0,0,"0, 0, 0, 0",36,0,36,-1,-1,false,-1,-1,-1,0,0,0,"0, 0, 0, 0",0,0,0,0,0,list,"0, 0, 0, 140, 140, 0, 0","0, 0, 0, 0, 0, 0, 0",0,0,list2,"0, 0, 0, 0, 0",loopBonusSkillList,0,"20, 19, 17, 41, 42, 43, 44, 45, 46",根据此功法发挥的威力成数与运用者施展此功法消耗的非摧破效果提供的架势值，运用者获得最多200层此效果：运用者施展「摧破」功法时，会先以此效果层数替代提气消耗，消耗的越多，运用者的破体、破气就提高越多,根据此功法发挥的威力成数与运用者施展此功法消耗的非摧破效果提供的架势值，运用者获得最多200层此效果：运用者施展「摧破」功法时，会先以此效果层数替代提气消耗，消耗的越多，敌人的御体、御气就降低越多
558,来去剑法,0,所谓“来去”：“去者，掷剑伤敌，如箭离弦；来者，飞身还剑，剑不沾尘”。来去剑法巧妙轻灵，招式奇异，剑可随时脱手，随时复还。,1,剑法,Invalid,1,7,1,702,true,false,31,属性1=50; 属性5=50; 属性87=100; 属性54=80; 属性65=80,380,1106,1,8,0,true,"0, 1, 3, 4, 5, 6",1,100,0,0,-1,-1,0,"0, 0, 0, 0",0,"0, 0, 0, 0","0, 0, 0, 0","外:0, 内:0","外:0, 内:0","外:0, 内:0",0,0,0,0,0,0,0,0,"0, 0, 0, 0, 0, 0",18000,4,0,60,40,15,160,20,式4=2,0,0,498,-1,"0, 0, 1, 30, 30, 30, 30",80,"20, 40, 40, 0",false,true,"0, 0, 0, 0, 0, 0, 0, 0, 0, 0, 0, 0",50,-1,,0,0,0,"0, 0, 0, 0",36,0,36,-1,-1,false,-1,-1,-1,0,0,0,"0, 0, 0, 0",0,0,0,0,0,list,"0, 0, 0, 5, 5, 0, 0","0, 0, 0, 5, 5, 0, 0",0,5,list2,"0, 0, 0, 0, 0",loopBonusSkillList,0,"20, 41, 42, 43, 44, 45, 46",此功法发挥$0$成威力时，运用者夺取敌人的1个「刺」式,此功法发挥$0$成威力后，运用者获得2层此效果：敌人无法获得「刺」式
559,三清剑法,1,三清剑法乃道门正宗剑术，剑招严整质朴而不失闳远微妙，练到最精深处，可于一剑之中化出三剑，谓之“一气三清”也。,1,剑法,Invalid,1,7,5,703,true,false,32,属性2=55; 属性5=60; 属性87=150; 属性54=120; 属性65=120,381,1107,1,8,1,true,"0, 1, 3, 4, 5, 6",1,150,0,0,-1,-1,0,"0, 0, 0, 0",0,"0, 0, 0, 0","0, 0, 0, 0","外:0, 内:0","外:0, 内:0","外:0, 内:0",0,0,0,0,0,0,0,0,"0, 0, 0, 0, 0, 0",21000,4,0,60,60,15,200,10,式4=1; 式5=1,0,0,498,-1,"0, 40, 1, 25, 25, 15, 15",100,"20, 50, 30, 0",true,false,"0, 0, 0, 0, 0, 0, 0, 0, 0, 0, 0, 0",50,-1,,0,0,0,"0, 0, 0, 0",36,0,36,-1,-1,false,-1,-1,-1,0,0,0,"0, 0, 0, 0",0,0,0,0,0,list,"0, 0, 0, 0, 0, 0, 0","0, 0, 0, 20, 20, 0, 0",0,10,list2,"0, 0, 0, 0, 0",loopBonusSkillList,0,"20, 16, 41, 42, 43, 44, 45, 46",此功法发挥$0$成威力时，运用者获得5点「奇窍」真气,此功法发挥$0$成威力时，敌人失去5点「奇窍」真气
560,飞剑术,2,飞剑术乃然山派之独门秘传，能够以内气御剑于百步之外制敌，其剑自发自收，自去自回，好似剑上生翼，恍如术法通灵。,1,剑法,Invalid,1,7,1,704,true,false,33,属性1=60; 属性5=70; 属性87=200; 属性54=160; 属性65=160,382,1108,2,1,2,true,"0, 1, 2, 3, 4, 5, 6",1,200,0,0,-1,-1,0,"0, 0, 0, 0",0,"0, 0, 0, 0","0, 0, 0, 0","外:0, 内:0","外:0, 内:0","外:0, 内:0",0,0,0,0,0,0,0,0,"0, 0, 0, 0, 0, 0",15000,0,0,60,50,15,320,20,式4=2,0,0,516,-1,"0, 0, 10, 0, 0, 0, 0",70,"10, 40, 50, 0",false,true,"0, 0, 0, 0, 0, 0, 0, 0, 0, 0, 0, 0",50,-1,,0,0,0,"0, 0, 0, 0",36,0,36,-1,-1,false,-1,-1,-1,0,0,0,"0, 0, 0, 0",0,0,0,0,0,list,"0, 0, 0, 20, 20, 0, 0","0, 0, 0, 20, 20, 0, 0",0,15,list2,"0, 0, 0, 0, 0",loopBonusSkillList,0,"20, 41, 42, 43, 44, 45, 46",此功法对敌人头颈造成的直接伤势标记将变化为更难恢复的旧时伤势,此功法对敌人头颈造成的直接伤害提高30%；此功法发挥$0$成威力时，减少敌人1个随机「摧破」功法的威力，持续直到战斗结束
561,开阖剑术,3,有道是：“观阴阳之开阖以命物，知存亡之门户”。开阖剑术以极深奥之数术为本要，知四时六气可以鉴影而度形，晓天地阴阳乃至观想之无遗。,1,剑法,Invalid,2,7,1,705,true,false,34,属性2=65; 属性5=80; 属性87=250; 属性54=200; 属性65=200,383,1109,2,8,3,true,"0, 1, 3, 4, 5, 6",2,250,0,0,-1,-1,0,"0, 0, 0, 0",0,"0, 0, 0, 0","0, 0, 0, 0","外:0, 内:0","外:0, 内:0","外:0, 内:0",0,0,0,0,0,0,0,0,"0, 0, 0, 0, 0, 0",18000,4,0,80,40,15,360,15,式4=1; 式5=2,0,0,498,-1,"0, 0, 1, 10, 10, 50, 50",110,"30, 50, 20, 0",false,true,"0, 0, 0, 0, 0, 0, 0, 0, 0, 0, 0, 0",50,-1,,0,0,0,"0, 0, 0, 0",36,0,36,-1,-1,false,-1,-1,-1,0,0,0,"0, 0, 0, 0",0,0,0,0,0,list,"0, 0, 0, 0, 0, 0, 0","0, 0, 0, 40, 40, 0, 0",0,20,list2,"0, 0, 0, 0, 0",loopBonusSkillList,0,"20, 16, 41, 42, 43, 44, 45, 46",运用者的卸力、拆招、闪避、守心每有一项不低于敌人，就根据此功法发挥的成数，向敌人施加一个降低对应命中属性的损害状态,运用者的力道、精妙、迅疾、动心每有一项不低于敌人，就根据此功法发挥的成数，向敌人施加一个降低对应化解属性的损害状态
562,蚨母从子剑,4,蚨母从子剑变化精微，因势利导，敌人不知不觉间已为剑招所牵引，再也难以摆脱，正是：“若蚨母之从子也，出无间，入无朕，独往独来，莫之能止”。,1,剑法,Invalid,2,7,1,706,true,false,35,属性1=70; 属性5=90; 属性87=300; 属性54=240; 属性65=240,384,1110,3,8,4,false,"0, 1, 3, 4, 5, 6",2,300,0,0,-1,-1,0,"0, 0, 0, 0",0,"0, 0, 0, 0","0, 0, 0, 0","外:0, 内:0","外:0, 内:0","外:0, 内:0",0,0,0,0,0,0,0,0,"0, 0, 0, 0, 0, 0",21000,4,0,80,60,15,400,15,式5=3,0,0,516,-1,"0, 0, 1, 50, 50, 10, 10",150,"10, 40, 50, 0",true,false,"0, 0, 0, 0, 0, 0, 0, 0, 0, 0, 0, 0",50,-1,,0,0,0,"0, 0, 0, 0",36,0,36,-1,-1,false,-1,-1,-1,0,0,0,"0, 0, 0, 0",0,0,0,0,0,list,"0, 0, 0, 25, 25, 0, 0","0, 0, 0, 25, 25, 0, 0",0,25,list2,"0, 0, 0, 0, 0",loopBonusSkillList,0,"20, 41, 42, 43, 44, 45, 46",此功法发挥$0$成威力后，运用者获得8层此效果：每当运用者对敌人进行兵器攻击，敌人也会立即对运用者进行兵器攻击，且敌人因此攻击受到的反震伤害大幅提高,此功法发挥$0$成威力后，运用者获得8层此效果：每当运用者对敌人进行兵器攻击，敌人也会立即对运用者进行兵器攻击，且敌人因此攻击受到的反击伤害大幅提高
563,太宝九华剑,5,太宝九华剑乃道门至宝法剑，剑招深沉玄奥，外不着相，剑力寓刚于柔，无欠无余，行剑如有神明在侧，一举一动皆庄严肃穆，气度俨然。,1,剑法,Invalid,2,7,5,707,true,false,36,属性4=75; 属性5=100; 属性87=350; 属性54=280; 属性65=280,385,1111,3,8,5,true,"0, 1, 3, 4, 5, 6",2,350,0,0,-1,-1,0,"0, 0, 0, 0",0,"0, 0, 0, 0","0, 0, 0, 0","外:0, 内:0","外:0, 内:0","外:0, 内:0",0,0,0,0,0,0,0,0,"0, 0, 0, 0, 0, 0",24000,4,0,80,70,15,520,15,式4=2; 式5=1,0,0,498,-1,"0, 40, 1, 30, 30, 10, 10",170,"20, 60, 20, 0",false,false,"0, 0, 0, 0, 0, 0, 0, 0, 0, 0, 0, 0",50,-1,,0,0,0,"0, 0, 0, 0",36,0,36,-1,-1,false,-1,-1,-1,0,0,0,"0, 0, 0, 0",0,0,0,0,0,list,"0, 0, 0, 0, 0, 0, 0","0, 0, 0, 70, 70, 0, 0",0,35,list2,"0, 0, 0, 0, 0",loopBonusSkillList,0,"20, 16, 41, 42, 43, 44, 45, 46",战斗开始时，运用者获得0层此效果：每当运用者获得1点「奇窍」真气，此效果就提高1层，当此效果累积最多9层时，此功法的威力提高，且运用者能够从施展进度50%开始无消耗施展此功法攻击敌人，随后此效果恢复为0层,战斗开始时，运用者获得0层此效果：每当运用者失去1点「奇窍」真气，此效果就提高1层，当此效果累积最多9层时，此功法的威力提高，且运用者能够从施展进度50%开始无消耗施展此功法攻击敌人，随后此效果恢复为0层
564,阴阳逆剑,6,所谓“阴阳逆剑”：“剑发如收，剑去如回，以曲为伸，用晦而明”；行剑逆走阴阳，绝不以剑之锋芒伤人，反而于钝拙处威力奇大。,1,剑法,Invalid,3,7,1,708,true,true,37,属性1=80; 属性5=110; 属性87=400; 属性54=320; 属性65=320,386,1112,4,8,6,true,"0, 1, 3, 4, 5, 6",3,400,0,0,-1,-1,0,"0, 0, 0, 0",0,"0, 0, 0, 0","0, 0, 0, 0","外:0, 内:0","外:0, 内:0","外:0, 内:0",0,0,0,0,0,0,0,0,"0, 0, 0, 0, 0, 0",21000,4,0,100,60,15,720,10,式5=4,0,0,516,-1,"0, 40, 10, 25, 25, 15, 15",170,"20, 70, 10, 0",true,true,"0, 0, 0, 0, 0, 0, 0, 0, 0, 0, 0, 0",50,-1,,0,0,0,"0, 0, 0, 0",36,0,36,-1,-1,false,-1,-1,-1,0,0,0,"0, 0, 0, 0",0,0,0,0,0,list,"0, 0, 0, 45, 45, 0, 0","0, 0, 0, 45, 45, 0, 0",0,45,list2,"0, 0, 0, 0, 0",loopBonusSkillList,0,"20, 41, 42, 43, 44, 45, 46",以此功法攻击敌人时，如果此功法能够造成直接内伤且运用者的破气低于敌人的御气，运用者的破体大幅提高，运用者对敌人造成的直接外伤大幅提高,以此功法攻击敌人时，如果此功法能够造成直接外伤且运用者的破体低于敌人的御体，运用者的破气大幅提高，运用者对敌人造成的直接内伤大幅提高
565,太始剑气,7,“太始者，阴阳合一，形之始也”。太始剑气以气化形，有形而无质，无质所以循之不得，无有生灭，故而不受物缚，无可制御也。,1,剑法,Invalid,3,7,5,709,true,true,38,属性4=85; 属性5=120; 属性87=450; 属性54=360; 属性65=360,387,1113,4,1,7,true,"0, 1, 3, 4, 5, 6",3,450,0,0,-1,-1,0,"0, 0, 0, 0",0,"0, 0, 0, 0","0, 0, 0, 0","外:0, 内:0","外:0, 内:0","外:0, 内:0",0,0,0,0,0,0,0,0,"0, 0, 0, 0, 0, 0",24000,4,0,100,100,15,760,20,式4=2; 式5=2,0,0,498,-1,"20, 80, 1, 10, 10, 0, 0",250,"30, 50, 20, 0",false,false,"0, 0, 0, 0, 0, 0, 0, 0, 0, 0, 0, 0",50,-1,,0,0,0,"0, 0, 0, 0",36,0,36,-1,-1,false,-1,-1,-1,0,0,0,"0, 0, 0, 0",0,0,0,0,0,list,"0, 0, 0, 0, 0, 0, 0","0, 0, 0, 110, 110, 0, 0",0,60,list2,"0, 0, 0, 0, 0",loopBonusSkillList,0,"20, 16, 41, 42, 43, 44, 45, 46",如果运用者的「奇窍」真气高于初始值且高于敌人的「奇窍」真气，以此功法击中敌人时，使敌人的1个未被永久封禁的「奇窍」功法被「封禁」，此功法每段击中敌人时的发挥成数将决定封禁的时间长短，且此功法施展结束时，运用者失去12点「奇窍」真气,如果运用者的「奇窍」真气低于初始值且低于敌人的「奇窍」真气，以此功法击中敌人时，使敌人的1个未被永久封禁的「奇窍」功法被「封禁」，此功法每段击中敌人时的发挥成数将决定封禁的时间长短，且此功法施展结束时，运用者获得12点「奇窍」真气
566,万化十四剑,8,正所谓：“万化而未始有极也”。万化十四剑变幻无穷，可以化入万物，见花则曼妙无方，见海则汹涌无俦，可以超于剑外，无我亦无彼。,1,剑法,Invalid,3,7,1,710,true,true,39,属性1=90; 属性5=130; 属性87=500; 属性54=400; 属性65=400,388,1114,5,1,8,true,"0, 1, 2, 3, 4, 5, 6",3,500,0,0,-1,-1,0,"0, 0, 0, 0",0,"0, 0, 0, 0","0, 0, 0, 0","外:0, 内:0","外:0, 内:0","外:0, 内:0",0,0,0,0,0,0,0,0,"0, 0, 0, 0, 0, 0",21000,0,0,100,100,15,840,20,式5=4,0,0,516,-1,"30, 30, 1, 20, 20, 10, 10",220,"0, 100, 0, 0",false,false,"0, 0, 0, 0, 0, 0, 0, 0, 0, 0, 0, 0",50,-1,,0,0,0,"0, 0, 0, 0",36,0,36,-1,-1,false,-1,-1,-1,0,0,0,"0, 0, 0, 0",0,0,0,0,0,list,"0, 0, 0, 0, 0, 0, 0","0, 0, 0, 140, 140, 0, 0",0,80,list2,"0, 0, 0, 0, 0",loopBonusSkillList,0,"20, 16, 41, 42, 43, 44, 45, 46",只要运用者能够打出施展此功法所需要的式，此功法就能够使用敌人的任何可用的式来施展；此功法发挥$0$成威力后，运用者获得3层此效果：敌人施展任何需要「劈、刺、撩」式的「摧破」功法时，如果运用者能够使用「劈、刺、撩」式，运用者立即以此功法的威力无消耗施展相同的功法，如果运用者提前以相同的功法击中敌人，「打断」敌人功法的施展，并累积增加此功法的威力，持续直到战斗结束,只要运用者能够打出施展此功法所需要的式，此功法就能够使用运用者的任何不可用的式来施展；此功法发挥$0$成威力后，运用者获得3层此效果：敌人施展任何需要「劈、刺、撩」式的「摧破」功法时，如果运用者能够使用「劈、刺、撩」式，运用者立即以此功法的威力无消耗施展相同的功法，如果运用者提前以相同的功法击中敌人，「打断」敌人功法的施展，并累积增加此功法的威力，持续直到战斗结束
567,十二路鱼肠刺剑,0,十二路鱼肠刺剑迅疾勇绝，小巧轻快，虽然剑招尽是直刺，但出剑方位曲若鱼肠，变化极快，且可贴身而发，尤其凶险。,1,剑法,Invalid,1,9,5,711,true,false,20,属性1=60; 属性5=40; 属性87=100; 属性56=60; 属性57=60; 属性60=60; 属性61=60,427,1153,1,7,0,false,"0, 1, 3, 4, 5, 6",1,100,0,0,-1,-1,0,"0, 0, 0, 0",0,"0, 0, 0, 0","0, 0, 0, 0","外:0, 内:0","外:0, 内:0","外:0, 内:0",0,0,0,0,0,0,0,0,"0, 0, 0, 0, 0, 0",15000,4,0,60,0,20,160,10,式4=2,0,0,462,467,"0, 80, 1, 10, 10, 10, 10",60,"20, 10, 70, 0",false,true,"0, 0, 0, 0, 0, 0, 0, 0, 0, 0, 0, 0",50,-1,,0,0,0,"0, 0, 0, 0",36,0,36,-1,-1,false,-1,-1,-1,0,0,0,"0, 0, 0, 0",0,0,0,0,0,list,"0, 0, 0, 20, 20, 0, 0","0, 0, 0, 0, 0, 0, 0",0,0,list2,"0, 0, 0, 0, 0",loopBonusSkillList,0,"20, 19, 17, 41, 42, 43, 44, 45, 46",持续增加运用者所有剑的解封进度；如果运用者使用的兵器为“鱼肠剑”，运用者能够从施展进度80%开始施展此功法，且根据此功法发挥的成数，额外增加“鱼肠剑”的解封进度；释放“鱼肠剑”的解封时，牺牲兵器的耐久或2个「机」式，使运用者获得12层此效果：运用者能够从施展进度40%开始施展摧破功法,持续增加运用者所有剑的解封进度；运用者能够从施展进度40%开始施展此功法，如果运用者的勇壮赋性不低于50，效果加倍，且可在解封任意剑时，大量牺牲解封兵器的耐久及3个任意可用的蓄式，使运用者获得12层此效果：运用者能够从施展进度40%开始施展摧破功法
568,工布独一剑,1,工布独一剑猛恶凌厉，剑力狠辣，出剑锋芒毕露，毫不退缩，视敌人之挡架于无物，若以无比锋利之宝剑施展出来，威力更大。,1,剑法,Invalid,1,9,3,712,true,false,21,属性1=35; 属性3=35; 属性5=45; 属性87=150; 属性56=90; 属性57=90; 属性60=90; 属性61=90,428,1154,1,2,1,false,"0, 1, 3, 4, 5, 6",1,150,0,0,-1,-1,0,"0, 0, 0, 0",0,"0, 0, 0, 0","0, 0, 0, 0","外:0, 内:0","外:0, 内:0","外:0, 内:0",0,0,0,0,0,0,0,0,"0, 0, 0, 0, 0, 0",24000,4,0,60,0,20,480,10,式3=1; 式4=1,0,0,435,440,"80, 40, 1, 0, 0, 0, 0",40,"50, 10, 40, 0",false,false,"0, 0, 0, 0, 0, 0, 0, 0, 0, 0, 0, 0",50,-1,,0,0,0,"0, 0, 0, 0",36,0,36,-1,-1,false,-1,-1,-1,0,0,0,"0, 0, 0, 0",0,0,0,0,0,list,"0, 0, 0, 30, 30, 0, 0","0, 0, 0, 0, 0, 0, 0",0,0,list2,"0, 0, 0, 0, 0",loopBonusSkillList,0,"20, 19, 17, 41, 42, 43, 44, 45, 46",持续增加运用者所有剑的解封进度；如果运用者使用的兵器为“工布剑”，此功法对敌人造成的直接伤害大幅提高，且根据此功法发挥的成数，额外增加“工布剑”的解封进度；释放“工布剑”的解封时，牺牲兵器的耐久或2个「机」式，使运用者获得8层此效果：运用者的摧破功法对敌人造成的直接伤害大幅提高,持续增加运用者所有剑的解封进度；此功法对敌人造成的直接伤害大幅提高，如果运用者的冷静赋性不低于50，效果加倍，且可在解封任意剑时，大量牺牲解封兵器的耐久及3个任意可用的蓄式，使运用者获得8层此效果：运用者的摧破功法对敌人造成的直接伤害大幅提高
569,胜邪残剑,2,胜邪残剑共九九八十一式，行剑之时，每式绝不使尽，故谓之“残”，其式虽残，其力却不断积于下一式中，是以愈残愈强，一式更比一式狠恶。,1,剑法,Invalid,1,9,3,713,true,false,22,属性1=80; 属性5=50; 属性87=200; 属性56=120; 属性57=120; 属性60=120; 属性61=120,429,1155,2,8,2,false,"0, 1, 3, 4, 5, 6",1,200,0,0,-1,-1,0,"0, 0, 0, 0",0,"0, 0, 0, 0","0, 0, 0, 0","外:0, 内:0","外:0, 内:0","外:0, 内:0",0,0,0,0,0,0,0,0,"0, 0, 0, 0, 0, 0",15000,4,0,60,30,20,320,10,式3=1; 式4=1,0,0,471,477,"0, 0, 1, 30, 30, 30, 30",70,"50, 20, 30, 0",false,true,"0, 0, 0, 0, 0, 0, 0, 0, 0, 0, 0, 0",50,-1,,0,0,0,"0, 0, 0, 0",36,0,36,-1,-1,false,-1,-1,-1,0,0,0,"0, 0, 0, 0",0,0,0,0,0,list,"0, 0, 0, 20, 20, 0, 0","0, 0, 0, 20, 20, 0, 0",0,0,list2,"0, 0, 0, 0, 0",loopBonusSkillList,0,"20, 19, 41, 42, 43, 44, 45, 46",持续增加运用者所有剑的解封进度；如果运用者使用的兵器为“胜邪剑”，此功法击中敌人的几率大幅提高，且根据此功法发挥的成数，额外增加“胜邪剑”的解封进度；释放“胜邪剑”的解封时，牺牲兵器的耐久或2个「机」式，使运用者获得9层此效果：运用者的摧破功法击中敌人的几率大幅提高,持续增加运用者所有剑的解封进度；此功法击中敌人的几率大幅提高，如果运用者的热情赋性不低于50，效果加倍，且可在解封任意剑时，大量牺牲解封兵器的耐久及3个任意可用的蓄式，使运用者获得9层此效果：运用者的摧破功法击中敌人的几率大幅提高
570,巨阙千钧剑,3,巨阙千钧剑仅正反竖劈、左右横扫四式，虽然运剑无比笨拙，但力发千钧，无人能挡。然而寻常铁剑绝难承受如此强力，故而此剑法之神威极难尽显。,1,剑法,Invalid,2,9,3,714,true,false,23,属性0=65; 属性3=25; 属性5=55; 属性87=250; 属性56=150; 属性57=150; 属性60=150; 属性61=150,430,1156,2,2,3,false,"0, 1, 3, 4, 5, 6",2,250,0,0,-1,-1,0,"0, 0, 0, 0",0,"0, 0, 0, 0","0, 0, 0, 0","外:0, 内:0","外:0, 内:0","外:0, 内:0",0,0,0,0,0,0,0,0,"0, 0, 0, 0, 0, 0",33000,4,0,80,0,20,720,15,式3=3,0,0,444,450,"100, 20, 1, 0, 0, 0, 0",70,"80, 10, 10, 0",false,true,"0, 0, 0, 0, 0, 0, 0, 0, 0, 0, 0, 0",50,-1,,0,0,0,"0, 0, 0, 0",36,0,36,-1,-1,false,-1,-1,-1,0,0,0,"0, 0, 0, 0",0,0,0,0,0,list,"0, 0, 0, 50, 50, 0, 0","0, 0, 0, 0, 0, 0, 0",0,0,list2,"0, 0, 0, 0, 0",loopBonusSkillList,0,"20, 19, 17, 41, 42, 43, 44, 45, 46",持续增加运用者所有剑的解封进度；如果运用者使用的兵器为“巨阙剑”，运用者以此功法攻击敌人时，敌人每有1个破绽，就额外造成一定的重创伤害，且根据此功法发挥的成数，额外增加“巨阙剑”的解封进度；释放“巨阙剑”的解封时，牺牲兵器的耐久或2个「机」式，使运用者获得7层此效果：运用者以摧破功法攻击敌人时，敌人每有1个破绽，就额外造成一定的重创伤害,持续增加运用者所有剑的解封进度；运用者以此功法攻击敌人时，敌人每有1个破绽，就额外造成一定的重创伤害，如果运用者的热情、勇壮赋性均不低于40，效果加倍，且可在解封任意剑时，大量牺牲解封兵器的耐久及3个任意可用的蓄式，使运用者获得7层此效果：运用者以摧破功法攻击敌人时，敌人每有1个破绽，就额外造成一定的重创伤害
571,龙渊七星剑法,4,龙渊七星剑法精深奥妙，广博恢弘，上应北斗七星，下应山川河岳，剑出如龙蟠，似蛇走，若以软剑施为，剑刃亦能蜿蜒盘旋，其神妙何止倍增。,1,剑法,Invalid,2,9,5,715,true,false,24,属性1=100; 属性5=60; 属性87=300; 属性56=180; 属性57=180; 属性60=180; 属性61=180,431,1157,3,8,4,false,"0, 1, 3, 4, 5, 6",2,300,0,0,-1,-1,0,"0, 0, 0, 0",0,"0, 0, 0, 0","0, 0, 0, 0","外:0, 内:0","外:0, 内:0","外:0, 内:0",0,0,0,0,0,0,0,0,"0, 0, 0, 0, 0, 0",21000,4,0,80,40,20,400,10,式5=3,0,0,480,487,"20, 40, 1, 20, 20, 10, 10",150,"20, 50, 30, 0",false,false,"0, 0, 0, 0, 0, 0, 0, 0, 0, 0, 0, 0",50,-1,,0,0,0,"0, 0, 0, 0",36,0,36,-1,-1,false,-1,-1,-1,0,0,0,"0, 0, 0, 0",0,0,0,0,0,list,"0, 0, 0, 35, 35, 0, 0","0, 0, 0, 35, 35, 0, 0",0,0,list2,"0, 0, 0, 0, 0",loopBonusSkillList,0,"20, 19, 41, 42, 43, 44, 45, 46",持续增加运用者所有剑的解封进度；如果运用者使用的兵器为“七星龙渊剑”，运用者施展此功法的提气、架势消耗降低60%，且根据此功法发挥的成数，额外增加“七星龙渊剑”的解封进度；释放“七星龙渊剑”的解封时，牺牲兵器的耐久或2个「机」式，使运用者获得7层此效果：运用者施展摧破功法时的提气、架势消耗降低30%,持续增加运用者所有剑的解封进度；运用者施展此功法的提气、架势消耗降低30%，如果运用者的聪颖赋性不低于50，效果加倍，且可在解封任意剑时，大量牺牲解封兵器的耐久及3个任意可用的蓄式，使运用者获得7层此效果：运用者施展摧破功法时的提气、架势消耗降低30%
572,泰阿无量剑,5,泰阿无量剑沉雄威武，力量奇大，一经施展，方圆数丈之内飞沙走石，狂风怒号，真威迸发，群凶慑服，无不笼罩在纵横来去的剑气之下。,1,剑法,Invalid,2,9,3,716,true,false,25,属性3=60; 属性4=50; 属性5=65; 属性87=350; 属性56=210; 属性57=210; 属性60=210; 属性61=210,432,1158,3,8,5,true,"0, 1, 3, 4, 5, 6",2,350,0,0,-1,-1,0,"0, 0, 0, 0",0,"0, 0, 0, 0","0, 0, 0, 0","外:0, 内:0","外:0, 内:0","外:0, 内:0",0,0,0,0,0,0,0,0,"0, 0, 0, 0, 0, 0",27000,4,0,80,30,20,720,15,式3=3,0,0,453,460,"40, 20, 1, 10, 10, 20, 20",140,"60, 30, 10, 0",false,false,"0, 0, 0, 0, 0, 0, 0, 0, 0, 0, 0, 0",50,-1,,0,0,0,"0, 0, 0, 0",36,0,36,-1,-1,false,-1,-1,-1,0,0,0,"0, 0, 0, 0",0,0,0,0,0,list,"0, 0, 0, 90, 90, 0, 0","0, 0, 0, 0, 0, 0, 0",0,0,list2,"0, 0, 0, 0, 0",loopBonusSkillList,0,"20, 19, 17, 41, 42, 43, 44, 45, 46",持续增加运用者所有剑的解封进度；如果运用者使用的兵器为“泰阿剑”，此功法的攻击范围增加4，且根据此功法发挥的成数，额外增加“泰阿剑”的解封进度；释放“泰阿剑”的解封时，牺牲兵器的耐久或2个「机」式，使运用者获得6层此效果：运用者施展的摧破功法的攻击范围增加2,持续增加运用者所有剑的解封进度；此功法的攻击范围增加2，如果运用者的热情、勇壮、冷静、聪颖、坚毅赋性均不低于30，效果加倍，且可在解封任意剑时，大量牺牲解封兵器的耐久及3个任意可用的蓄式，使运用者获得6层此效果：运用者施展的摧破功法的攻击范围增加2
573,纯钧剑气,6,纯钧剑气乃剑之精魂所发，其华如阳光，似清水，五色并见，瞬息百里，可断物无声，可削金如泥，越是宝剑，其气越纯。,1,剑法,Invalid,3,9,3,717,true,false,26,属性3=55; 属性4=65; 属性5=70; 属性87=400; 属性56=240; 属性57=240; 属性60=240; 属性61=240,433,1159,4,2,6,true,"0, 1, 3, 4, 5, 6",3,400,0,0,-1,-1,0,"0, 0, 0, 0",0,"0, 0, 0, 0","0, 0, 0, 0","外:0, 内:0","外:0, 内:0","外:0, 内:0",0,0,0,0,0,0,0,0,"0, 0, 0, 0, 0, 0",21000,4,0,100,70,20,840,20,式4=4,0,0,462,470,"30, 30, 10, 30, 30, 0, 0",140,"20, 20, 60, 0",true,false,"0, 0, 0, 0, 0, 0, 0, 0, 0, 0, 0, 0",50,-1,,0,0,0,"0, 0, 0, 0",36,0,36,-1,-1,false,-1,-1,-1,0,0,0,"0, 0, 0, 0",0,0,0,0,0,list,"0, 0, 0, 0, 0, 0, 0","0, 0, 0, 110, 110, 0, 0",0,0,list2,"0, 0, 0, 0, 0",loopBonusSkillList,0,"20, 19, 16, 41, 42, 43, 44, 45, 46",持续增加运用者所有剑的解封进度；如果运用者使用的兵器为“纯钧剑”，运用者以此功法攻击敌人时，敌人每有1个封穴，就额外造成一定的重创伤害，且根据此功法发挥的成数，额外增加“纯钧剑”的解封进度；释放“纯钧剑”的解封时，牺牲兵器的耐久或2个「机」式，使运用者获得7层此效果：运用者以摧破功法攻击敌人时，敌人每有1个封穴，就额外造成一定的重创伤害,持续增加运用者所有剑的解封进度；运用者以此功法攻击敌人时，敌人每有1个封穴，就额外造成一定的重创伤害，如果运用者的冷静、聪颖赋性均不低于40，效果加倍，且可在解封任意剑时，大量牺牲解封兵器的耐久及3个任意可用的蓄式，使运用者获得7层此效果：运用者以摧破功法攻击敌人时，敌人每有1个封穴，就额外造成一定的重创伤害
574,湛卢剑法,7,湛卢剑法由铸剑祖师欧冶子所传，乃铸剑山庄之镇山至宝。此剑法穷极剑之体用，洞达剑之性灵，行剑则剑喜自鸣，杀敌则剑怒自威。,1,剑法,Invalid,3,9,3,718,true,true,27,属性1=90; 属性2=40; 属性5=75; 属性87=450; 属性56=270; 属性57=270; 属性60=270; 属性61=270,434,1160,4,8,7,false,"0, 1, 3, 4, 5, 6",3,450,0,0,-1,-1,0,"0, 0, 0, 0",0,"0, 0, 0, 0","0, 0, 0, 0","外:0, 内:0","外:0, 内:0","外:0, 内:0",0,0,0,0,0,0,0,0,"0, 0, 0, 0, 0, 0",24000,4,0,100,40,20,880,10,式4=2; 式5=2,0,0,435,443,"25, 25, 1, 25, 25, 10, 10",220,"20, 40, 40, 0",false,false,"0, 0, 0, 0, 0, 0, 0, 0, 0, 0, 0, 0",50,-1,,0,0,0,"0, 0, 0, 0",36,0,36,-1,-1,false,-1,-1,-1,0,0,0,"0, 0, 0, 0",0,0,0,0,0,list,"0, 0, 0, 140, 140, 0, 0","0, 0, 0, 0, 0, 0, 0",0,0,list2,"0, 0, 0, 0, 0",loopBonusSkillList,0,"20, 19, 17, 41, 42, 43, 44, 45, 46",持续增加运用者所有剑的解封进度；如果运用者使用的兵器为“湛卢剑”，根据此功法发挥的成数，“湛卢剑”会将自身的部分解封进度加倍给予另1个兵器，且额外增加“湛卢剑”的解封进度；释放“湛卢剑”的解封时，牺牲兵器的耐久或2个「机」式，使运用者获得3层此效果：运用者的兵器攻击变化为解封攻击，但不会引发因解封带来的功法效果,持续增加运用者所有剑的解封进度；根据此功法发挥的成数，运用者当前使用的兵器会将自身的部分解封进度加倍给予另1个兵器，如果运用者的坚毅赋性不低于50，效果加倍，且可在解封任意剑时，大量牺牲解封兵器的耐久及3个任意可用的蓄式，使运用者获得3层此效果：运用者的兵器攻击变化为解封攻击，但不会引发因解封带来的功法效果
575,绿髯剑法,0,苗人自古笃信：“树大有神，石大有鬼”。绿髯剑法正是模仿“神树”垂藤挂藓的神奇姿态而创，剑招曲折离奇，宛转灵动。,1,剑法,Invalid,1,12,1,719,true,false,40,属性1=65; 属性5=35; 属性87=100; 属性59=100,477,1203,1,8,0,false,"0, 1, 2, 3, 4, 5, 6",1,100,0,0,-1,-1,0,"0, 0, 0, 0",0,"0, 0, 0, 0","0, 0, 0, 0","外:0, 内:0","外:0, 内:0","外:0, 内:0",0,0,0,0,0,0,0,0,"0, 0, 0, 0, 0, 0",21000,4,0,60,0,15,200,15,式4=1; 式5=1,0,0,480,-1,"0, 0, 1, 50, 50, 10, 10",80,"20, 50, 30, 0",true,false,"0, 0, 0, 0, 0, 0, 0, 0, 0, 0, 0, 0",50,-1,,0,0,0,"0, 0, 0, 0",36,0,36,-1,-1,false,-1,-1,-1,0,0,0,"0, 0, 0, 0",0,0,0,0,0,list,"0, 0, 0, 10, 10, 0, 0","0, 0, 0, 10, 10, 0, 0",0,0,list2,"0, 0, 0, 0, 0",loopBonusSkillList,0,"20, 19, 41, 42, 43, 44, 45, 46",此功法发挥$0$成威力时，运用者夺取敌人的1个「撩」式,此功法发挥$0$成威力后，运用者获得2层此效果：敌人无法获得「撩」式
576,勾镰剑法,1,勾镰剑法与中原剑术大异，好似收禾剃草，招招反拖逆撩，古怪无比。苗人习于耕作，擅使勾刃，故以之化为剑术，遂成“勾镰剑法”。,1,剑法,Invalid,1,12,5,720,true,false,41,属性1=75; 属性5=40; 属性87=150; 属性59=150,478,1204,1,8,1,false,"0, 1, 3, 4, 5, 6",1,150,0,0,-1,-1,0,"0, 0, 0, 0",0,"0, 0, 0, 0","0, 0, 0, 0","外:0, 内:0","外:0, 内:0","外:0, 内:0",0,0,0,0,0,0,0,0,"0, 0, 0, 0, 0, 0",18000,4,0,60,0,15,240,10,式5=2,0,0,480,-1,"0, 0, 1, 30, 30, 30, 30",80,"30, 40, 30, 0",false,true,"0, 0, 0, 0, 0, 0, 0, 0, 0, 0, 0, 0",50,-1,,0,0,0,"0, 0, 0, 0",36,0,36,-1,-1,false,-1,-1,-1,0,0,0,"0, 0, 0, 0",0,0,0,0,0,list,"0, 0, 0, 30, 30, 0, 0","0, 0, 0, 0, 0, 0, 0",0,0,list2,"0, 0, 0, 0, 0",loopBonusSkillList,0,"20, 19, 17, 41, 42, 43, 44, 45, 46",根据此功法发挥的成数，向敌人施加一个降低攻击速度的损害状态；此功法发挥$0$成威力时，将敌人击退2距离,根据此功法发挥的成数，向敌人施加一个降低移动速度的损害状态；此功法发挥$0$成威力时，将敌人拉近2距离
577,鬼婆婆剑,2,鬼婆婆剑乃苗人“祭鬼”之用。此剑法迅疾多变，诡怪招式极多，出剑看似肩歪步斜，蹒跚欲败，实则剑力异常凶狠，直如饿虎见羊。,1,剑法,Invalid,1,12,1,721,true,false,42,属性1=80; 属性5=50; 属性87=200; 属性59=200,479,1205,2,8,2,false,"0, 1, 3, 4, 5, 6",1,200,0,0,-1,-1,0,"0, 0, 0, 0",0,"0, 0, 0, 0","0, 0, 0, 0","外:0, 内:0","外:0, 内:0","外:0, 内:0",0,0,0,0,0,0,0,0,"0, 0, 0, 0, 0, 0",18000,4,0,60,30,15,280,10,式4=2,0,0,498,-1,"0, 40, 10, 10, 10, 30, 30",90,"20, 50, 30, 0",false,false,"0, 0, 0, 0, 0, 0, 0, 0, 0, 0, 0, 0",50,-1,,0,0,0,"0, 0, 0, 0",36,0,36,-1,-1,false,-1,-1,-1,0,0,0,"0, 0, 0, 0",0,0,0,0,0,list,"0, 0, 0, 20, 20, 0, 0","0, 0, 0, 20, 20, 0, 0",0,0,list2,"0, 0, 0, 0, 0",loopBonusSkillList,0,"20, 19, 41, 42, 43, 44, 45, 46",此功法发挥$0$成威力时，运用者每拥有3个「刺」式，运用者就使敌人被攻击的部位出现1个破绽,此功法发挥$0$成威力时，运用者的兵器每有2个「刺」式，敌人身上的1个随机破绽就额外提高1级
578,神木辟邪剑,3,神木辟邪剑从容严整，精奇自然，剑力阳和质朴，生气勃勃，歌诀有云：“诸邪辟易欲迎春，神木扫晦正出芽，大鬼也逃，小鬼也逃”。,1,剑法,Invalid,2,12,1,722,true,false,43,属性1=90; 属性4=55; 属性87=250; 属性59=250,480,1206,2,0,3,true,"0, 1, 3, 4, 5, 6",2,250,0,0,-1,-1,0,"0, 0, 0, 0",0,"0, 0, 0, 0","0, 0, 0, 0","外:0, 内:0","外:0, 内:0","外:0, 内:0",0,0,0,0,0,0,0,0,"0, 0, 0, 0, 0, 0",24000,4,0,80,60,15,400,10,式3=1; 式4=2,0,0,489,-1,"20, 60, 1, 20, 20, 0, 0",120,"20, 40, 40, 0",true,false,"0, 0, 0, 0, 0, 0, 0, 0, 0, 0, 0, 0",50,-1,,0,0,0,"0, 0, 0, 0",36,0,36,-1,-1,false,-1,-1,-1,0,0,0,"0, 0, 0, 0",0,0,0,0,0,list,"0, 0, 0, 25, 25, 0, 0","0, 0, 0, 25, 25, 0, 0",0,0,list2,"0, 0, 0, 0, 0",loopBonusSkillList,0,"20, 19, 41, 42, 43, 44, 45, 46",此功法击中敌人，但未发挥$0$成威力时，运用者的2个随机「摧破」功法的部分威力会被累积转移至此功法，持续直到此功法发挥$0$成威力时，被转移的威力就会被恢复，且在恢复时倍增，持续直到战斗结束,此功法发挥$0$成威力时，此功法的部分威力会被累积转移至运用者的2个随机「摧破」功法，持续直到此功法击中敌人，但未发挥$0$成威力时，被转移的威力就会被恢复，且在恢复时倍增，持续直到战斗结束
579,鬼面追魂剑,4,“行剑如鬼魅，如影紧相随，杀人不着面，夺魂不见人”。鬼面追魂剑有如阴魂之索命，行剑必隐于人后，绝不与人照面，无比诡异骇人。,1,剑法,Invalid,2,12,1,723,true,false,44,属性1=100; 属性5=60; 属性87=300; 属性59=300,481,1207,3,8,4,false,"0, 1, 2, 3, 4, 5, 6",2,300,0,0,-1,-1,0,"0, 0, 0, 0",0,"0, 0, 0, 0","0, 0, 0, 0","外:0, 内:0","外:0, 内:0","外:0, 内:0",0,0,0,0,0,0,0,0,"0, 0, 0, 0, 0, 0",21000,4,0,80,0,15,480,15,式4=3,0,0,489,-1,"0, 60, 10, 0, 0, 30, 30",140,"10, 40, 50, 0",false,true,"0, 0, 0, 0, 0, 0, 0, 0, 0, 0, 0, 0",50,-1,,0,0,0,"0, 0, 0, 0",36,0,36,-1,-1,false,-1,-1,-1,0,0,0,"0, 0, 0, 0",0,0,0,0,0,list,"0, 0, 0, 70, 70, 0, 0","0, 0, 0, 0, 0, 0, 0",0,0,list2,"0, 0, 0, 0, 0",loopBonusSkillList,0,"20, 19, 17, 41, 42, 43, 44, 45, 46",施展此功法的过程中，运用者可以不消耗脚力地前进最多4距离，运用者前进的距离越远，此功法的威力就提高越多,施展此功法的过程中，运用者可以不消耗脚力地后退最多4距离，运用者后退的距离越远，此功法的威力就提高越多
580,神尺斩妖剑,5,神尺斩妖剑古怪玄奇，能以运剑之时所发的无形剑气伤敌，剑气之中且生有陆离光彩，幻化而无定，似有斩妖除魔之神力也。,1,剑法,Invalid,2,12,1,724,true,false,45,属性1=110; 属性4=65; 属性87=350; 属性59=350,482,1208,3,1,5,true,"0, 1, 3, 4, 5, 6",2,350,0,0,-1,-1,0,"0, 0, 0, 0",0,"0, 0, 0, 0","0, 0, 0, 0","外:0, 内:0","外:0, 内:0","外:0, 内:0",0,0,0,0,0,0,0,0,"0, 0, 0, 0, 0, 0",24000,4,0,80,70,15,600,15,式3=1; 式4=1; 式5=1,0,0,498,-1,"20, 20, 1, 25, 25, 15, 15",160,"20, 50, 30, 0",false,false,"0, 0, 0, 0, 0, 0, 0, 0, 0, 0, 0, 0",50,-1,,0,0,0,"0, 0, 0, 0",36,0,36,-1,-1,false,-1,-1,-1,0,0,0,"0, 0, 0, 0",0,0,0,0,0,list,"0, 0, 0, 45, 45, 0, 0","0, 0, 0, 45, 45, 0, 0",0,0,list2,"0, 0, 0, 0, 0",loopBonusSkillList,0,"20, 19, 41, 42, 43, 44, 45, 46",此功法发挥$0$成威力时，使敌人的3个「归元」功法、2个「玄阴」功法、1个「紫霞」功法被短时间「封禁」,此功法发挥$0$成威力时，使敌人的3个「归元」功法、2个「玄阴」功法、1个「紫霞」功法的威力降低，持续直到战斗结束
581,青蛛剑法,6,青蛛之为物，轻盈诡变，绝毒超世，乃五仙教之“至圣”。青蛛剑法极尽青蛛之姿态，动则千丝万缕，密如细雨，静则形断意连，伏藏万变。,1,剑法,Invalid,3,12,1,725,true,true,46,属性1=120; 属性5=70; 属性87=400; 属性59=400,483,1209,4,8,6,false,"0, 1, 3, 4, 5, 6",3,400,0,0,-1,-1,0,"0, 0, 0, 0",0,"0, 0, 0, 0","0, 0, 0, 0","外:0, 内:0","外:0, 内:0","外:0, 内:0",0,0,0,0,0,0,0,0,"0, 0, 0, 0, 0, 0",18000,4,0,100,40,15,480,20,式5=4,0,0,480,-1,"0, 0, 1, 60, 60, 0, 0",220,"10, 60, 30, 0",true,false,"0, 0, 0, 0, 0, 0, 0, 0, 0, 0, 0, 0",50,-1,,0,0,0,"0, 0, 0, 0",36,0,36,-1,-1,false,-1,-1,-1,0,0,0,"0, 0, 0, 0",0,0,0,0,0,list,"0, 0, 0, 55, 55, 0, 0","0, 0, 0, 55, 55, 0, 0",0,0,list2,"0, 0, 0, 0, 0",loopBonusSkillList,0,"20, 19, 41, 42, 43, 44, 45, 46",此功法发挥$0$成威力时，将敌人的3个外功比例高于内功比例的「摧破」功法的威力减半，持续直到此功法被敌人施展,此功法发挥$0$成威力时，将敌人的3个内功比例高于外功比例的「摧破」功法的威力减半，持续直到此功法被敌人施展
582,界青快剑,0,界青快剑收发迅疾，灵敏快密，足不停步，即走即刺，能于眨眼之间同时刺击敌人周身一十七处要害，快似凫趋雀跃，星流电击。,1,剑法,Invalid,1,13,2,726,true,false,41,属性1=100; 属性87=100; 属性54=100,559,1285,1,8,0,false,"0, 1, 3, 4, 5, 6",1,100,0,0,-1,-1,0,"0, 0, 0, 0",0,"0, 0, 0, 0","0, 0, 0, 0","外:0, 内:0","外:0, 内:0","外:0, 内:0",0,0,0,0,0,0,0,0,"0, 0, 0, 0, 0, 0",15000,4,0,60,0,20,200,10,式4=2,0,0,462,-1,"20, 20, 1, 30, 30, 10, 10",50,"20, 20, 60, 0",false,true,"0, 0, 0, 0, 0, 0, 0, 0, 0, 0, 0, 0",50,-1,,0,0,0,"0, 0, 0, 0",36,0,36,-1,-1,false,-1,-1,-1,0,0,0,"0, 0, 0, 0",0,0,0,0,0,list,"0, 0, 0, 20, 20, 0, 0","0, 0, 0, 0, 0, 0, 0",0,0,list2,"0, 0, 0, 0, 0",loopBonusSkillList,0,"20, 19, 17, 41, 42, 43, 44, 45, 46",此功法发挥$0$成威力时，使运用者获得1个「杀」式；此功法发挥$1$成威力后，有较高的几率从施展进度50%开始立即无消耗施展此功法攻击敌人，如果运用者蓄式的最前列为「杀」式，此几率大幅增加,此功法发挥$0$成威力时，使敌人获得1个「杀」式；此功法发挥$1$成威力后，有较高的几率从施展进度50%开始立即无消耗施展此功法攻击敌人，如果敌人蓄式的最前列为「杀」式，此几率大幅增加
583,绝义剑,1,界青门人擅使绝义剑，此剑法虽然招式平平无奇，但出则共伤，发则同戮，施展开来，尽是同生共死的搏命招术，尤为江湖人士所畏惧。,1,剑法,Invalid,1,13,2,727,true,false,42,属性1=65; 属性5=50; 属性87=150; 属性54=150,560,1286,1,8,1,false,"0, 1, 3, 4, 5, 6",1,150,0,0,-1,-1,0,"0, 0, 0, 0",0,"0, 0, 0, 0","0, 0, 0, 0","外:0, 内:0","外:0, 内:0","外:0, 内:0",0,0,0,0,0,0,0,0,"0, 0, 0, 0, 0, 0",21000,4,0,60,30,20,320,10,式4=2,0,0,462,-1,"40, 80, 1, 0, 0, 0, 0",70,"30, 10, 60, 0",false,false,"0, 0, 0, 0, 0, 0, 0, 0, 0, 0, 0, 0",50,-1,,0,0,0,"0, 0, 0, 0",36,0,36,-1,-1,false,-1,-1,-1,0,0,0,"0, 0, 0, 0",0,0,0,0,0,list,"0, 0, 0, 30, 30, 0, 0","0, 0, 0, 0, 0, 0, 0",0,0,list2,"0, 0, 0, 0, 0",loopBonusSkillList,0,"20, 19, 17, 41, 42, 43, 44, 45, 46",以此功法攻击敌人时：运用者与敌人的好感越高，此功法对敌人造成的直接伤害就提高越多，当运用者与敌人的好感不低于喜爱时，运用者获得9个「杀」式，且此功法施展结束后，敌人对运用者的好感会大幅减少，且会与运用者结下仇怨,以此功法攻击敌人时：运用者与敌人的好感越高，此功法对敌人造成的直接伤害就提高越多，当运用者与敌人的好感不低于喜爱时，敌人获得9个「杀」式，且此功法施展结束后，敌人对运用者的好感会大幅减少，且会与运用者结下仇怨
584,咸池剑气,2,“天潢南三星曰咸池，鱼囿也，动则道不通，天下败乱”。咸池剑气乃灾厄之气，尤其凶煞险恶，中者内气闭塞，真气逆乱，精神破败而死。,1,剑法,Invalid,1,13,2,728,true,true,43,属性4=75; 属性5=55; 属性87=200; 属性54=200,561,1287,2,0,2,true,"0, 1, 3, 4, 5, 6",1,200,0,0,-1,-1,0,"0, 0, 0, 0",0,"0, 0, 0, 0","0, 0, 0, 0","外:0, 内:0","外:0, 内:0","外:0, 内:0",0,0,0,0,0,0,0,0,"0, 0, 0, 0, 0, 0",18000,4,0,60,100,20,400,20,式4=1; 式5=1,0,0,435,-1,"0, 0, 10, 0, 0, 0, 0",60,"20, 50, 30, 0",false,false,"0, 0, 600, 1, 0, 0, 0, 0, 0, 0, 0, 0",50,-1,,0,0,0,"0, 0, 0, 0",36,0,36,-1,-1,false,-1,-1,-1,0,0,0,"0, 0, 0, 0",0,0,0,0,0,list,"0, 0, 0, 0, 0, 0, 0","0, 0, 0, 40, 40, 0, 0",0,0,list2,"0, 0, 0, 0, 0",loopBonusSkillList,0,"20, 19, 16, 41, 43, 44, 45, 46",此功法对敌人头颈造成的直接伤势标记将变化为更难恢复的旧时伤势,此功法对敌人头颈造成的直接伤害提高30%；此功法发挥$0$成威力时，减少敌人1个随机「护体」功法的威力，持续直到战斗结束
585,界青暗手快剑,3,界青暗手快剑招式隐秘，讲究：“发不见刃，收不见血”，出剑无影无踪，快如疾风之超尘，电火之行空，能断人颈项而首级绝不跌落。,1,剑法,Invalid,2,13,2,729,true,true,44,属性1=145; 属性87=250; 属性54=250,562,1288,2,8,3,true,"0, 1, 3, 4, 5, 6",2,250,0,0,-1,-1,0,"0, 0, 0, 0",0,"0, 0, 0, 0","0, 0, 0, 0","外:0, 内:0","外:0, 内:0","外:0, 内:0",0,0,0,0,0,0,0,0,"0, 0, 0, 0, 0, 0",15000,4,0,80,40,20,320,10,式4=3,0,0,462,-1,"0, 50, 1, 20, 20, 15, 15",100,"10, 30, 60, 0",false,true,"0, 0, 0, 0, 0, 0, 0, 0, 0, 0, 0, 0",50,-1,,0,0,0,"0, 0, 0, 0",36,0,36,-1,-1,false,-1,-1,-1,0,0,0,"0, 0, 0, 0",0,0,0,0,0,list,"0, 0, 0, 50, 50, 0, 0","0, 0, 0, 0, 0, 0, 0",0,0,list2,"0, 0, 0, 0, 0",loopBonusSkillList,0,"20, 19, 17, 41, 42, 43, 44, 45, 46",运用者在未施展过任何「摧破」功法前，此功法能够无消耗施展，且施展结束后，运用者会获得4个「杀」式；此功法发挥$0$成威力时，运用者能够从施展进度50%开始立即无消耗施展九阶的「剑法」攻击敌人，运用者每拥有2个「杀」式，可施展的「剑法」品阶也会提升，最高施展七阶的「剑法」,运用者在未施展过任何「摧破」功法前，此功法能够无消耗施展，且施展结束后，敌人会获得4个「杀」式；此功法发挥$0$成威力时，运用者能够从施展进度50%开始立即无消耗施展九阶的「剑法」攻击敌人，敌人每多拥有2个「杀」式，可施展的「剑法」品阶也会提升，最高施展七阶的「剑法」
586,杀剑,4,杀剑凌厉狠恶，只攻不守，乃是有进无退，有死无生之绝命剑法。杀剑一起，运剑者必置生死于度外，敌死方收，至死方休。,1,剑法,Invalid,2,13,2,730,true,true,45,属性1=160; 属性87=300; 属性54=300,563,1289,3,8,4,false,"0, 1, 3, 4, 5, 6",2,300,0,0,-1,-1,0,"0, 0, 0, 0",0,"0, 0, 0, 0","0, 0, 0, 0","外:0, 内:0","外:0, 内:0","外:0, 内:0",0,0,0,0,0,0,0,0,"0, 0, 0, 0, 0, 0",21000,4,0,80,30,20,640,10,式4=3,0,0,462,-1,"80, 40, 10, 0, 0, 0, 0",90,"20, 10, 70, 0",false,true,"0, 0, 0, 0, 0, 0, 0, 0, 0, 0, 0, 0",50,-1,,0,0,0,"0, 0, 0, 0",36,0,36,-1,-1,false,-1,-1,-1,0,0,0,"0, 0, 0, 0",0,0,0,0,0,list,"0, 0, 0, 70, 70, 0, 0","0, 0, 0, 0, 0, 0, 0",0,0,list2,"0, 0, 0, 0, 0",loopBonusSkillList,0,"20, 19, 17, 41, 42, 43, 44, 45, 46",以此功法攻击敌人时，运用者拥有的所有「杀」式均被视为敌人被攻击部位的额外破绽；如果运用者蓄式的最前列为「杀」式，消耗运用者蓄式最前列所有连续的「杀」式，造成额外的重创伤害,以此功法攻击敌人时，敌人拥有的所有「杀」式均被视为敌人被攻击部位的额外破绽；如果敌人蓄式的最前列为「杀」式，消耗敌人蓄式最前列所有的连续的「杀」式，造成额外的重创伤害
587,幽冥剑法,5,幽冥剑法阴柔害物，幽藏晦暗，似出未出，未出已至，无可察觉，不可名状，有道是：“视之无形，听之无声，幽冥者，所以喻道而非道也”。,1,剑法,Invalid,2,13,2,731,true,true,46,属性1=90; 属性5=85; 属性87=350; 属性54=350,564,1290,3,1,5,true,"0, 1, 3, 4, 5, 6",2,350,0,0,-1,-1,0,"0, 0, 0, 0",0,"0, 0, 0, 0","0, 0, 0, 0","外:0, 内:0","外:0, 内:0","外:0, 内:0",0,0,0,0,0,0,0,0,"0, 0, 0, 0, 0, 0",21000,4,0,80,70,20,600,15,式4=1; 式5=2,0,0,435,-1,"0, 60, 1, 15, 15, 15, 15",140,"20, 50, 30, 0",true,false,"0, 0, 800, 2, 0, 0, 0, 0, 0, 0, 0, 0",50,-1,,0,0,0,"0, 0, 0, 0",36,0,36,-1,-1,false,-1,-1,-1,0,0,0,"0, 0, 0, 0",0,0,0,0,0,list,"0, 0, 0, 90, 90, 0, 0","0, 0, 0, 0, 0, 0, 0",0,0,list2,"0, 0, 0, 0, 0",loopBonusSkillList,0,"20, 19, 17, 41, 43, 44, 45, 46",此功法发挥$0$成威力时，使敌人的3个「纯阳」功法、2个「金刚」功法、1个「玄阴」功法被短时间「封禁」,此功法发挥$0$成威力时，使敌人的3个「纯阳」功法、2个「金刚」功法、1个「玄阴」功法的威力减少，持续直到战斗结束
588,无瑕七绝剑,6,所谓“无瑕七绝剑”，乃是一门断绝“喜、怒、忧、思、悲、恐、惊”以至行如傀偶，无思无想，从而臻至行剑无碍，剑力无瑕之用剑化境的秘传剑法。,1,剑法,Invalid,3,13,2,732,true,true,47,属性1=100; 属性5=90; 属性87=400; 属性54=400,565,1291,4,3,6,true,2,3,400,0,0,-1,-1,0,"0, 0, 0, 0",0,"0, 0, 0, 0","0, 0, 0, 0","外:0, 内:0","外:0, 内:0","外:0, 内:0",0,0,0,0,0,0,0,0,"0, 0, 0, 0, 0, 0",15000,0,0,100,30,20,560,20,式4=4,0,0,462,-1,"0, 0, 10, 40, 40, 20, 20",190,"10, 10, 80, 0",false,false,"0, 0, 0, 0, 0, 0, 0, 0, 0, 0, 0, 0",50,-1,,0,0,0,"0, 0, 0, 0",36,0,36,-1,-1,false,-1,-1,-1,0,0,0,"0, 0, 0, 0",0,0,0,0,0,list,"0, 0, 0, 55, 55, 0, 0","0, 0, 0, 55, 55, 0, 0",0,0,list2,"0, 0, 0, 0, 0",loopBonusSkillList,0,"20, 19, 41, 42, 43, 44, 45, 46",如果运用者拥有至少7个「杀」式，施展此功法不需要消耗蓄式；此功法发挥$0$成威力后，运用者获得7层此效果：每当运用者获得或失去「杀」式，如果此功法未被封禁，运用者从施展进度100%开始立即无消耗施展六阶「剑法」攻击敌人，运用者前列每多1个连续的「杀」式，运用者可施展的「剑法」品阶也会提升，最高施展四阶的「剑法」；此效果生效时，将极短时间不可避免地封禁此功法,如果敌人拥有至少7个「杀」式，施展此功法不需要消耗蓄式；此功法发挥$0$成威力后，运用者获得7层此效果：每当敌人获得或失去「杀」式，如果此功法未被封禁，运用者从施展进度100%开始立即无消耗施展六阶「剑法」攻击敌人，敌人前列每多1个连续的「杀」式，运用者可施展的「剑法」品阶也会提升，最高施展四阶的「剑法」；此效果生效时，将极短时间不可避免地封禁此功法
589,玄冥剑气,7,玄冥剑气至阴至寒，凛冽惨切，剑气笼罩之处，呵气成霜，滴水成冰，似冰锥之刮骨，如厉风之穿心，当者立刻化为片片碎冰。,1,剑法,Invalid,3,13,2,733,true,true,48,属性4=95; 属性5=110; 属性87=450; 属性54=450,566,1292,4,1,7,true,"0, 1, 3, 4, 5, 6",3,450,0,0,-1,-1,0,"0, 0, 0, 0",0,"0, 0, 0, 0","0, 0, 0, 0","外:0, 内:0","外:0, 内:0","外:0, 内:0",0,0,0,0,0,0,0,0,"0, 0, 0, 0, 0, 0",18000,4,0,100,100,20,800,20,式4=2; 式5=2,0,0,435,-1,"0, 60, 1, 20, 20, 10, 10",220,"20, 50, 30, 0",true,false,"0, 0, 0, 0, 800, 3, 0, 0, 0, 0, 0, 0",50,-1,,0,0,0,"0, 0, 0, 0",36,0,36,-1,-1,false,-1,-1,-1,0,0,0,"0, 0, 0, 0",0,0,0,0,0,list,"0, 0, 0, 0, 0, 0, 0","0, 0, 0, 110, 110, 0, 0",80,0,list2,"0, 0, 0, 0, 0",loopBonusSkillList,0,"19, 16, 41, 42, 43, 45, 46",以此功法攻击敌人时，敌人所中寒毒越深，此功法对敌人造成的直接伤害就提高越多；此功法发挥$0$成威力时，运用者获得7层此效果：敌人所中寒毒越深，敌人进行兵器攻击需要的准备时间就越久,以此功法攻击敌人时，运用者所中寒毒越深，此功法对敌人造成的直接伤害就提高越多；此功法发挥$0$成威力时，运用者获得7层此效果：运用者所中寒毒越深，敌人进行兵器攻击需要的准备时间就越久
590,八卦五行刀,0,八卦五行刀共有六十四式，行刀之际，脚踩八卦宫阵，刀藏五行变化，步随刀转，刀随步变，连绵不断，滔滔不竭。,1,刀法,Invalid,1,5,4,734,true,false,33,属性0=30; 属性1=40; 属性2=30; 属性88=100; 属性62=100,718,1444,1,7,0,false,"0, 1, 3, 4, 5, 6",1,100,0,0,-1,-1,0,"0, 0, 0, 0",0,"0, 0, 0, 0","0, 0, 0, 0","外:0, 内:0","外:0, 内:0","外:0, 内:0",0,0,0,0,0,0,0,0,"0, 0, 0, 0, 0, 0",24000,4,0,60,0,15,200,10,式5=2,0,0,570,-1,"30, 30, 1, 0, 0, 30, 30",90,"50, 30, 20, 0",false,true,"0, 0, 0, 0, 0, 0, 0, 0, 0, 0, 0, 0",50,-1,,0,0,0,"0, 0, 0, 0",36,0,36,-1,-1,false,-1,-1,-1,0,0,0,"0, 0, 0, 0",0,0,0,0,0,list,"0, 0, 0, 0, 0, 20, 20","0, 0, 0, 0, 0, 0, 0",0,0,list2,"0, 0, 0, 0, 0",loopBonusSkillList,0,"20, 19, 17, 41, 42, 43, 44, 45, 46",此功法发挥$0$成威力后，消除运用者的2件未使用的兵器的50%的切换间隔时间，如果运用者使用的兵器为「刀」，且可切换为「剑」，运用者立即切换使用「剑」,此功法发挥$0$成威力后，提高敌人的2件未使用的兵器的50%的切换间隔时间，如果运用者使用的兵器为「剑」，且敌人在运用者的攻击范围内，运用者立即对敌人进行1次无需准备的兵器攻击
591,六合刀法,1,六合刀法乃是应地支六合之变化而创，守也坚固，攻也刚强，有如诀曰：“守似午未合化土，柔里带刚强且韧；攻如辰酉合化金，风雷骤起祸横生”。,1,刀法,Invalid,1,5,5,735,true,false,34,属性0=35; 属性2=35; 属性4=45; 属性88=150; 属性62=150,719,1445,1,7,1,false,"0, 1, 3, 4, 5, 6",1,150,0,0,-1,-1,0,"0, 0, 0, 0",0,"0, 0, 0, 0","0, 0, 0, 0","外:0, 内:0","外:0, 内:0","外:0, 内:0",0,0,0,0,0,0,0,0,"0, 0, 0, 0, 0, 0",27000,4,0,60,0,15,280,10,式3=1; 式5=1,0,0,588,-1,"30, 30, 1, 10, 10, 20, 20",100,"30, 50, 20, 0",true,false,"0, 0, 0, 0, 0, 0, 0, 0, 0, 0, 0, 0",50,-1,,0,0,0,"0, 0, 0, 0",36,0,36,-1,-1,false,-1,-1,-1,0,0,0,"0, 0, 0, 0",0,0,0,0,0,list,"0, 0, 0, 0, 0, 15, 15","0, 0, 0, 0, 0, 15, 15",0,0,list2,"0, 0, 0, 0, 0",loopBonusSkillList,0,"20, 19, 41, 42, 43, 44, 45, 46",根据此功法发挥的威力成数，向运用者施加一个增加最大攻击距离的增益状态,根据此功法发挥的威力成数，向运用者施加一个减少最小攻击距离的增益状态
592,虎步八极刀,2,正所谓：“九州之外有八寅，八寅之外有八纮，八纮之外有八极”。虎步八极刀大开大阖，劲走十字，沉堕刚猛，刀势可达四面八极。,1,刀法,Invalid,1,5,4,736,true,false,35,属性0=40; 属性2=40; 属性3=50; 属性88=200; 属性62=200,720,1446,2,8,2,false,"0, 1, 3, 4, 5, 6",1,200,0,0,-1,-1,0,"0, 0, 0, 0",0,"0, 0, 0, 0","0, 0, 0, 0","外:0, 内:0","外:0, 内:0","外:0, 内:0",0,0,0,0,0,0,0,0,"0, 0, 0, 0, 0, 0",24000,4,0,60,0,15,520,15,式3=2,0,0,525,-1,"60, 0, 1, 0, 0, 30, 30",50,"50, 20, 30, 0",false,false,"0, 0, 0, 0, 0, 0, 0, 0, 0, 0, 0, 0",50,-1,,0,0,0,"0, 0, 0, 0",36,0,36,-1,-1,false,-1,-1,-1,0,0,0,"0, 0, 0, 0",0,0,0,0,0,list,"0, 0, 0, 0, 0, 40, 40","0, 0, 0, 0, 0, 0, 0",0,0,list2,"0, 0, 0, 0, 0",loopBonusSkillList,0,"20, 19, 17, 41, 42, 43, 44, 45, 46",每当运用者使用的兵器由非「刀」切换为「刀」时，如果敌人在此功法的攻击范围内，运用者从施展进度50%开始立即无消耗施展此功法攻击敌人,每当运用者使用的兵器由非「刀」切换为「刀」时，此功法的威力提高，持续直到运用者施展此功法
593,太乙金刀,3,太乙金刀混沉自然，一气呵成，意合阴阳五行，身走奇门遁甲，刀力既强，变化亦精，人谓之道门刀法之“金华”也。,1,刀法,Invalid,2,5,4,737,true,false,36,属性0=45; 属性2=45; 属性4=55; 属性88=250; 属性62=250,721,1447,2,7,3,false,"0, 1, 3, 4, 5, 6",2,250,0,0,-1,-1,0,"0, 0, 0, 0",0,"0, 0, 0, 0","0, 0, 0, 0","外:0, 内:0","外:0, 内:0","外:0, 内:0",0,0,0,0,0,0,0,0,"0, 0, 0, 0, 0, 0",30000,4,0,80,40,15,480,10,式3=1; 式4=2,0,0,588,-1,"0, 0, 0, 0, 0, 60, 60",120,"30, 40, 30, 0",true,false,"0, 0, 0, 0, 0, 0, 0, 0, 0, 0, 0, 0",50,-1,,0,0,0,"0, 0, 0, 0",36,0,36,-1,-1,false,-1,-1,-1,0,0,0,"0, 0, 0, 0",0,0,0,0,0,list,"0, 0, 0, 0, 0, 0, 0","0, 0, 0, 0, 0, 50, 50",0,0,list2,"0, 0, 0, 0, 0",loopBonusSkillList,0,"20, 19, 16, 41, 42, 43, 44, 45, 46",此功法对敌人腿脚造成的直接伤势标记将变化为更难恢复的旧时伤势,此功法对敌人腿脚造成的直接伤害提高45%；此功法发挥$0$成威力时，将敌人所有封穴的持续时间变化为最大
594,七星刀法,4,七星刀法共有一百九十六式，与北斗七星在四时当中的诸般变化一一对应，此刀法深沉刚勇，法度严谨，行刀迅若流星，应变奇速。,1,刀法,Invalid,2,5,4,738,true,false,37,属性0=50; 属性1=60; 属性2=50; 属性88=300; 属性62=300,722,1448,3,7,4,false,"0, 1, 3, 4, 5, 6",2,300,0,0,-1,-1,0,"0, 0, 0, 0",0,"0, 0, 0, 0","0, 0, 0, 0","外:0, 内:0","外:0, 内:0","外:0, 内:0",0,0,0,0,0,0,0,0,"0, 0, 0, 0, 0, 0",24000,4,0,80,0,15,560,10,式3=2; 式4=1,0,0,579,-1,"0, 50, 1, 10, 10, 25, 25",130,"30, 30, 40, 0",false,true,"0, 0, 0, 0, 0, 0, 0, 0, 0, 0, 0, 0",50,-1,,0,0,0,"0, 0, 0, 0",36,0,36,-1,-1,false,-1,-1,-1,0,0,0,"0, 0, 0, 0",0,0,0,0,0,list,"0, 0, 0, 0, 0, 70, 70","0, 0, 0, 0, 0, 0, 0",0,0,list2,"0, 0, 0, 0, 0",loopBonusSkillList,0,"20, 19, 17, 41, 42, 43, 44, 45, 46",开始施展此功法时，运用者装备有越多非「刀」但能够施展此功法的兵器，此功法的威力与攻击范围就提高越多,以此功法攻击敌人时，如果运用者使用非「刀」的兵器，敌人的「护体」、「轻灵」功法的特殊效果无法生效
595,无极刀法,5,无极刀法式无常势，刀无常形，心无常念，神无常主，精微玄奥，慧勇无边，有道是：“法无尽，用无穷，无限，无终，以为无极”。,1,刀法,Invalid,2,5,5,739,true,false,38,属性0=55; 属性2=55; 属性5=65; 属性88=350; 属性62=350,723,1449,3,8,5,true,"0, 1, 3, 4, 5, 6",2,350,0,0,-1,-1,0,"0, 0, 0, 0",0,"0, 0, 0, 0","0, 0, 0, 0","外:0, 内:0","外:0, 内:0","外:0, 内:0",0,0,0,0,0,0,0,0,"0, 0, 0, 0, 0, 0",27000,4,0,80,70,15,520,20,式5=3,0,0,570,-1,"0, 40, 1, 15, 15, 25, 25",190,"40, 40, 20, 0",true,false,"0, 0, 0, 0, 0, 0, 0, 0, 0, 0, 0, 0",50,-1,,0,0,0,"0, 0, 0, 0",36,0,36,-1,-1,false,-1,-1,-1,0,0,0,"0, 0, 0, 0",0,0,0,0,0,list,"0, 0, 0, 0, 0, 0, 0","0, 0, 0, 0, 0, 90, 90",0,0,list2,"0, 0, 0, 0, 0",loopBonusSkillList,0,"20, 19, 16, 41, 42, 43, 44, 45, 46",此功法未发挥$0$成威力时，运用者后退2距离，如果敌人仍在运用者的攻击范围内，运用者从施展进度50%开始立即无消耗施展另一个品阶不超过此功法的「剑法」攻击敌人,战斗开始时，运用者获得4层此效果：每当运用者施展另一个品阶低于此功法的「剑法」并发挥$0$成威力后，运用者前进2距离，如果敌人仍在运用者的攻击范围内，运用者从施展进度50%开始立即无消耗施展此功法攻击敌人；每当运用者使用的兵器由非「刀」切换为「刀」时，此效果提高1层
596,天罡刀法,6,“罡者四正为罡，取四方之正中，居於天中之天，乃阳精真土也”。天罡刀法赫赫有威，神通广大，乃道门法刀之绝诣，玄门大道之不二正法也。,1,刀法,Invalid,3,5,4,740,true,false,39,属性0=60; 属性2=60; 属性3=70; 属性88=400; 属性62=400,724,1450,4,7,6,false,"0, 1, 3, 4, 5, 6",3,400,0,0,-1,-1,0,"0, 0, 0, 0",0,"0, 0, 0, 0","0, 0, 0, 0","外:0, 内:0","外:0, 内:0","外:0, 内:0",0,0,0,0,0,0,0,0,"0, 0, 0, 0, 0, 0",27000,4,0,100,60,15,920,10,式3=3; 式4=1,0,0,525,-1,"60, 20, 1, 0, 0, 20, 20",140,"50, 20, 30, 0",false,false,"0, 0, 0, 0, 0, 0, 0, 0, 0, 0, 0, 0",50,-1,,0,0,0,"0, 0, 0, 0",36,0,36,-1,-1,false,-1,-1,-1,0,0,0,"0, 0, 0, 0",0,0,0,0,0,list,"0, 0, 0, 0, 0, 110, 110","0, 0, 0, 0, 0, 0, 0",0,0,list2,"0, 0, 0, 0, 0",loopBonusSkillList,0,"20, 19, 17, 41, 42, 43, 44, 45, 46",以此功法开始攻击敌人时，如果敌人的内力属性为「玄阴」、「纯阳」，消除敌人运起的「护体」、「轻灵」功法，并将敌人3个「摧破」功法的持续效果消减为0层,此功法发挥$0$成威力时，如果敌人的内力属性为「玄阴」、「纯阳」，运用者对敌人造成的直接伤害提高90%
597,太玄神刀,7,太玄神刀于外阴阳同陈，善恶并见，于内信接神明，化而入玄，正是：“神战于玄天人共济，冥交有孚入化出神”，其法玄之又玄，妙不可言。,1,刀法,Invalid,3,5,4,741,true,false,40,属性0=65; 属性2=65; 属性5=75; 属性88=450; 属性62=450,725,1451,4,7,7,true,"0, 1, 3, 4, 5, 6",3,450,0,0,-1,-1,0,"0, 0, 0, 0",0,"0, 0, 0, 0","0, 0, 0, 0","外:0, 内:0","外:0, 内:0","外:0, 内:0",0,0,0,0,0,0,0,0,"0, 0, 0, 0, 0, 0",33000,0,0,100,70,15,880,15,式3=1; 式5=3,0,0,570,-1,"0, 40, 1, 15, 15, 25, 25",250,"40, 50, 10, 0",true,false,"0, 0, 0, 0, 0, 0, 0, 0, 0, 0, 0, 0",50,-1,,0,0,0,"0, 0, 0, 0",36,0,36,-1,-1,false,-1,-1,-1,0,0,0,"0, 0, 0, 0",0,0,0,0,0,list,"0, 0, 0, 0, 0, 0, 0","0, 0, 0, 0, 0, 140, 140",0,0,list2,"0, 0, 0, 0, 0",loopBonusSkillList,0,"20, 19, 16, 41, 42, 43, 44, 45, 46",根据此功法发挥的威力成数与运用者施展此功法消耗的非摧破效果提供的提气值，运用者获得最多200层此效果：运用者施展「摧破」功法时，会先以此效果层数替代架势消耗，消耗的越多，运用者的破体、破气就提高越多,根据此功法发挥的威力成数与运用者施展此功法消耗的非摧破效果提供的提气值，运用者获得最多200层此效果：运用者施展「摧破」功法时，会先以此效果层数替代架势消耗，消耗的越多，敌人的御体、御气就降低越多
598,狮相地趟刀,0,狮相地趟刀乃是狮相门之独门刀法，讲究：“行必翻滚，走必扑跌，缠裹圈抹，刀身相连”，尽是劈扎敌人下盘双腿之招式。,1,刀法,Invalid,1,6,0,742,true,false,24,属性0=90; 属性3=40; 属性88=100,332,1058,1,7,0,false,"0, 1, 3, 4, 5, 6",1,100,0,0,-1,-1,0,"0, 0, 0, 0",0,"0, 0, 0, 0","0, 0, 0, 0","外:0, 内:0","外:0, 内:0","外:0, 内:0",0,0,0,0,0,0,0,0,"0, 0, 0, 0, 0, 0",24000,4,0,60,0,15,400,10,式3=2,0,0,525,-1,"0, 20, 0, 0, 0, 50, 50",40,"40, 30, 30, 0",false,true,"0, 0, 0, 0, 0, 0, 0, 0, 0, 0, 0, 0",50,-1,,0,0,0,"0, 0, 0, 0",36,0,36,-1,-1,false,-1,-1,-1,0,0,0,"0, 0, 0, 0",0,0,0,0,0,list,"0, 0, 0, 0, 0, 10, 10","0, 0, 0, 0, 0, 0, 0",30,0,list2,"0, 0, 0, 0, 0",loopBonusSkillList,0,"0, 1, 2, 3, 19, 17, 41, 42, 43, 44, 45, 46",开始施展此功法时，恢复运用者的脚力；施展此功法的过程中，运用者可以前进最多2距离,开始施展此功法时，恢复运用者的脚力；施展此功法的过程中，运用者可以后退最多2距离
599,开山快刀,1,开山快刀自古即为莲花山山民代代相传，虽然招式简易粗陋，然而行刀精练质朴，毫无多余架势，施展起来却也举步生风，勇武不凡。,1,刀法,Invalid,1,6,0,743,true,false,25,属性0=100; 属性1=45; 属性88=150,333,1059,1,7,1,false,"0, 1, 3, 4, 5, 6",1,150,0,0,-1,-1,0,"0, 0, 0, 0",0,"0, 0, 0, 0","0, 0, 0, 0","外:0, 内:0","外:0, 内:0","外:0, 内:0",0,0,0,0,0,0,0,0,"0, 0, 0, 0, 0, 0",21000,4,0,60,0,15,440,10,式3=2,0,0,525,-1,"60, 0, 1, 15, 15, 15, 15",40,"50, 10, 40, 0",false,false,"0, 0, 0, 0, 0, 0, 0, 0, 0, 0, 0, 0",50,-1,,0,0,0,"0, 0, 0, 0",36,0,36,-1,-1,false,-1,-1,-1,0,0,0,"0, 0, 0, 0",0,0,0,0,0,list,"0, 0, 0, 0, 0, 20, 20","0, 0, 0, 0, 0, 0, 0",40,0,list2,"0, 0, 0, 0, 0",loopBonusSkillList,0,"0, 1, 2, 3, 19, 17, 41, 42, 43, 44, 45, 46",此功法发挥$0$成威力后，运用者获得4层此效果：运用者获得的所有「刺」式、「撩」式，变化为「劈」式,此功法发挥$0$成威力时，运用者获得2个「劈」式
600,狮相劈挂刀,2,“高来则挂，低来则劈”，谓之“劈挂”也。狮相劈挂刀大开大合，大劈大砍，长短并用，放长击远，凶猛无比，剽悍无前。,1,刀法,Invalid,1,6,0,744,true,false,26,属性0=110; 属性3=50; 属性88=200,334,1060,2,8,2,false,"0, 1, 3, 4, 5, 6",1,200,0,0,-1,-1,0,"0, 0, 0, 0",0,"0, 0, 0, 0","0, 0, 0, 0","外:0, 内:0","外:0, 内:0","外:0, 内:0",0,0,0,0,0,0,0,0,"0, 0, 0, 0, 0, 0",24000,4,0,60,0,15,360,15,式3=1; 式5=1,0,0,543,-1,"40, 20, 1, 10, 10, 20, 20",90,"40, 20, 40, 0",false,false,"0, 0, 0, 0, 0, 0, 0, 0, 0, 0, 0, 0",50,-1,,0,0,0,"0, 0, 0, 0",36,0,36,-1,-1,false,-1,-1,-1,0,0,0,"0, 0, 0, 0",0,0,0,0,0,,"0, 0, 0, 0, 0, 30, 30","0, 0, 0, 0, 0, 0, 0",50,0,,"0, 0, 0, 0, 0",,0,"0, 1, 2, 3, 19, 17, 41, 42, 43, 44, 45, 46",此功法发挥$0$成威力时，运用者每拥有3个「劈」式，运用者就使敌人被攻击的部位出现1个破绽,此功法发挥$0$成威力时，运用者的兵器每有1个「劈」式，运用者就对敌人被攻击的部位额外造成相当于此功法所造成的直接伤害的10%的重创伤害
601,九牛二虎刀,3,九牛二虎刀刚强鲁勇，力大无穷，每一刀斩出皆有九牛二虎之巨力，即便只受到刀力的些许震荡，亦难免皮开肉绽，筋断骨折。,1,刀法,Invalid,2,6,0,745,true,false,27,属性0=115; 属性3=60; 属性88=250,335,1061,2,2,3,false,"0, 1, 3, 4, 5, 6",2,250,0,0,-1,-1,0,"0, 0, 0, 0",0,"0, 0, 0, 0","0, 0, 0, 0","外:0, 内:0","外:0, 内:0","外:0, 内:0",0,0,0,0,0,0,0,0,"0, 0, 0, 0, 0, 0",27000,4,0,80,0,15,640,10,式3=3,0,0,552,-1,"100, 20, 1, 0, 0, 0, 0",80,"70, 10, 20, 0",false,false,"0, 0, 0, 0, 0, 0, 0, 0, 0, 0, 0, 0",50,-1,,0,0,0,"0, 0, 0, 0",36,0,36,-1,-1,false,-1,-1,-1,0,0,0,"0, 0, 0, 0",0,0,0,0,0,,"0, 0, 0, 0, 0, 40, 40","0, 0, 0, 0, 0, 0, 0",70,0,,"0, 0, 0, 0, 0",,0,"0, 1, 2, 3, 19, 17, 41, 42, 43, 44, 45, 46",开始施展此功法时，运用者未消耗的膂力越多，此功法的威力就提高越多,开始施展此功法时，运用者已消耗的膂力越多，此功法的威力就提高越多
602,斩鳌刀法,4,斩鳌刀法姿态低伏，专斩腿脚。传说“女娲断鳌足以立四极”，此刀法名曰“斩鳌”，意为一刀便可将擎持玄黄四极之支柱斩断，力量之大，非比寻常。,1,刀法,Invalid,2,6,0,746,true,false,28,属性0=120; 属性3=70; 属性88=300,336,1062,3,2,4,false,"0, 1, 3, 4, 5, 6",2,300,0,0,-1,-1,0,"0, 0, 0, 0",0,"0, 0, 0, 0","0, 0, 0, 0","外:0, 内:0","外:0, 内:0","外:0, 内:0",0,0,0,0,0,0,0,0,"0, 0, 0, 0, 0, 0",30000,4,0,80,0,15,880,15,式3=3,0,0,552,-1,"0, 0, 0, 0, 0, 60, 60",70,"60, 20, 20, 0",false,false,"0, 0, 0, 0, 0, 0, 0, 0, 0, 0, 0, 0",50,-1,,0,0,0,"0, 0, 0, 0",36,0,36,-1,-1,false,-1,-1,-1,0,0,0,"0, 0, 0, 0",0,0,0,0,0,list,"0, 0, 0, 0, 0, 50, 50","0, 0, 0, 0, 0, 0, 0",90,0,list2,"0, 0, 0, 0, 0",loopBonusSkillList,0,"0, 1, 2, 3, 19, 17, 41, 42, 43, 44, 45, 46",此功法对敌人腿脚造成的直接伤势标记将变化为更难恢复的旧时伤势,此功法对敌人腿脚造成的直接伤害提高45%；此功法发挥$0$成威力时，损耗敌人所有的脚力
603,霸王刀,5,霸王刀雄强霸道，神勇无二，共有一刀两式与十种用劲法诀，此刀一出，势如破釜沉舟，绝无退缩，好似倚天拔地，有万夫不当之威。,1,刀法,Invalid,2,6,0,747,true,false,29,属性0=140; 属性3=65; 属性88=350,337,1063,3,2,5,false,"0, 1, 3, 4, 5, 6",2,350,0,0,-1,-1,0,"0, 0, 0, 0",0,"0, 0, 0, 0","0, 0, 0, 0","外:0, 内:0","外:0, 内:0","外:0, 内:0",0,0,0,0,0,0,0,0,"0, 0, 0, 0, 0, 0",27000,4,0,80,0,15,760,10,式3=3,0,0,552,-1,"80, 40, 1, 0, 0, 0, 0",120,"60, 10, 30, 0",false,true,"0, 0, 0, 0, 0, 0, 0, 0, 0, 0, 0, 0",50,-1,,0,0,0,"0, 0, 0, 0",36,0,36,-1,-1,false,-1,-1,-1,0,0,0,"0, 0, 0, 0",0,0,0,0,0,list,"0, 0, 0, 0, 0, 70, 70","0, 0, 0, 0, 0, 0, 0",110,0,list2,"0, 0, 0, 0, 0",loopBonusSkillList,0,"0, 1, 2, 3, 19, 17, 41, 42, 43, 44, 45, 46",此功法发挥$0$成威力后，运用者获得8层此效果：每当敌我双方有人受到1个伤势标记时，此效果降低1层，此效果消失之前，只要运用者在敌人的攻击范围内，敌人无法后退,此功法发挥$0$成威力后，运用者获得8层此效果：每当敌我双方有人受到1个伤势标记时，此效果降低1层，此效果消失之前，只要运用者在敌人的攻击范围内，敌人无法前进
604,金猊镇魔刀,6,“金猊者，乃镇魔辟邪之神兽金狮子也”。金猊镇魔刀刚强无比，威力无穷，出刀且作狮子吼，百兽无不惊怖，群雄无不慑服。,1,刀法,Invalid,3,6,0,748,true,true,30,属性0=150; 属性3=70; 属性88=400,338,1064,4,2,6,false,"0, 1, 3, 4, 5, 6",3,400,0,0,-1,-1,0,"0, 0, 0, 0",0,"0, 0, 0, 0","0, 0, 0, 0","外:0, 内:0","外:0, 内:0","外:0, 内:0",0,0,0,0,0,0,0,0,"0, 0, 0, 0, 0, 0",33000,4,0,100,0,15,840,10,式3=2; 式4=2,0,0,552,-1,"60, 0, 1, 0, 0, 30, 30",200,"50, 20, 30, 0",false,false,"0, 0, 0, 0, 0, 0, 0, 0, 0, 0, 0, 0",50,-1,,0,0,0,"0, 0, 0, 0",36,0,36,-1,-1,false,-1,-1,-1,0,0,0,"0, 0, 0, 0",0,0,0,0,0,list,"0, 0, 0, 0, 0, 90, 90","0, 0, 0, 0, 0, 0, 0",130,0,list2,"0, 0, 0, 0, 0",loopBonusSkillList,0,"0, 1, 2, 3, 19, 17, 41, 42, 43, 44, 45, 46",开始施展此功法时，「打断」敌人正在施展所有逆练功法，消除敌人正在运起的所有逆练功法；施展此功法的过程中，敌人无法施展任何逆练功法；此功法施展结束后，运用者获得3层此效果：运用者无法施展任何逆练功法，每当运用者施展任何正练功法，此效果减少1层,开始施展此功法时，「打断」敌人正在施展所有正练功法，消除敌人正在运起的所有正练功法；施展此功法的过程中，敌人无法施展任何正练功法；此功法施展结束后，运用者获得3层此效果：运用者无法施展任何正练功法，每当运用者施展任何逆练功法，此效果减少1层
605,鬼八式蟠龙刀,7,鬼八式蟠龙刀乃天下第一之迅猛刀法，共有“开、休、生、伤、杜、景、死、惊”八式，讲究：“步闯八门，刀走蟠龙，恶厉如鬼，怒疾如雷”。,1,刀法,Invalid,3,6,0,749,true,true,31,属性0=180; 属性1=55; 属性88=450,339,1065,4,7,7,false,"0, 1, 3, 4, 5, 6",3,450,0,0,-1,-1,0,"0, 0, 0, 0",0,"0, 0, 0, 0","0, 0, 0, 0","外:0, 内:0","外:0, 内:0","外:0, 内:0",0,0,0,0,0,0,0,0,"0, 0, 0, 0, 0, 0",24000,0,0,100,0,15,960,15,式3=4,0,0,561,-1,"40, 0, 10, 0, 0, 40, 40",200,"30, 20, 50, 0",false,false,"0, 0, 0, 0, 0, 0, 0, 0, 0, 0, 0, 0",50,-1,,0,0,0,"0, 0, 0, 0",36,0,36,-1,-1,false,-1,-1,-1,0,0,0,"0, 0, 0, 0",0,0,0,0,0,list,"0, 0, 0, 0, 0, 110, 110","0, 0, 0, 0, 0, 0, 0",160,0,list2,"0, 0, 0, 0, 0",loopBonusSkillList,0,"0, 1, 2, 3, 19, 17, 41, 42, 43, 44, 45, 46",此功法发挥$0$成威力后，如果运用者至少拥有2个「劈」式，运用者就会仅消耗2个「劈」式，从施展进度50%开始立即再次施展此功法攻击敌人，以此方式施展此功法时，此功法的威力小幅累积提高，持续直到运用者无法再连续施展出此功法，且此功法会由正练转变为逆练,开始施展此功法时，将运用者所有可用的式变化为「劈」式，变化的「劈」式越多，此功法的威力就提高越多；此功法施展结束后，会由逆练转变为正练
606,狂刀,8,狂刀刚猛无伦，勇绝无双，越战越强，愈强愈狂，形若怒猊之丧心，状似暴虎之病狂，乃凶中之至凶，狂中之至狂，八荒六合，无人能挡。,1,刀法,Invalid,3,6,0,750,true,true,32,属性0=190; 属性3=60; 属性88=500,340,1066,5,2,8,false,"0, 1, 2, 3, 4, 5, 6",3,500,0,0,-1,-1,0,"0, 0, 0, 0",0,"0, 0, 0, 0","0, 0, 0, 0","外:0, 内:0","外:0, 内:0","外:0, 内:0",0,0,0,0,0,0,0,0,"0, 0, 0, 0, 0, 0",27000,4,0,100,0,15,1280,10,式3=4,0,0,561,-1,"60, 20, 1, 10, 10, 10, 10",140,"60, 0, 40, 0",false,false,"0, 0, 0, 0, 0, 0, 0, 0, 0, 0, 0, 0",50,-1,,0,0,0,"0, 0, 0, 0",36,0,36,-1,-1,false,-1,-1,-1,0,0,0,"0, 0, 0, 0",0,0,0,0,0,list,"0, 0, 0, 0, 0, 140, 140","0, 0, 0, 0, 0, 0, 0",200,0,list2,"0, 0, 0, 0, 0",loopBonusSkillList,0,"0, 1, 2, 3, 19, 17, 41, 42, 43, 44, 45, 46",此功法必然命中敌人的要害；每当运用者以直接伤害对敌人造成伤势标记或重创标记，此功法的威力就会根据运用者造成的标记数量小幅累积增加，但此功法命中敌人的几率会累积下降，最多下降90%，持续直到战斗结束，此功法累积增加的威力无法被任何效果转移或消除,此功法必然命中敌人的要害；每当敌人以直接伤害对运用者造成伤势标记或重创标记，此功法的威力就会根据敌人造成的标记数量累积增加，但此功法命中敌人的几率会累积下降，最多下降90%，持续直到战斗结束，此功法累积增加的威力无法被任何效果转移或消除
607,新亭侯刀法,0,诀曰：“敌步则我趋之，敌趋则我驰之”。新亭侯刀法刚正强直，气度豪迈，精悍勇进，咄咄逼人，时时刻刻紧随敌身而动。,1,刀法,Invalid,1,9,3,751,true,false,28,属性0=50; 属性5=50; 属性88=100; 属性56=60; 属性57=60; 属性60=60; 属性61=60,435,1161,1,7,0,false,"0, 1, 3, 4, 5, 6",1,100,0,0,-1,-1,0,"0, 0, 0, 0",0,"0, 0, 0, 0","0, 0, 0, 0","外:0, 内:0","外:0, 内:0","外:0, 内:0",0,0,0,0,0,0,0,0,"0, 0, 0, 0, 0, 0",24000,4,0,60,0,20,400,10,式3=2,0,0,534,538,"0, 40, 1, 0, 0, 40, 40",50,"50, 30, 20, 0",false,false,"0, 0, 0, 0, 0, 0, 0, 0, 0, 0, 0, 0",50,-1,,0,0,0,"0, 0, 0, 0",36,0,36,-1,-1,false,-1,-1,-1,0,0,0,"0, 0, 0, 0",0,0,0,0,0,list,"0, 0, 0, 0, 0, 20, 20","0, 0, 0, 0, 0, 0, 0",0,0,list2,"0, 0, 0, 0, 0",loopBonusSkillList,0,"20, 19, 17, 41, 42, 43, 44, 45, 46",持续提高运用者所有刀的解封进度；如果运用者使用的兵器为“新亭侯刀”，以此功法攻击敌人时，大幅降低敌人运起的「护体」功法的威力，且根据此功法发挥的成数，额外提高“新亭侯刀”的解封进度；释放“新亭侯刀”的解封时，牺牲兵器的耐久或2个「机」式，消除敌人当前运起的护体，使敌人受到该护体的反噬伤害，并将该护体长时间封禁,持续提高运用者所有刀的解封进度；以此功法攻击敌人时，大幅降低敌人运起的「护体」功法的威力，如果敌我双方有任何人装备有「长兵」，效果加倍，且可在解封任意刀时，大量牺牲解封兵器的耐久及3个任意可用的蓄式，消除敌人当前运起的护体，使敌人受到此护体的反噬伤害，并将此护体长时间封禁
608,阮师刀法,1,阮师刀法舒展大方，曲折回环，进若耕犁，退似旋车，能以刀尖、刀背、刀刃、刀柄、刀首分别施展诸般厉害杀招，其中尤以刀首七式最为精强。,1,刀法,Invalid,1,9,3,752,true,false,29,属性0=45; 属性3=45; 属性5=25; 属性88=150; 属性56=90; 属性57=90; 属性60=90; 属性61=90,436,1162,1,7,1,false,"0, 1, 3, 4, 5, 6",1,150,0,0,-1,-1,0,"0, 0, 0, 0",0,"0, 0, 0, 0","0, 0, 0, 0","外:0, 内:0","外:0, 内:0","外:0, 内:0",0,0,0,0,0,0,0,0,"0, 0, 0, 0, 0, 0",21000,4,0,60,30,20,280,15,式3=1; 式4=1,0,0,561,565,"20, 20, 1, 20, 20, 20, 20",90,"40, 20, 40, 0",false,true,"0, 0, 0, 0, 0, 0, 0, 0, 0, 0, 0, 0",50,-1,,0,0,0,"0, 0, 0, 0",36,0,36,-1,-1,false,-1,-1,-1,0,0,0,"0, 0, 0, 0",0,0,0,0,0,list,"0, 0, 0, 0, 0, 15, 15","0, 0, 0, 0, 0, 15, 15",0,0,list2,"0, 0, 0, 0, 0",loopBonusSkillList,0,"20, 19, 41, 42, 43, 44, 45, 46",持续提高运用者所有刀的解封进度；如果运用者使用的兵器为“阮师刀”，此功法发挥$0$成威力时，运用者随机夺取敌人的2个运用者可用的式，且根据此功法发挥的成数，额外提高“阮师刀”的解封进度；释放“阮师刀”的解封时，牺牲兵器的耐久或2个「机」式，运用者立即获得“阮师刀”具有的所有式,持续提高运用者所有刀的解封进度；此功法发挥$0$成威力时，运用者随机夺取敌人的1个运用者可用的式，如果敌我双方有任何人装备有「拂尘」、「长鞭」，效果加倍，且可在解封任意刀时，大量牺牲解封兵器的耐久及3个任意可用的蓄式，运用者立即获得解封的兵器具有的所有式
609,大夏龙雀百战刀,2,大夏龙雀百战刀勇猛果决，法度严整，刀势腾空掠地，如风靡草，刀法千锤百炼，渊源深远，非古之利器不足以彰显其威仪。,1,刀法,Invalid,1,9,3,753,true,false,30,属性0=70; 属性3=60; 属性88=200; 属性56=120; 属性57=120; 属性60=120; 属性61=120,437,1163,2,2,2,false,"0, 1, 3, 4, 5, 6",1,200,0,0,-1,-1,0,"0, 0, 0, 0",0,"0, 0, 0, 0","0, 0, 0, 0","外:0, 内:0","外:0, 内:0","外:0, 内:0",0,0,0,0,0,0,0,0,"0, 0, 0, 0, 0, 0",24000,4,0,60,0,20,480,20,式3=2,0,0,543,548,"40, 0, 1, 20, 20, 20, 20",70,"50, 30, 20, 0",false,false,"0, 0, 0, 0, 0, 0, 0, 0, 0, 0, 0, 0",50,-1,,0,0,0,"0, 0, 0, 0",36,0,36,-1,-1,false,-1,-1,-1,0,0,0,"0, 0, 0, 0",0,0,0,0,0,list,"0, 0, 0, 0, 0, 40, 40","0, 0, 0, 0, 0, 0, 0",0,0,list2,"0, 0, 0, 0, 0",loopBonusSkillList,0,"20, 19, 17, 41, 42, 43, 44, 45, 46",持续增加运用者所有刀的解封进度；如果运用者使用的兵器为“大夏龙雀刀”，运用者能够在施展此功法的过程中反击、反震敌人，且根据此功法发挥的成数，额外增加“大夏龙雀刀”的解封进度；释放“大夏龙雀刀”的解封时，牺牲解封兵器的耐久或2个「机」式，将敌人击退或拉近最多6距离，至多使敌人处于运用者攻击范围的中心，击退或拉近的距离越多，就为敌人施加越多破绽,持续增加运用者所有刀的解封进度；运用者能够在施展此功法的过程中反击、反震敌人，如果敌我双方有任何人装备有「掌套」，效果加倍，且可在解封任意刀时，大量牺牲解封兵器的耐久及3个任意可用的蓄式，将敌人击退或拉近最多6距离，至多使敌人处于运用者攻击范围的中心，击退或拉近的距离越多，就为敌人施加越多破绽
610,昆吾刀法,3,古人云：“割玉须用昆吾刀”。昆吾刀法虽非割玉之技，但招式灵动微妙，变化多端，行刀好似雕琢玉器，精巧细腻，亦如昆吾之割玉，当者寸断寸离。,1,刀法,Invalid,2,9,5,754,true,false,31,属性0=40; 属性1=65; 属性5=40; 属性88=250; 属性56=150; 属性57=150; 属性60=150; 属性61=150,438,1164,2,7,3,false,"0, 1, 3, 4, 5, 6",2,250,0,0,-1,-1,0,"0, 0, 0, 0",0,"0, 0, 0, 0","0, 0, 0, 0","外:0, 内:0","外:0, 内:0","外:0, 内:0",0,0,0,0,0,0,0,0,"0, 0, 0, 0, 0, 0",21000,4,0,80,40,20,400,10,式3=1; 式5=2,0,0,570,575,"0, 0, 1, 30, 30, 30, 30",120,"30, 50, 20, 0",false,false,"0, 0, 0, 0, 0, 0, 0, 0, 0, 0, 0, 0",50,-1,,0,0,0,"0, 0, 0, 0",36,0,36,-1,-1,false,-1,-1,-1,0,0,0,"0, 0, 0, 0",0,0,0,0,0,list,"0, 0, 0, 0, 0, 25, 25","0, 0, 0, 0, 0, 25, 25",0,0,list2,"0, 0, 0, 0, 0",loopBonusSkillList,0,"20, 19, 41, 42, 43, 44, 45, 46",持续增加运用者所有刀的解封进度；如果运用者使用的兵器为“昆吾刀”，运用者能够从施展进度80%开始施展此功法，且根据此功法发挥的成数，额外增加“昆吾刀”的解封进度；释放“昆吾刀”的解封时，牺牲兵器的耐久或2个「机」式，随机大幅损坏敌人的3件护具或兵器的耐久,持续增加运用者所有刀的解封进度；运用者能够从施展进度40%开始施展此功法，如果敌我双方有任何人装备有「箫笛」、「瑶琴」，效果加倍，且可在解封任意刀时，大量牺牲解封兵器的耐久及3个任意可用的蓄式，随机大幅损坏敌人的3件护具或兵器的耐久
611,鬼庖丁刀法,4,鬼庖丁刀法架势奇小，刀势奇险，动刀甚微，敌身已解，有道是：“庖丁解牛，游刃有余，以神遇而不以目视，官知止而神欲行”。,1,刀法,Invalid,2,9,3,755,true,false,32,属性1=60; 属性2=40; 属性5=60; 属性88=300; 属性56=180; 属性57=180; 属性60=180; 属性61=180,439,1165,3,8,4,false,"0, 1, 3, 4, 5, 6",2,300,0,0,-1,-1,0,"0, 0, 0, 0",0,"0, 0, 0, 0","0, 0, 0, 0","外:0, 内:0","外:0, 内:0","外:0, 内:0",0,0,0,0,0,0,0,0,"0, 0, 0, 0, 0, 0",21000,4,0,80,30,20,440,10,式3=2; 式4=1,0,0,570,531,"20, 20, 10, 20, 20, 20, 20",140,"40, 20, 40, 0",false,true,"0, 0, 0, 0, 0, 0, 0, 0, 0, 0, 0, 0",50,-1,,0,0,0,"0, 0, 0, 0",36,0,36,-1,-1,false,-1,-1,-1,0,0,0,"0, 0, 0, 0",0,0,0,0,0,list,"0, 0, 0, 0, 0, 35, 35","0, 0, 0, 0, 0, 35, 35",0,0,list2,"0, 0, 0, 0, 0",loopBonusSkillList,0,"20, 19, 41, 42, 43, 44, 45, 46",持续增加运用者所有刀的解封进度；如果运用者使用的兵器为“鬼庖丁”，此功法对敌人造成的直接伤害根据运用者的战败标记提高，且根据此功法发挥的成数，额外增加“鬼庖丁”的解封进度；释放“鬼庖丁”的解封时，牺牲兵器的耐久或2个「机」式，运用者将自身的5个随机妨害标记转移给敌人,持续增加运用者所有刀的解封进度；此功法对敌人造成的直接伤害根据运用者的战败标记提高，如果敌我双方有任何人装备有「毒砂」、「药霜」，效果加倍，且可在解封任意刀时，大量牺牲解封兵器的耐久及3个任意可用的蓄式，运用者将自身的5个随机妨害标记转移给敌人
612,赤刀七绝,5,所谓赤刀之“七绝”：“一曰担山，二曰断水，三曰履霜蹑云，四曰驱光移景，五曰回风返火，六曰阴迫阳伏以撼地，七曰反归正藏以易形”。,1,刀法,Invalid,2,9,3,756,true,false,33,属性0=90; 属性3=50; 属性5=35; 属性88=350; 属性56=210; 属性57=210; 属性60=210; 属性61=210,440,1166,3,7,5,false,"0, 1, 3, 4, 5, 6",2,350,0,0,-1,-1,0,"0, 0, 0, 0",0,"0, 0, 0, 0","0, 0, 0, 0","外:0, 内:0","外:0, 内:0","外:0, 内:0",0,0,0,0,0,0,0,0,"0, 0, 0, 0, 0, 0",33000,4,0,80,0,20,720,10,式3=3,0,0,552,558,"20, 20, 1, 20, 20, 20, 20",150,"50, 20, 30, 0",false,false,"0, 0, 0, 0, 0, 0, 0, 0, 0, 0, 0, 0",50,-1,,0,0,0,"0, 0, 0, 0",36,0,36,-1,-1,false,-1,-1,-1,0,0,0,"0, 0, 0, 0",0,0,0,0,0,list,"0, 0, 0, 0, 0, 90, 90","0, 0, 0, 0, 0, 0, 0",0,0,list2,"0, 0, 0, 0, 0",loopBonusSkillList,0,"20, 19, 17, 41, 42, 43, 44, 45, 46",持续增加运用者所有刀的解封进度；如果运用者使用的兵器为“赤刀”，运用者施展此功法的提气、架势消耗降低50%，且根据此功法发挥的成数，额外增加“赤刀”的解封进度；释放“赤刀”的解封时，牺牲兵器的耐久或2个「机」式，吸取敌人的提气、架势,持续增加运用者所有刀的解封进度；运用者施展此功法的提气、架势消耗降低25%，如果敌我双方有任何人装备有「对刺」、「令符」、「短杵」，效果加倍，且可在解封任意刀时，大量牺牲解封兵器的耐久及3个任意可用的蓄式，吸取敌人的提气、架势
613,残刀式,6,残刀式迅疾绝伦，人刀一体，行刀转如陀螺，旋如飓风，敌人已为千刀万剐之后，方闻其声响，方见其刀光，乃世所罕见之快刀绝技。,1,刀法,Invalid,3,9,3,757,true,false,34,属性0=80; 属性3=55; 属性5=55; 属性88=400; 属性56=240; 属性57=240; 属性60=240; 属性61=240,441,1167,4,8,6,false,"0, 1, 3, 4, 5, 6",3,400,0,0,-1,-1,0,"0, 0, 0, 0",0,"0, 0, 0, 0","0, 0, 0, 0","外:0, 内:0","外:0, 内:0","外:0, 内:0",0,0,0,0,0,0,0,0,"0, 0, 0, 0, 0, 0",24000,4,0,100,30,20,800,10,式3=3; 式4=1,0,0,525,532,"30, 30, 1, 15, 15, 15, 15",160,"30, 20, 50, 0",false,true,"0, 0, 0, 0, 0, 0, 0, 0, 0, 0, 0, 0",50,-1,,0,0,0,"0, 0, 0, 0",36,0,36,-1,-1,false,-1,-1,-1,0,0,0,"0, 0, 0, 0",0,0,0,0,0,list,"0, 0, 0, 0, 0, 55, 55","0, 0, 0, 0, 0, 55, 55",0,0,list2,"0, 0, 0, 0, 0",loopBonusSkillList,0,"20, 19, 41, 42, 43, 44, 45, 46",持续增加运用者所有刀的解封进度；如果运用者使用的兵器为“残刀”，此功法的攻击范围增加4，且根据此功法发挥的成数，额外增加“残刀”的解封进度；释放“残刀”的解封时，牺牲兵器的耐久或2个「机」式，消除敌人当前运起的身法，使敌人受到该身法的反噬伤害，并将该身法长时间封禁,持续增加运用者所有刀的解封进度；此功法的攻击范围增加2，如果敌我双方有任何人装备有「暗器」、「机关」、「针匣」，效果加倍，且可在解封任意刀时，大量牺牲解封兵器的耐久及3个任意可用的蓄式，消除敌人当前运起的身法，使敌人受到此身法的反噬伤害，并将此身法长时间封禁
614,鸣鸿绝刀,7,鸣鸿绝刀威力奇大，非人力可以驾驭，一旦施展，运刀者便即陷入刀法之掌控，顺刀意则无敌于天下，逆刀意则立受反噬而亡。,1,刀法,Invalid,3,9,3,758,true,true,35,属性0=100; 属性3=35; 属性5=70; 属性88=450; 属性56=270; 属性57=270; 属性60=270; 属性61=270,442,1168,4,7,7,false,"0, 1, 3, 4, 5, 6",3,450,0,0,-1,-1,0,"0, 0, 0, 0",0,"0, 0, 0, 0","0, 0, 0, 0","外:0, 内:0","外:0, 内:0","外:0, 内:0",0,0,0,0,0,0,0,0,"0, 0, 0, 0, 0, 0",30000,4,0,100,0,20,1120,15,式3=3; 式4=1,0,0,552,559,"40, 40, 1, 10, 10, 10, 10",180,"50, 20, 30, 0",false,false,"0, 0, 0, 0, 0, 0, 0, 0, 0, 0, 0, 0",50,-1,,0,0,0,"0, 0, 0, 0",36,0,36,-1,-1,false,-1,-1,-1,0,0,0,"0, 0, 0, 0",0,0,0,0,0,list,"0, 0, 0, 0, 0, 140, 140","0, 0, 0, 0, 0, 0, 0",0,0,list2,"0, 0, 0, 0, 0",loopBonusSkillList,0,"20, 19, 17, 41, 42, 43, 44, 45, 46",持续增加运用者所有刀的解封进度；如果运用者使用的兵器为“鸣鸿刀”，根据此功法发挥的成数，“鸣鸿刀”会夺取其它兵器的部分解封进度，且额外增加“鸣鸿刀”的解封进度；释放“鸣鸿刀”的解封时，牺牲兵器的耐久或2个「机」式，“鸣鸿刀”的解封攻击造成的直接伤害提高3倍,持续增加运用者所有刀的解封进度；根据此功法发挥的成数，运用者当前使用的兵器会夺取其它兵器的部分解封进度，如果敌我双方有任何人装备有「剑」，效果加倍，且可在解封任意刀时，大量牺牲解封兵器的耐久及3个任意可用的蓄式，使解封兵器此次解封攻击造成的直接伤害提高3倍
615,金刚刀法,0,金刚刀法稳健沉猛，刚劲有力，刀招转折极少，讲究：“以强攻强，以刚克刚”，好似手中钢刀正是无可摧毁之护法金刚。,1,刀法,Invalid,1,11,0,759,true,false,29,属性0=50; 属性2=25; 属性3=25; 属性88=100; 属性63=100,524,1250,1,2,0,false,"0, 1, 3, 4, 5, 6",1,100,0,0,-1,-1,0,"0, 0, 0, 0",0,"0, 0, 0, 0","0, 0, 0, 0","外:0, 内:0","外:0, 内:0","外:0, 内:0",0,0,0,0,0,0,0,0,"0, 0, 0, 0, 0, 0",27000,4,0,60,0,20,480,10,式3=2,0,0,534,-1,"60, 0, 1, 10, 10, 20, 20",40,"50, 30, 20, 0",false,false,"0, 0, 0, 0, 0, 0, 0, 0, 0, 0, 0, 0",50,-1,,0,0,0,"0, 0, 0, 0",36,0,36,-1,-1,false,-1,-1,-1,0,0,0,"0, 0, 0, 0",0,0,0,0,0,list,"0, 0, 0, 0, 0, 20, 20","0, 0, 0, 0, 0, 0, 0",0,0,list2,"0, 0, 0, 0, 0",loopBonusSkillList,0,"20, 19, 17, 41, 42, 43, 44, 45, 46",此功法发挥$0$成威力时，运用者夺取敌人的1个「劈」式,此功法发挥$0$成威力后，运用者获得2层此效果：敌人无法获得「劈」式
616,罗刹刀法,1,罗刹刀法乃是模仿恶鬼罗刹之姿态而创，古怪狰狞，捷疾可怖。其进则猛恶，作忿怒状，似欲食人血肉；其退则姝美，作嬉笑状，尤其妖异邪诡。,1,刀法,Invalid,1,11,0,760,true,false,30,属性0=85; 属性1=30; 属性88=150; 属性63=150,525,1251,1,8,1,false,"0, 1, 3, 4, 5, 6",1,150,0,0,-1,-1,0,"0, 0, 0, 0",0,"0, 0, 0, 0","0, 0, 0, 0","外:0, 内:0","外:0, 内:0","外:0, 内:0",0,0,0,0,0,0,0,0,"0, 0, 0, 0, 0, 0",24000,4,0,60,0,20,500,10,式3=1; 式4=1,0,0,525,-1,"120, 0, 0, 0, 0, 0, 0",50,"40, 20, 40, 0",false,true,"0, 0, 0, 0, 0, 0, 0, 0, 0, 0, 0, 0",50,-1,,0,0,0,"0, 0, 0, 0",36,0,36,-1,-1,false,-1,-1,-1,0,0,0,"0, 0, 0, 0",0,0,0,0,0,list,"0, 0, 0, 0, 0, 30, 30","0, 0, 0, 0, 0, 0, 0",0,0,list2,"0, 0, 0, 0, 0",loopBonusSkillList,0,"20, 19, 17, 41, 42, 43, 44, 45, 46",此功法对敌人胸背造成的直接伤势标记将变化为更难恢复的旧时伤势,此功法对敌人胸背造成的直接伤害提高30%；此功法发挥$0$成威力时，随机恶化敌人的1个外伤
617,魔障刀法,2,魔障既是修行之阻碍，亦是真道之师友，无魔无磨不能成正果。魔障刀法首重心修，心神愈受磨砺，刀力愈显刚强，心魔照退，刀法即成。,1,刀法,Invalid,1,11,0,761,true,false,31,属性0=60; 属性2=35; 属性3=35; 属性88=200; 属性63=200,526,1252,2,3,2,false,2,1,200,0,0,-1,-1,0,"0, 0, 0, 0",0,"0, 0, 0, 0","0, 0, 0, 0","外:0, 内:0","外:0, 内:0","外:0, 内:0",0,0,0,0,0,0,0,0,"0, 0, 0, 0, 0, 0",24000,0,0,60,50,20,520,10,式3=2,0,0,552,-1,"80, 40, 10, 0, 0, 0, 0",70,"60, 20, 20, 0",false,false,"0, 0, 0, 0, 0, 0, 0, 0, 0, 0, 0, 0",50,-1,,0,0,0,"0, 0, 0, 0",36,0,36,-1,-1,false,-1,-1,-1,0,0,0,"0, 0, 0, 0",0,0,0,0,0,list,"0, 0, 0, 0, 0, 20, 20","0, 0, 0, 0, 0, 20, 20",0,0,list2,"0, 0, 0, 0, 0",loopBonusSkillList,0,"20, 19, 41, 42, 43, 44, 45, 46",只要此功法未被敌人卸力，此功法对敌人造成的直接外伤大幅提高且不会因状态效果降低,只要此功法未被敌人卸力，此功法对敌人造成的直接内伤大幅提高且不会因状态效果降低
618,灵热刀,3,以内气化作内火乃生“灵热”，以灵热附于刀刃之上，遂成灵热刀。灵热刀坚逾钢铁，锐比针锥，猛如烈火，可隔空而发。,1,刀法,Invalid,2,11,0,762,true,false,32,属性2=40; 属性3=40; 属性4=65; 属性88=250; 属性63=250,527,1253,2,6,3,true,"0, 1, 3, 4, 5, 6",2,250,0,0,-1,-1,0,"0, 0, 0, 0",0,"0, 0, 0, 0","0, 0, 0, 0","外:0, 内:0","外:0, 内:0","外:0, 内:0",0,0,0,0,0,0,0,0,"0, 0, 0, 0, 0, 0",30000,4,0,80,70,20,560,20,式3=1; 式5=2,0,0,570,-1,"20, 40, 1, 20, 20, 10, 10",110,"60, 20, 20, 0",false,false,"0, 0, 0, 0, 0, 0, 0, 0, 0, 0, 0, 0",50,-1,,0,0,0,"0, 0, 0, 0",36,0,36,-1,-1,false,-1,-1,-1,0,0,0,"0, 0, 0, 0",0,0,0,0,0,list,"0, 0, 0, 0, 0, 0, 0","0, 0, 0, 0, 0, 50, 50",0,0,list2,"0, 0, 0, 0, 0",loopBonusSkillList,0,"20, 19, 16, 41, 42, 43, 44, 45, 46",战斗开始时，运用者获得0层此效果：每当运用者获得1点真气，此效果提高1层，此效果层数越多，此功法的威力与攻击范围就提高越多，但如果此效果的层数提高后超过40层，运用者将受到此功法的反噬伤害，随后此效果降低为0层,战斗开始时，运用者获得0层此效果：每当运用者失去1点真气，此效果提高1层，此效果层数越多，此功法的威力与攻击范围就提高越多，但如果此效果的层数提高后超过40层，运用者将受到此功法的反噬伤害，随后此效果降低为0层
619,金刚降伏刀,4,正所谓：“金刚怒目，所以降伏四魔”。金刚降伏刀具怒目金刚之神力，无比坚固刚强，有摧伏外道之神威，尤其威猛可畏。,1,刀法,Invalid,2,11,0,763,true,false,33,属性0=70; 属性2=45; 属性3=45; 属性88=300; 属性63=300,528,1254,3,2,4,false,"0, 1, 3, 4, 5, 6",2,300,0,0,-1,-1,0,"0, 0, 0, 0",0,"0, 0, 0, 0","0, 0, 0, 0","外:0, 内:0","外:0, 内:0","外:0, 内:0",0,0,0,0,0,0,0,0,"0, 0, 0, 0, 0, 0",33000,4,0,80,0,20,640,15,式3=2; 式5=1,0,0,552,-1,"40, 0, 1, 0, 0, 40, 40",130,"70, 10, 20, 0",false,true,"0, 0, 0, 0, 0, 0, 0, 0, 0, 0, 0, 0",50,-1,,0,0,0,"0, 0, 0, 0",36,0,36,-1,-1,false,-1,-1,-1,0,0,0,"0, 0, 0, 0",0,0,0,0,0,list,"0, 0, 0, 0, 0, 70, 70","0, 0, 0, 0, 0, 0, 0",0,0,list2,"0, 0, 0, 0, 0",loopBonusSkillList,0,"20, 19, 17, 41, 42, 43, 44, 45, 46",此功法发挥$0$成威力时，如果敌人的「护体」真气不低于初始值，使敌人失去30点「护体」真气，否则失去10点,此功法发挥$0$成威力时，如果敌人的「护体」真气不低于初始值，运用者自敌人体内吸取15点「护体」真气，否则吸取5点
620,金刚般若刀,5,“金刚般若”即金刚之真智、真力也。金刚般若刀乃金刚宗刀法之精义，力量极强，威力极大，无论受到何等阻碍，其刀力绝无退减，其刀势绝无转移。,1,刀法,Invalid,2,11,0,764,true,false,34,属性0=75; 属性2=50; 属性3=50; 属性88=350; 属性63=350,529,1255,3,2,5,true,"0, 1, 3, 4, 5, 6",2,350,0,0,-1,-1,0,"0, 0, 0, 0",0,"0, 0, 0, 0","0, 0, 0, 0","外:0, 内:0","外:0, 内:0","外:0, 内:0",0,0,0,0,0,0,0,0,"0, 0, 0, 0, 0, 0",39000,4,0,80,0,20,800,10,式3=3,0,0,534,-1,"30, 30, 1, 10, 10, 20, 20",150,"60, 20, 20, 0",false,false,"0, 0, 0, 0, 0, 0, 0, 0, 0, 0, 0, 0",50,-1,,0,0,0,"0, 0, 0, 0",36,0,36,-1,-1,false,-1,-1,-1,0,0,0,"0, 0, 0, 0",0,0,0,0,0,list,"0, 0, 0, 0, 0, 90, 90","0, 0, 0, 0, 0, 0, 0",0,0,list2,"0, 0, 0, 0, 0",loopBonusSkillList,0,"20, 19, 17, 41, 42, 43, 44, 45, 46",此功法发挥$0$成威力时，使敌人的3个「紫霞」功法、2个「归元」功法、1个「金刚」功法被短时间「封禁」,此功法发挥$0$成威力时，使敌人的3个「紫霞」功法、2个「归元」功法、1个「金刚」功法威力降低，持续直到战斗结束
621,如意宝轮刀,6,如意宝轮刀虽只有七式，但行刀“如佛说法，圆通无碍，运转不息”，却似有无穷无尽的刀招与功力，宝轮转动之处，一切魔异无不为其所摧破。,1,刀法,Invalid,3,11,5,765,true,true,35,属性0=80; 属性2=55; 属性4=55; 属性88=400; 属性63=400,530,1256,4,6,6,true,"0, 1, 3, 4, 5, 6",3,400,0,0,-1,-1,0,"0, 0, 0, 0",0,"0, 0, 0, 0","0, 0, 0, 0","外:0, 内:0","外:0, 内:0","外:0, 内:0",0,0,0,0,0,0,0,0,"0, 0, 0, 0, 0, 0",27000,4,0,100,60,20,720,15,式3=1; 式5=3,0,0,570,-1,"20, 20, 1, 20, 20, 20, 20",200,"40, 40, 20, 0",false,true,"0, 0, 0, 0, 0, 0, 0, 0, 0, 0, 0, 0",50,-1,,0,0,0,"0, 0, 0, 0",36,0,36,-1,-1,false,-1,-1,-1,0,0,0,"0, 0, 0, 0",0,0,0,0,0,list,"0, 0, 0, 0, 0, 0, 0","0, 0, 0, 0, 0, 110, 110",0,0,list2,"0, 0, 0, 0, 0",loopBonusSkillList,0,"20, 19, 16, 41, 42, 43, 44, 45, 46",此功法发挥$0$成威力后，运用者获得2层此效果：每当敌人并非因为此功法而获得增益状态，将敌人将要获得的增益状态的强度加倍并转移给运用者，并向敌人施加一个相反的损害状态,此功法发挥$0$成威力后，运用者获得2层此效果：每当运用者并非因为此功法而获得损害状态，将运用者将要获得的损害状态的强度加倍并转移给敌人，并向运用者施加一个相反的增益状态
622,六神威刀,7,以密法运使金刚利刃，口颂“唵、嘛、呢、叭、咪、吽”六字真言，可生无尽大力，无边加持，出刀且示现六神通，此即六神威刀。,1,刀法,Invalid,3,11,0,766,true,true,36,属性0=90; 属性2=60; 属性3=55; 属性88=450; 属性63=450,531,1257,4,2,7,false,"0, 1, 3, 4, 5, 6",3,450,0,0,-1,-1,0,"0, 0, 0, 0",0,"0, 0, 0, 0","0, 0, 0, 0","外:0, 内:0","外:0, 内:0","外:0, 内:0",0,0,0,0,0,0,0,0,"0, 0, 0, 0, 0, 0",33000,4,0,100,30,20,1120,15,式3=4,0,0,534,-1,"80, 0, 1, 0, 0, 20, 20",200,"70, 20, 10, 0",false,false,"0, 0, 0, 0, 0, 0, 0, 0, 0, 0, 0, 0",50,-1,,0,0,0,"0, 0, 0, 0",36,0,36,-1,-1,false,-1,-1,-1,0,0,0,"0, 0, 0, 0",0,0,0,0,0,list,"0, 0, 0, 0, 0, 140, 140","0, 0, 0, 0, 0, 0, 0",0,0,list2,"0, 0, 0, 0, 0",loopBonusSkillList,0,"20, 19, 17, 41, 42, 43, 44, 45, 46",以此功法攻击敌人时，如果运用者的「护体」真气高于初始值，运用者的「护体」真气高于敌人越多，运用者对敌人造成的直接伤害就提高越多；此功法施展结束时，运用者失去12点「护体」真气,以此功法攻击敌人时，如果运用者的「护体」真气低于初始值，运用者的「护体」真气低于敌人越多，运用者对敌人造成的直接伤害就提高越多；此功法施展结束时，运用者获得12点「护体」真气
623,摩诃迦罗刀,8,摩诃迦罗刀乃金刚宗一切护法神功之至尊，传有四无上法：“一曰无量鬼神眷属，二曰七母天女赐福，三曰冢间镇鬼伏邪，四曰气命丰足无缺”。,1,刀法,Invalid,3,11,0,767,true,true,37,属性0=155; 属性2=65; 属性88=500; 属性63=500,532,1258,5,6,8,true,"0, 1, 3, 4, 5, 6",3,500,0,0,-1,-1,0,"0, 0, 0, 0",0,"0, 0, 0, 0","0, 0, 0, 0","外:0, 内:0","外:0, 内:0","外:0, 内:0",0,0,0,0,0,0,0,0,"0, 0, 0, 0, 0, 0",39000,4,0,100,30,20,1240,10,式3=3; 式5=1,0,0,552,-1,"60, 0, 1, 10, 10, 20, 20",180,"80, 0, 20, 0",false,false,"0, 0, 0, 0, 0, 0, 0, 0, 0, 0, 0, 0",50,-1,,0,0,0,"0, 0, 0, 0",36,0,36,-1,-1,false,-1,-1,-1,0,0,0,"0, 0, 0, 0",0,0,0,0,0,list,"0, 0, 0, 0, 0, 180, 180","0, 0, 0, 0, 0, 0, 0",0,0,list2,"0, 0, 0, 0, 0",loopBonusSkillList,0,"20, 19, 17, 41, 42, 43, 44, 45, 46",施展此功法必然对运用者造成双倍的反噬伤害；施展此功法的过程中，运用者受到的直接与反噬伤势、重创标记、内息紊乱在此功法施展结束后才会生效；此功法发挥$0$成威力后，运用者将要生效的伤势、重创标记、内息紊乱不会生效，且以这些标记数量为层数，获得此效果：运用者以摧破功法攻击敌人时，最多消耗6层此效果，每层使运用者所有类型的真气增加5点，但如果此效果的层数超过18层，此效果也会增强敌人,施展此功法必然对运用者造成双倍的反噬伤害；施展此功法的过程中，运用者受到的直接与反噬伤势、重创标记、内息紊乱在此功法施展结束后才会生效；此功法发挥$0$成威力后，运用者将要生效的伤势、重创标记、内息紊乱不会生效，且以这些标记数量为层数，获得此效果：运用者以摧破功法攻击敌人时，最多消耗6层此效果，每层使敌人所有类型的真气损耗5点，但如果此效果的层数超过18层，此效果也会增强敌人
624,伏龙刀法,0,伏龙刀法刚强有力，动静合一，暗藏奇门遁甲之变化，依循九星运临之规律，静则居中宫而制四方，动则出破军以伐群小。,1,刀法,Invalid,1,14,3,768,true,false,37,属性0=55; 属性4=45; 属性88=100; 属性55=80; 属性64=80,508,1234,1,7,0,false,"0, 1, 3, 4, 5, 6",1,100,0,0,-1,-1,0,"0, 0, 0, 0",0,"0, 0, 0, 0","0, 0, 0, 0","外:0, 内:0","外:0, 内:0","外:0, 内:0",0,0,0,0,0,0,0,0,"0, 0, 0, 0, 0, 0",24000,4,0,60,0,25,360,10,式3=2,0,0,525,-1,"30, 30, 1, 10, 10, 20, 20",50,"50, 20, 30, 0",false,false,"0, 0, 0, 0, 0, 0, 0, 0, 0, 0, 0, 0",50,-1,,0,0,0,"0, 0, 0, 0",36,0,36,-1,-1,false,-1,-1,-1,0,0,0,"0, 0, 0, 0",0,0,0,0,0,list,"0, 0, 0, 0, 0, 20, 20","0, 0, 0, 0, 0, 0, 0",0,0,list2,"0, 0, 0, 0, 0",loopBonusSkillList,0,"20, 19, 17, 41, 42, 43, 44, 45, 46",根据此功法发挥的成数，增加运用者所有「摧破」功法的威力，持续直到战斗结束,根据此功法发挥的成数，降低敌人所有「摧破」功法的威力，持续直到战斗结束
625,九宫醉刀,1,九宫醉刀首重宫阵之走转，行刀看似半醉半醒，半倾半斜，实则形醉意不醉，步醉心不醉，虚守实发，逢击而避，乘隙而入，指东打西。,1,刀法,Invalid,1,14,5,769,true,false,38,属性0=60; 属性1=55; 属性88=150; 属性55=120; 属性64=120,509,1235,1,7,1,false,"0, 1, 2, 3, 4, 5, 6",1,150,0,0,-1,-1,0,"0, 0, 0, 0",0,"0, 0, 0, 0","0, 0, 0, 0","外:0, 内:0","外:0, 内:0","外:0, 内:0",0,0,0,0,0,0,0,0,"0, 0, 0, 0, 0, 0",18000,4,0,60,30,25,200,15,式3=1; 式5=1,0,0,543,-1,"0, 20, 1, 20, 20, 30, 30",90,"30, 40, 30, 0",false,true,"0, 0, 0, 0, 0, 0, 0, 0, 0, 0, 0, 0",50,-1,,0,0,0,"0, 0, 0, 0",36,0,36,-1,-1,false,-1,-1,-1,0,0,0,"0, 0, 0, 0",0,0,0,0,0,list,"0, 0, 0, 0, 0, 10, 10","0, 0, 0, 0, 0, 10, 10",0,10,list2,"0, 0, 0, 0, 0",loopBonusSkillList,0,"20, 41, 42, 43, 44, 45, 46",开始施展此功法时，最多消除运用者的2个无法使用的式，如果运用者醉酒，最多消除运用者的3个无法使用的式，且消除的越多，此功法的威力就提高越多,开始施展此功法时，最多消除敌人的2个可以使用的式，如果运用者醉酒，最多消除敌人的3个可以使用的式，且消除的越多，此功法的威力就提高越多
626,龙牙四斩,2,龙牙四斩虽尽是猛砍猛斫之刚直刀招，但威力惊人，不容小觑。其斩有四：“一斩牯牛断头，二斩猛虎碎额，三斩长鲸裂脊，四斩蛟龙折尾”。,1,刀法,Invalid,1,14,3,770,true,false,39,属性0=80; 属性3=50; 属性88=200; 属性55=160; 属性64=160,510,1236,2,2,2,false,"0, 1, 2, 3, 4, 5, 6",1,200,0,0,-1,-1,0,"0, 0, 0, 0",0,"0, 0, 0, 0","0, 0, 0, 0","外:0, 内:0","外:0, 内:0","外:0, 内:0",0,0,0,0,0,0,0,0,"0, 0, 0, 0, 0, 0",27000,4,0,60,0,25,480,10,式3=2,0,0,525,-1,"100, 20, 1, 0, 0, 0, 0",70,"50, 20, 30, 0",false,false,"0, 0, 0, 0, 0, 0, 0, 0, 0, 0, 0, 0",50,-1,,0,0,0,"0, 0, 0, 0",36,0,36,-1,-1,false,-1,-1,-1,0,0,0,"0, 0, 0, 0",0,0,0,0,0,list,"0, 0, 0, 0, 0, 40, 40","0, 0, 0, 0, 0, 0, 0",0,0,list2,"0, 0, 0, 0, 0",loopBonusSkillList,0,"20, 19, 17, 41, 42, 43, 44, 45, 46",开始施展此功法时，如果敌人有任何可施展的「护体」功法，敌人会立即开始施展；施展此功法的过程中，敌人的「护体」功法的正练、逆练特殊效果无法生效；以此功法攻击敌人时，敌人运起的「护体」功法的品阶越高，此功法造成的直接外伤就提高越多,开始施展此功法时，如果敌人有任何可施展的「护体」功法，敌人会立即开始施展；施展此功法的过程中，敌人的「护体」功法的正练、逆练特殊效果无法生效；以此功法攻击敌人时，敌人运起的「护体」功法的品阶越高，此功法造成的直接内伤就提高越多
627,六心四意刀,3,六心四意刀行停无迹，似醉似迷，欲进又退，欲东还西，刀招之中转折变化极多，无法以常理推断，有鬼没神出之奇。,1,刀法,Invalid,2,14,5,771,true,false,40,属性0=70; 属性1=75; 属性88=250; 属性55=200; 属性64=200,511,1237,2,7,3,false,"0, 1, 3, 4, 5, 6",2,250,0,0,-1,-1,0,"0, 0, 0, 0",0,"0, 0, 0, 0","0, 0, 0, 0","外:0, 内:0","外:0, 内:0","外:0, 内:0",0,0,0,0,0,0,0,0,"0, 0, 0, 0, 0, 0",21000,4,0,80,40,25,400,15,式3=1; 式5=2,0,0,543,-1,"0, 20, 1, 30, 30, 20, 20",120,"30, 40, 30, 0",false,true,"0, 0, 0, 0, 0, 0, 0, 0, 0, 0, 0, 0",50,-1,,0,0,0,"0, 0, 0, 0",36,0,36,-1,-1,false,-1,-1,-1,0,0,0,"0, 0, 0, 0",0,0,0,0,0,list,"0, 0, 0, 0, 0, 0, 0","0, 0, 0, 0, 0, 40, 40",0,20,list2,"0, 0, 0, 0, 0",loopBonusSkillList,0,"20, 16, 41, 42, 43, 44, 45, 46",此功法发挥$0$成威力后，运用者获得3层此效果：运用者施展的所有「摧破」功法，会受到运用者的另一个威力持续增强最多的「摧破」功法的威力持续增强效果的影响，如果运用者醉酒，影响的效果大幅提高,此功法发挥$0$成威力后，运用者获得3层此效果：敌人施展的所有「摧破」功法，会受到敌人的另一个威力持续减弱最多的「摧破」功法的威力持续减弱效果的影响，如果运用者醉酒，影响的效果大幅提高
628,狂龙八十一斩,4,狂龙八十一斩尽走奇门凶格，刚猛狠厉至极。其起称“蛇夭矫”，谓“虚惊不宁，百事不利”；其落称“龙逃走”，谓“六畜皆伤，百事为凶”。,1,刀法,Invalid,2,14,3,772,true,false,41,属性0=100; 属性4=60; 属性88=300; 属性55=240; 属性64=240,512,1238,3,7,4,false,"0, 1, 3, 4, 5, 6",2,300,0,0,-1,-1,0,"0, 0, 0, 0",0,"0, 0, 0, 0","0, 0, 0, 0","外:0, 内:0","外:0, 内:0","外:0, 内:0",0,0,0,0,0,0,0,0,"0, 0, 0, 0, 0, 0",30000,4,0,80,0,25,800,15,式3=3,0,0,525,-1,"80, 0, 1, 20, 20, 0, 0",80,"60, 10, 30, 0",false,false,"0, 0, 0, 0, 0, 0, 0, 0, 0, 0, 0, 0",50,-1,,0,0,0,"0, 0, 0, 0",36,0,36,-1,-1,false,-1,-1,-1,0,0,0,"0, 0, 0, 0",0,0,0,0,0,list,"0, 0, 0, 0, 0, 70, 70","0, 0, 0, 0, 0, 0, 0",0,0,list2,"0, 0, 0, 0, 0",loopBonusSkillList,0,"20, 19, 17, 41, 42, 43, 44, 45, 46",此功法发挥$0$成威力后，运用者获得4层此效果：敌人被此功法击中的部位受到的直接外伤会不断提高，持续直到战斗结束,此功法发挥$0$成威力后，运用者获得4层此效果：敌人被此功法击中的部位受到的直接内伤会不断提高，持续直到战斗结束
629,大两仪醉刀,5,大两仪醉刀形颠法密，意乱神清，每式刀招皆有正反阴阳两用：阳者以刀背施为，如龙显形，长啸腾飞；阴者以刀刃施为，如鬼通灵，暗伏消隐。,1,刀法,Invalid,2,14,5,773,true,true,42,属性0=110; 属性1=65; 属性88=350; 属性55=280; 属性64=280,513,1239,3,7,5,false,"0, 1, 2, 3, 4, 5, 6",2,350,0,0,-1,-1,0,"0, 0, 0, 0",0,"0, 0, 0, 0","0, 0, 0, 0","外:0, 内:0","外:0, 内:0","外:0, 内:0",0,0,0,0,0,0,0,0,"0, 0, 0, 0, 0, 0",27000,4,0,80,40,25,560,10,式3=2; 式5=1,0,0,543,-1,"0, 40, 1, 0, 0, 40, 40",190,"50, 30, 20, 0",false,true,"0, 0, 0, 0, 0, 0, 0, 0, 0, 0, 0, 0",50,-1,,0,0,0,"0, 0, 0, 0",36,0,36,-1,-1,false,-1,-1,-1,0,0,0,"0, 0, 0, 0",0,0,0,0,0,list,"0, 0, 0, 0, 0, 0, 0","0, 0, 0, 0, 0, 70, 70",0,35,list2,"0, 0, 0, 0, 0",loopBonusSkillList,0,"20, 16, 41, 42, 43, 44, 45, 46",以此功法击中敌人时，运用者对敌人造成的直接外伤根据运用者相同部位上的外伤标记数量提高，如果运用者醉酒，提升量加倍,以此功法击中敌人时，运用者对敌人造成的直接内伤根据运用者相同部位上的内伤标记数量提高，如果运用者醉酒，提升量加倍
630,赤子斩龙刀,6,“醉卧东海披落虹，醒入蓬莱闹仙宫，万两浑金铸赤子，一寸丹心斩白龙”。赤子斩龙刀乃焰中真火，石中赤金，纯粹无暇，精强已极。,1,刀法,Invalid,3,14,3,774,true,true,43,属性0=120; 属性4=70; 属性88=400; 属性55=320; 属性64=320,514,1240,4,2,6,false,"0, 1, 3, 4, 5, 6",3,400,0,0,-1,-1,0,"0, 0, 0, 0",0,"0, 0, 0, 0","0, 0, 0, 0","外:0, 内:0","外:0, 内:0","外:0, 内:0",0,0,0,0,0,0,0,0,"0, 0, 0, 0, 0, 0",33000,4,0,100,30,25,960,15,式3=4,0,0,561,-1,"100, 20, 10, 0, 0, 0, 0",160,"60, 10, 30, 0",false,false,"0, 0, 0, 0, 0, 0, 0, 0, 0, 0, 0, 0",50,-1,,0,0,0,"0, 0, 0, 0",36,0,36,-1,-1,false,-1,-1,-1,0,0,0,"0, 0, 0, 0",0,0,0,0,0,list,"0, 0, 0, 0, 0, 110, 110","0, 0, 0, 0, 0, 0, 0",0,0,list2,"0, 0, 0, 0, 0",loopBonusSkillList,0,"20, 19, 17, 41, 42, 43, 44, 45, 46",开始施展此功法时，如果运用者为童子、童女之身，此功法的威力与击中敌人的几率大幅提高，且此功法造成的伤害不会因状态效果降低,开始施展此功法时，如果运用者非童子、童女之身，此功法的威力与击中敌人的几率大幅提高，且此功法造成的伤害不会因状态效果降低
631,九龙霸刀,7,九龙霸刀威猛无双，所向披靡，行刀飞扬跋扈，无所顾忌，有形剁形，无形剁影，刀刀俱是真力，可谓威风而拔世，悍勇而超尘。,1,刀法,Invalid,3,14,3,775,true,true,44,属性0=150; 属性4=55; 属性88=450; 属性55=360; 属性64=360,515,1241,4,2,7,false,"0, 1, 3, 4, 5, 6",3,450,0,0,-1,-1,0,"0, 0, 0, 0",0,"0, 0, 0, 0","0, 0, 0, 0","外:0, 内:0","外:0, 内:0","外:0, 内:0",0,0,0,0,0,0,0,0,"0, 0, 0, 0, 0, 0",39000,4,0,100,30,25,1200,20,式3=4,0,0,561,-1,"80, 0, 1, 10, 10, 10, 10",190,"60, 20, 20, 0",false,false,"0, 0, 0, 0, 0, 0, 0, 0, 0, 0, 0, 0",50,-1,,0,0,0,"0, 0, 0, 0",36,0,36,-1,-1,false,-1,-1,-1,0,0,0,"0, 0, 0, 0",0,0,0,0,0,list,"0, 0, 0, 0, 0, 140, 140","0, 0, 0, 0, 0, 0, 0",0,0,list2,"0, 0, 0, 0, 0",loopBonusSkillList,0,"20, 19, 17, 41, 42, 43, 44, 45, 46",开始施展此功法时，将敌我双方的最多9个功法受到的持续增强的威力加倍转移为此功法的威力增强；此功法施展结束后，将不可避免地被极长时间「封禁」,开始施展此功法时，将敌我双方的最多9个功法受到的持续减弱的威力加倍转移为此功法的威力增强；此功法施展结束后，将不可避免地被极长时间「封禁」
632,少林六合棍,0,少林六合棍招式明快，不简不繁，尚直取快攻而忌游移不定，出棍讲究“内三合”与“外三合”、内外相合、六合相合，故名“六合棍”。,1,长兵,Invalid,1,1,5,776,true,false,38,属性0=25; 属性1=25; 属性2=50; 属性89=100; 属性63=100,611,1337,1,8,0,false,"0, 1, 2, 3, 4, 5, 6",1,100,0,0,-1,-1,0,"0, 0, 0, 0",0,"0, 0, 0, 0","0, 0, 0, 0","外:0, 内:0","外:0, 内:0","外:0, 内:0",0,0,0,0,0,0,0,0,"0, 0, 0, 0, 0, 0",24000,4,0,60,0,25,280,15,式5=2,0,0,678,-1,"30, 30, 1, 15, 15, 15, 15",70,"30, 50, 20, 0",false,false,"0, 0, 0, 0, 0, 0, 0, 0, 0, 0, 0, 0",50,-1,,0,0,0,"0, 0, 0, 0",36,0,36,-1,-1,false,-1,-1,-1,0,0,0,"0, 0, 0, 0",0,0,0,0,0,list,"0, 0, 0, 20, 20, 20, 20","0, 0, 0, 0, 0, 0, 0",0,0,list2,"0, 0, 0, 0, 0",loopBonusSkillList,0,"20, 19, 17, 41, 42, 43, 44, 45, 46",根据此功法发挥的成数，增加运用者所有「护体」功法的威力上限，持续直到战斗结束,根据此功法发挥的成数，极短时间封禁敌人的1个「护体」功法
633,少林阴阳棍,1,所谓“阴阳棍”，乃是由于此棍法分为内与外、上与下、骑与步两组招式，两组招式既可分使，亦可高低并用，上下齐施。,1,长兵,Invalid,1,1,0,777,true,false,39,属性0=30; 属性1=30; 属性2=55; 属性89=150; 属性63=150,612,1338,1,8,1,false,"0, 1, 2, 3, 4, 5, 6",1,150,0,0,-1,-1,0,"0, 0, 0, 0",0,"0, 0, 0, 0","0, 0, 0, 0","外:0, 内:0","外:0, 内:0","外:0, 内:0",0,0,0,0,0,0,0,0,"0, 0, 0, 0, 0, 0",18000,4,0,60,30,25,240,15,式5=2,0,0,678,-1,"40, 40, 1, 0, 0, 20, 20",80,"40, 40, 20, 0",false,true,"0, 0, 0, 0, 0, 0, 0, 0, 0, 0, 0, 0",50,-1,,0,0,0,"0, 0, 0, 0",36,0,36,-1,-1,false,-1,-1,-1,0,0,0,"0, 0, 0, 0",0,0,0,0,0,list,"0, 0, 0, 15, 15, 15, 15","0, 0, 0, 15, 15, 15, 15",0,0,list2,"0, 0, 0, 0, 0",loopBonusSkillList,0,"20, 19, 41, 42, 43, 44, 45, 46",此功法发挥$0$成威力后，运用者获得4层此效果：运用者获得的所有「劈」式、「刺」式，变化为「撩」式,此功法发挥$0$成威力时，运用者获得2个「撩」式
634,十八点齐眉棍,2,十八点齐眉棍讲究：“乱棍猛击，棍打群敌”，既可于一招之间分袭一十八个敌人，也能同时将一十八次棍击施于同一敌人之身。,1,长兵,Invalid,1,1,5,778,true,false,40,属性0=35; 属性1=35; 属性2=60; 属性89=200; 属性63=200,613,1339,2,8,2,false,"0, 1, 2, 3, 4, 5, 6",1,200,0,0,-1,-1,0,"0, 0, 0, 0",0,"0, 0, 0, 0","0, 0, 0, 0","外:0, 内:0","外:0, 内:0","外:0, 内:0",0,0,0,0,0,0,0,0,"0, 0, 0, 0, 0, 0",21000,4,0,60,0,25,320,15,式5=2,0,0,678,-1,"20, 20, 1, 20, 20, 20, 20",90,"30, 50, 20, 0",false,false,"0, 0, 0, 0, 0, 0, 0, 0, 0, 0, 0, 0",50,-1,,0,0,0,"0, 0, 0, 0",36,0,36,-1,-1,false,-1,-1,-1,0,0,0,"0, 0, 0, 0",0,0,0,0,0,list,"0, 0, 0, 40, 40, 40, 40","0, 0, 0, 0, 0, 0, 0",0,0,list2,"0, 0, 0, 0, 0",loopBonusSkillList,0,"20, 19, 17, 41, 42, 43, 44, 45, 46",此功法发挥$0$成威力时，运用者每拥有3个「撩」式，运用者就使敌人被攻击的部位出现1个破绽,此功法发挥$0$成威力时，运用者的兵器每有1个「撩」式，运用者就有较高的几率获得1次变招机会
635,大小夜叉棍,3,大小夜叉棍既可放长击远，亦可近身入怀，且多有逆挑、疾点、猛戳等凌厉绝技，正是“三分棍法七分枪法”，长短兼用，亦棍亦枪。,1,长兵,Invalid,2,1,0,779,true,false,41,属性0=40; 属性1=40; 属性2=65; 属性89=250; 属性63=250,614,1340,2,8,3,false,"0, 1, 2, 3, 4, 5, 6",2,250,0,0,-1,-1,0,"0, 0, 0, 0",0,"0, 0, 0, 0","0, 0, 0, 0","外:0, 内:0","外:0, 内:0","外:0, 内:0",0,0,0,0,0,0,0,0,"0, 0, 0, 0, 0, 0",24000,4,0,80,0,25,440,20,式4=2; 式5=1,0,0,651,-1,"40, 40, 1, 10, 10, 10, 10",110,"40, 20, 40, 0",false,true,"0, 0, 0, 0, 0, 0, 0, 0, 0, 0, 0, 0",50,-1,,0,0,0,"0, 0, 0, 0",36,0,36,-1,-1,false,-1,-1,-1,0,0,0,"0, 0, 0, 0",0,0,0,0,0,list,"0, 0, 0, 50, 50, 50, 50","0, 0, 0, 0, 0, 0, 0",0,0,list2,"0, 0, 0, 0, 0",loopBonusSkillList,0,"20, 19, 17, 41, 42, 43, 44, 45, 46",此功法的最大攻击距离提高2；以此功法攻击敌人时，敌我距离与此功法的最大攻击距离越接近，此功法的威力就提高越多,此功法的最小攻击距离降低2；以此功法攻击敌人时，敌我距离与此功法的最小攻击距离越接近，此功法的威力就提高越多
636,五虎群羊棍,4,五虎群羊棍法度严密，气势宏大，运棍之时全身着力，上下左右一体，俯仰进退皆可攻敌，兼之棍力刚猛，临敌直如虎入羊群，威不可当。,1,长兵,Invalid,2,1,0,780,true,false,42,属性0=45; 属性1=45; 属性2=70; 属性89=300; 属性63=300,615,1341,3,8,4,false,"0, 1, 2, 3, 4, 5, 6",2,300,0,0,-1,-1,0,"0, 0, 0, 0",0,"0, 0, 0, 0","0, 0, 0, 0","外:0, 内:0","外:0, 内:0","外:0, 内:0",0,0,0,0,0,0,0,0,"0, 0, 0, 0, 0, 0",24000,4,0,80,30,25,520,20,式5=3,0,0,678,-1,"25, 25, 1, 15, 15, 20, 20",130,"50, 30, 20, 0",false,false,"0, 0, 0, 0, 0, 0, 0, 0, 0, 0, 0, 0",50,-1,,0,0,0,"0, 0, 0, 0",36,0,36,-1,-1,false,-1,-1,-1,0,0,0,"0, 0, 0, 0",0,0,0,0,0,list,"0, 0, 0, 35, 35, 35, 35","0, 0, 0, 35, 35, 35, 35",0,0,list2,"0, 0, 0, 0, 0",loopBonusSkillList,0,"20, 19, 41, 42, 43, 44, 45, 46",运用者运起「护体」功法的过程中，可以从施展进度50%开始无需消耗架势施展此功法,运用者运起「护体」功法的过程中，可以从施展进度50%开始无需消耗提气施展此功法
637,少林疯魔棍,5,少林疯魔棍横扫东南西北，恶劈四面八方，凶猛巧健，捅天打地，为避其不尊天地方位之忌，故而取名“疯魔”，是以并无半点“疯颠”之态。,1,长兵,Invalid,2,1,0,781,true,false,43,属性0=50; 属性1=50; 属性2=75; 属性89=350; 属性63=350,616,1342,3,8,5,false,"0, 1, 2, 3, 4, 5, 6",2,350,0,0,-1,-1,0,"0, 0, 0, 0",0,"0, 0, 0, 0","0, 0, 0, 0","外:0, 内:0","外:0, 内:0","外:0, 内:0",0,0,0,0,0,0,0,0,"0, 0, 0, 0, 0, 0",24000,4,0,80,0,25,720,20,式4=1; 式5=2,0,0,651,-1,"30, 30, 1, 0, 0, 30, 30",120,"50, 20, 30, 0",false,true,"0, 0, 0, 0, 0, 0, 0, 0, 0, 0, 0, 0",50,-1,,0,0,0,"0, 0, 0, 0",36,0,36,-1,-1,false,-1,-1,-1,0,0,0,"0, 0, 0, 0",0,0,0,0,0,list,"0, 0, 0, 90, 90, 90, 90","0, 0, 0, 0, 0, 0, 0",0,0,list2,"0, 0, 0, 0, 0",loopBonusSkillList,0,"20, 19, 17, 41, 42, 43, 44, 45, 46",施展此功法的过程中，运用者可以对敌人进行兵器攻击，且准备时间减半，运用者以兵器攻击击中敌人的次数越多，运用者的破体就累积提高越多，此功法的攻击范围就累积增加越多，最多累积6次,施展此功法的过程中，运用者可以对敌人进行兵器攻击，且准备时间减半，运用者以兵器攻击击中敌人的次数越多，运用者的破气就累积提高越多，此功法的攻击范围就累积增加越多，最多累积6次
638,韦陀降魔杖,6,韦陀降魔杖刚勇强劲，沉雄无比，杖力笼罩之下，处处皆是无形罡气，攻可摧邪辅正，除魔卫道，守亦坚固不破，固若金汤。,1,长兵,Invalid,3,1,0,782,true,false,44,属性0=55; 属性1=55; 属性2=80; 属性89=400; 属性63=400,617,1343,4,0,6,true,"0, 1, 2, 3, 4, 5, 6",3,400,0,0,-1,-1,0,"0, 0, 0, 0",0,"0, 0, 0, 0","0, 0, 0, 0","外:0, 内:0","外:0, 内:0","外:0, 内:0",0,0,0,0,0,0,0,0,"0, 0, 0, 0, 0, 0",24000,4,0,100,40,25,800,20,式3=2; 式4=2,0,0,660,-1,"40, 0, 1, 0, 0, 40, 40",180,"60, 30, 10, 0",false,false,"0, 0, 0, 0, 0, 0, 0, 0, 0, 0, 0, 0",50,-1,,0,0,0,"0, 0, 0, 0",36,0,36,-1,-1,false,-1,-1,-1,0,0,0,"0, 0, 0, 0",0,0,0,0,0,list,"0, 0, 0, 110, 110, 110, 110","0, 0, 0, 0, 0, 0, 0",0,0,list2,"0, 0, 0, 0, 0",loopBonusSkillList,0,"20, 19, 17, 41, 42, 43, 44, 45, 46",此功法发挥$0$成威力后，运用者获得18层此效果：运用者将要出现破绽时，将消耗与破绽级别相同的效果层数，使敌人随机部位出现与所消耗的效果层数数量相同的破绽，且不会引发造成破绽带来的任何效果,此功法发挥$0$成威力后，运用者获得18层此效果：运用者将要出现封穴时，将消耗与封穴级别相同的效果层数，使敌人随机部位出现与所消耗的效果层数数量相同的封穴，且不会引发造成封穴带来的任何效果
639,大智菩提杖法,7,“以武入禅”乃少林武学之正果真义。大智菩提杖法于武超凡脱俗，神妙无已，于禅使人明心见性，顿悟真理，堪称“禅武合一”之无上正等正觉也。,1,长兵,Invalid,3,1,5,783,true,false,45,属性0=60; 属性1=60; 属性2=85; 属性89=450; 属性63=450,618,1344,4,0,7,true,"0, 1, 2, 3, 4, 5, 6",3,450,0,0,-1,-1,0,"0, 0, 0, 0",0,"0, 0, 0, 0","0, 0, 0, 0","外:0, 内:0","外:0, 内:0","外:0, 内:0",0,0,0,0,0,0,0,0,"0, 0, 0, 0, 0, 0",30000,4,0,100,60,25,780,10,式5=4,0,0,696,-1,"0, 40, 1, 40, 40, 0, 0",290,"30, 50, 20, 0",false,true,"0, 0, 0, 0, 0, 0, 0, 0, 0, 0, 0, 0",50,-1,,0,0,0,"0, 0, 0, 0",36,0,36,-1,-1,false,-1,-1,-1,0,0,0,"0, 0, 0, 0",0,0,0,0,0,list,"0, 0, 0, 0, 0, 0, 0","0, 0, 0, 110, 110, 110, 110",0,60,list2,"0, 0, 0, 0, 0",loopBonusSkillList,0,"20, 16, 41, 42, 43, 44, 45, 46",此功法发挥$0$成威力后，如果运用者至少拥有2个「撩」式，运用者就会仅消耗2个「撩」式，从施展进度50%开始立即再次施展此功法攻击敌人，以此方式施展此功法时，此功法的威力小幅累积提高，持续直到运用者无法再连续施展出此功法，且此功法会由正练转变为逆练,开始施展此功法时，将运用者所有可用的式变化为「撩」式，变化的「撩」式越多，此功法的威力就提高越多；此功法施展结束后，会由逆练转变为正练
640,达摩杖法,8,有道是：“棍乃百兵之祖”，达摩杖法更是一切棍术杖法之先师鼻祖。达摩杖法共有四十八式，乃达摩祖师之真传绝艺，其法精奇古朴，神乎其神。,1,长兵,Invalid,3,1,0,784,true,true,46,属性0=65; 属性1=65; 属性2=90; 属性89=500; 属性63=500,619,1345,5,1,8,true,"0, 1, 2, 3, 4, 5, 6",3,500,0,0,-1,-1,0,"0, 0, 0, 0",0,"0, 0, 0, 0","0, 0, 0, 0","外:0, 内:0","外:0, 内:0","外:0, 内:0",0,0,0,0,0,0,0,0,"0, 0, 0, 0, 0, 0",27000,4,0,100,30,25,960,15,式5=4,0,0,696,-1,"30, 30, 1, 30, 30, 0, 0",200,"30, 70, 0, 0",false,false,"0, 0, 0, 0, 0, 0, 0, 0, 0, 0, 0, 0",50,-1,,0,0,0,"0, 0, 0, 0",36,0,36,-1,-1,false,-1,-1,-1,0,0,0,"0, 0, 0, 0",0,0,0,0,0,list,"0, 0, 0, 70, 70, 70, 70","0, 0, 0, 70, 70, 70, 70",100,0,list2,"0, 0, 0, 0, 0",loopBonusSkillList,0,"19, 41, 42, 43, 44, 45, 46",施展此功法的过程中，运用者可以无消耗且无需施展准备地施展「护体」功法，且此功法的威力越高，运用者以此方式施展的「护体」功法的威力也提高越多，持续直到该「护体」功法结束,施展此功法的过程中，运用者可以无消耗且无需施展准备地施展「护体」功法，且运用者以此方式施展的「护体」功法的威力越高，此功法的威力也提高越多，持续直到此功法施展结束
641,恶煞枪法,0,恶煞枪法招式粗犷，出枪凶横异常，力必用尽，势必到底，于人于己皆不留半分余地，一如其名，好似凶神恶煞一般。,1,长兵,Invalid,1,6,0,785,true,false,33,属性0=80; 属性3=50; 属性89=100,341,1067,1,2,0,false,"0, 1, 2, 3, 4, 5, 6",1,100,0,0,-1,-1,0,"0, 0, 0, 0",0,"0, 0, 0, 0","0, 0, 0, 0","外:0, 内:0","外:0, 内:0","外:0, 内:0",0,0,0,0,0,0,0,0,"0, 0, 0, 0, 0, 0",21000,4,0,60,0,15,360,15,式3=2,0,0,624,-1,"60, 20, 1, 0, 0, 20, 20",40,"50, 20, 30, 0",false,true,"0, 0, 0, 0, 0, 0, 0, 0, 0, 0, 0, 0",50,-1,,0,0,0,"0, 0, 0, 0",36,0,36,-1,-1,false,-1,-1,-1,0,0,0,"0, 0, 0, 0",0,0,0,0,0,list,"30, 30, 0, 10, 10, 10, 10","0, 0, 0, 0, 0, 0, 0",0,0,list2,"0, 0, 0, 0, 0",loopBonusSkillList,0,"0, 1, 2, 3, 20, 19, 17, 41, 42, 43, 44, 45, 46",此功法发挥$0$成威力后，运用者获得6层此效果：运用者对敌人造成的直接重创伤害的一部分，会累积至运用者下一次施展此功法发挥$0$成威力时施加给敌人，如果此功法未能发挥$0$成威力，累积的重创伤害就会消失,此功法发挥$0$成威力后，运用者获得6层此效果：敌人对运用者造成的直接重创伤害的一部分，会累积至运用者下一次施展此功法发挥$0$成威力时施加给敌人，如果此功法未能发挥$0$成威力，累积的重创伤害就会消失
642,五虎断魂枪,1,正所谓：“一寸长，一寸强，棍打一片，枪扎一点”。五虎断魂枪无甚变化，却尤其擅长以长攻短，以长驱直入之势直取敌身之要害。,1,长兵,Invalid,1,6,0,786,true,false,34,属性0=75; 属性1=25; 属性3=45; 属性89=150,342,1068,1,8,1,false,"0, 1, 2, 3, 4, 5, 6",1,150,0,0,-1,-1,0,"0, 0, 0, 0",0,"0, 0, 0, 0","0, 0, 0, 0","外:0, 内:0","外:0, 内:0","外:0, 内:0",0,0,0,0,0,0,0,0,"0, 0, 0, 0, 0, 0",24000,4,0,60,0,15,440,20,式4=1; 式5=1,0,0,642,-1,"80, 40, 1, 0, 0, 0, 0",50,"60, 20, 20, 0",false,false,"0, 0, 0, 0, 0, 0, 0, 0, 0, 0, 0, 0",50,-1,,0,0,0,"0, 0, 0, 0",36,0,36,-1,-1,false,-1,-1,-1,0,0,0,"0, 0, 0, 0",0,0,0,0,0,list,"40, 40, 0, 20, 20, 20, 20","0, 0, 0, 0, 0, 0, 0",0,0,list2,"0, 0, 0, 0, 0",loopBonusSkillList,0,"0, 1, 2, 3, 20, 19, 17, 41, 42, 43, 44, 45, 46",开始施展此功法时，运用者的最大攻击距离比敌人的最大攻击距离越大，此功法的威力就提高越多,开始施展此功法时，运用者的最小攻击距离比敌人的最小攻击距离越小，此功法的威力就提高越多
643,狮相八母枪,2,狮相八母枪乃狮相门代代相传之枪法要义，共有“封、闭、提、掳、拿、拦、还、缠”八式，此八式即一切枪术之根本所在，所以谓之“母枪”也。,1,长兵,Invalid,1,6,0,787,true,false,35,属性0=100; 属性1=60; 属性89=200,343,1069,2,8,2,false,"0, 1, 2, 3, 4, 5, 6",1,200,0,0,-1,-1,0,"0, 0, 0, 0",0,"0, 0, 0, 0","0, 0, 0, 0","外:0, 内:0","外:0, 内:0","外:0, 内:0",0,0,0,0,0,0,0,0,"0, 0, 0, 0, 0, 0",27000,4,0,60,0,15,400,15,式3=1; 式4=1,0,0,624,-1,"40, 20, 1, 15, 15, 15, 15",90,"50, 20, 30, 0",false,true,"0, 0, 0, 0, 0, 0, 0, 0, 0, 0, 0, 0",50,-1,,0,0,0,"0, 0, 0, 0",36,0,36,-1,-1,false,-1,-1,-1,0,0,0,"0, 0, 0, 0",0,0,0,0,0,list,"50, 50, 0, 30, 30, 30, 30","0, 0, 0, 0, 0, 0, 0",0,0,list2,"0, 0, 0, 0, 0",loopBonusSkillList,0,"0, 1, 2, 3, 20, 19, 17, 41, 42, 43, 44, 45, 46",根据此功法发挥的成数，提高运用者身上的1个增益状态的强度,根据此功法发挥的成数，降低运用者身上的1个损害状态的强度
644,桓侯十六枪,3,桓侯十六枪沉稳刚毅，法度极严，停必“手、足、枪，三尖相照”，行必“圈、抖、摇，枪圆如龙”，正是：“枪圆如龙威力无穷，三尖相照山岳难摇”。,1,长兵,Invalid,2,6,0,788,true,false,36,属性0=90; 属性1=30; 属性3=55; 属性89=250,344,1070,2,8,3,false,"0, 1, 2, 3, 4, 5, 6",2,250,0,0,-1,-1,0,"0, 0, 0, 0",0,"0, 0, 0, 0","0, 0, 0, 0","外:0, 内:0","外:0, 内:0","外:0, 内:0",0,0,0,0,0,0,0,0,"0, 0, 0, 0, 0, 0",24000,4,0,80,0,15,560,15,式3=1; 式4=1; 式5=1,0,0,642,-1,"30, 30, 1, 0, 0, 30, 30",80,"50, 30, 20, 0",false,false,"0, 0, 0, 0, 0, 0, 0, 0, 0, 0, 0, 0",50,-1,,0,0,0,"0, 0, 0, 0",36,0,36,-1,-1,false,-1,-1,-1,0,0,0,"0, 0, 0, 0",0,0,0,0,0,list,"70, 70, 0, 40, 40, 40, 40","0, 0, 0, 0, 0, 0, 0",0,0,list2,"0, 0, 0, 0, 0",loopBonusSkillList,0,"0, 1, 2, 3, 20, 19, 17, 41, 42, 43, 44, 45, 46",开始施展此功法时，运用者未消耗的体质越多，此功法的威力就提高越多,开始施展此功法时，运用者已消耗的体质越多，此功法的威力就提高越多
645,乾坤枪法,4,乾坤枪法共有六十四式，乃是从先天六十四卦中所化出的奇门枪法，其变化固然奇妙，却也不失狮相门之刚猛作风，可谓虽柔亦刚，刚柔并有。,1,长兵,Invalid,2,6,0,789,true,false,37,属性0=95; 属性1=50; 属性3=45; 属性89=300,345,1071,3,7,4,false,"0, 1, 2, 3, 4, 5, 6",2,300,0,0,-1,-1,0,"0, 0, 0, 0",0,"0, 0, 0, 0","0, 0, 0, 0","外:0, 内:0","外:0, 内:0","外:0, 内:0",0,0,0,0,0,0,0,0,"0, 0, 0, 0, 0, 0",24000,4,0,80,0,15,640,15,式3=2; 式4=1,0,0,624,-1,"40, 0, 1, 0, 0, 40, 40",100,"50, 20, 30, 0",false,false,"0, 0, 0, 0, 0, 0, 0, 0, 0, 0, 0, 0",50,-1,,0,0,0,"0, 0, 0, 0",36,0,36,-1,-1,false,-1,-1,-1,0,0,0,"0, 0, 0, 0",0,0,0,0,0,list,"90, 90, 0, 50, 50, 50, 50","0, 0, 0, 0, 0, 0, 0",0,0,list2,"0, 0, 0, 0, 0",loopBonusSkillList,0,"0, 1, 2, 3, 20, 19, 17, 41, 42, 43, 44, 45, 46",施展此功法的过程中，运用者可以前进最多4距离，且脚力消耗减半，运用者前进的距离越远，此功法的威力就提高越多，运用者每前进0.2距离就能够获得3点「摧破」真气、3点「护体」真气,施展此功法的过程中，运用者可以后退最多4距离，且脚力消耗减半，运用者后退的距离越远，此功法的威力就提高越多，运用者每后退0.2距离就能够获得3点「摧破」真气、3点「护体」真气
646,百兽震岳枪,5,百兽震岳枪招式虽然鲁直，出枪虽然滞缓，但枪力浑厚，雄强无比，隆隆然似有百兽咆哮其中，山川河岳无不为其所震撼。,1,长兵,Invalid,2,6,0,790,true,false,38,属性0=115; 属性1=40; 属性3=50; 属性89=350,346,1072,3,2,5,false,"0, 1, 2, 3, 4, 5, 6",2,350,0,0,-1,-1,0,"0, 0, 0, 0",0,"0, 0, 0, 0","0, 0, 0, 0","外:0, 内:0","外:0, 内:0","外:0, 内:0",0,0,0,0,0,0,0,0,"0, 0, 0, 0, 0, 0",30000,4,0,80,0,15,800,15,式3=3,0,0,624,-1,"80, 0, 1, 0, 0, 20, 20",120,"60, 20, 20, 0",false,false,"0, 0, 0, 0, 0, 0, 0, 0, 0, 0, 0, 0",50,-1,,0,0,0,"0, 0, 0, 0",36,0,36,-1,-1,false,-1,-1,-1,0,0,0,"0, 0, 0, 0",0,0,0,0,0,list,"110, 110, 0, 70, 70, 70, 70","0, 0, 0, 0, 0, 0, 0",0,0,list2,"0, 0, 0, 0, 0",loopBonusSkillList,0,"0, 1, 2, 3, 20, 19, 17, 41, 42, 43, 44, 45, 46",开始施展此功法时，如果敌人没有运起「护体」功法，若人物可以抛下兵器，敌人立即抛下手中的兵器切换至空手，否则立即切换至可切换的兵器，且敌人其他所有的兵器均暂时无法使用,开始施展此功法时，如果敌人没有运起「轻灵」功法，若人物可以抛下兵器，敌人立即抛下手中的兵器切换至空手，否则立即切换至可切换的兵器，且敌人其他所有的兵器均暂时无法使用
647,狂龙狮子枪,6,观其人似雄狮，观其枪似狂龙，人有慑服群鬼之威，枪有翻天覆地之力。狂龙狮子枪既可人枪合一，亦可分而为二，合之威力无穷，分之狂猛无比。,1,长兵,Invalid,3,6,0,791,true,true,39,属性0=130; 属性1=90; 属性89=400,347,1073,4,2,6,false,"0, 1, 2, 3, 4, 5, 6",3,400,0,0,-1,-1,0,"0, 0, 0, 0",0,"0, 0, 0, 0","0, 0, 0, 0","外:0, 内:0","外:0, 内:0","外:0, 内:0",0,0,0,0,0,0,0,0,"0, 0, 0, 0, 0, 0",21000,4,0,100,0,15,960,20,式4=2; 式5=2,0,0,642,-1,"60, 20, 10, 10, 10, 10, 10",110,"70, 10, 20, 0",false,true,"0, 0, 0, 0, 0, 0, 0, 0, 0, 0, 0, 0",50,-1,,0,0,0,"0, 0, 0, 0",36,0,36,20,8000,false,-1,-1,-1,0,0,0,"0, 0, 0, 0",0,0,0,0,0,list,"130, 130, 0, 90, 90, 90, 90","0, 0, 0, 0, 0, 0, 0",0,0,list2,"0, 0, 0, 0, 0",loopBonusSkillList,0,"0, 1, 2, 3, 20, 19, 17, 41, 42, 43, 44, 45, 46",此功法受到敌人的反震时，运用者将反震伤害全部转移给敌人；此功法发挥$0$成威力后，运用者获得4层此效果：当运用者未运起身法时，运用者可快速积蓄力量无消耗地一次性前进2距离,此功法受到敌人的反震时，运用者将反震伤害全部转移给敌人；此功法发挥$0$成威力后，运用者获得4层此效果：当运用者未运起身法时，运用者可快速积蓄力量无消耗地一次性后退2距离
648,陀龙霸王枪,7,陀龙霸王枪乃楚霸王项羽所创，非神力无双之人不能驾驭。霸王枪壮勇绝伦，刚猛拔世，出之有鬼神之力，千军难当，万夫莫敌。,1,长兵,Invalid,3,6,0,792,true,true,40,属性0=150; 属性3=85; 属性89=450,348,1074,4,2,7,false,"0, 1, 2, 3, 4, 5, 6",3,450,0,0,-1,-1,0,"0, 0, 0, 0",0,"0, 0, 0, 0","0, 0, 0, 0","外:0, 内:0","外:0, 内:0","外:0, 内:0",0,0,0,0,0,0,0,0,"0, 0, 0, 0, 0, 0",30000,4,0,100,0,15,1040,20,式3=2; 式4=2,0,0,624,-1,"100, 20, 1, 0, 0, 0, 0",200,"60, 20, 20, 0",false,true,"0, 0, 0, 0, 0, 0, 0, 0, 0, 0, 0, 0",50,-1,,0,0,0,"0, 0, 0, 0",36,0,36,-1,-1,false,-1,-1,-1,0,0,0,"0, 0, 0, 0",0,0,0,0,0,list,"160, 160, 0, 110, 110, 110, 110","0, 0, 0, 0, 0, 0, 0",0,0,list2,"0, 0, 0, 0, 0",loopBonusSkillList,0,"0, 1, 2, 3, 20, 19, 17, 41, 42, 43, 44, 45, 46",此功法发挥$0$成威力时，敌人所有助战同道均会无法避免地受到同样的3倍直接伤害，且根据敌人因外伤受到的伤势与重创标记的数量，获得3倍层数的此效果：此效果的层数会抵消敌人对运用者造成的直接外伤标记、失神标记、重创标记,此功法发挥$0$成威力时，敌人所有助战同道均会无法避免地受到同样的3倍直接伤害，且根据敌人因内伤受到的伤势与重创标记的数量，获得3倍层数的此效果：此效果的层数会抵消敌人对运用者造成的直接内伤标记、失神标记、重创标记
649,败魔八枪,8,“血洒吾土，神镇吾疆；金狮入阵，沙场称王；功盖千古，败魔八枪”。相传此枪法乃六十四位忠勇大将历经千余载辗转流传创制，至神通大将初成。此枪法有千军万马之威，恢恢然能举天地之浩荡，昭昭然可御万古之凶狂，虽只八枪，烈勇无挡。,1,长兵,Invalid,3,6,0,793,true,true,41,属性0=180; 属性1=70; 属性89=500,1751,1752,5,8,8,false,"0, 1, 2, 3, 4, 5, 6",3,500,0,0,-1,-1,0,"0, 0, 0, 0",0,"0, 0, 0, 0","0, 0, 0, 0","外:0, 内:0","外:0, 内:0","外:0, 内:0",0,0,0,0,0,0,0,0,"0, 0, 0, 0, 0, 0",24000,4,0,100,0,15,1320,20,式3=2; 式4=2,0,0,624,-1,"80, 20, 1, 0, 0, 10, 10",220,"50, 30, 20, 0",false,true,"0, 0, 0, 0, 0, 0, 0, 0, 0, 0, 0, 0",50,-1,,0,0,0,"0, 0, 0, 0",36,0,36,-1,-1,false,-1,-1,-1,0,0,0,"0, 0, 0, 0",0,0,0,0,0,list,"180, 180, 0, 0, 0, 0, 0","0, 0, 0, 0, 0, 0, 0",160,0,list2,"0, 0, 0, 0, 0",loopBonusSkillList,0,"0, 1, 2, 3, 19, 17, 41, 42, 43, 44, 45, 46",开始施展此功法时，如果运用者有助战同道，运用者的命中、攻击均附加运用者的所有助战同道的命中、攻击，且此功法发挥$0$成威力时，如果运用者为主战者，运用者同道的所有助战指令结束冷却；如果运用者没有助战同道，此功法的攻击范围增加，且无法被化解，且此功法必然命中敌人要害,开始施展此功法时，如果敌人有助战同道，运用者的命中、攻击均附加敌人的所有助战同道的命中、攻击，且此功法发挥$0$成威力时，如果运用者为主战者，敌人同道的所有助战指令进入冷却；如果敌人没有助战同道，此功法的攻击范围增加，且无法被化解，且此功法必然命中敌人要害
650,降龙棍法,0,降龙棍法严谨稳重，动静分明，讲究：“敌不动，我不动，敌欲动，我先动”，运棍方圆并用，曲蟠低沉，望之好似蟠龙伏卧在地。,1,长兵,Invalid,1,9,3,794,true,false,36,属性0=40; 属性2=25; 属性3=35; 属性89=100; 属性56=60; 属性57=60; 属性60=60; 属性61=60,443,1169,1,8,0,false,"0, 1, 2, 3, 4, 5, 6",1,100,0,0,-1,-1,0,"0, 0, 0, 0",0,"0, 0, 0, 0","0, 0, 0, 0","外:0, 内:0","外:0, 内:0","外:0, 内:0",0,0,0,0,0,0,0,0,"0, 0, 0, 0, 0, 0",24000,4,0,60,0,20,320,15,式3=1; 式5=1,0,0,615,619,"20, 20, 1, 10, 10, 30, 30",60,"40, 30, 30, 0",false,false,"0, 0, 0, 0, 0, 0, 0, 0, 0, 0, 0, 0",50,-1,,0,0,0,"0, 0, 0, 0",36,0,36,-1,-1,false,-1,-1,-1,0,0,0,"0, 0, 0, 0",0,0,0,0,0,list,"0, 0, 0, 20, 20, 20, 20","0, 0, 0, 0, 0, 0, 0",0,0,list2,"0, 0, 0, 0, 0",loopBonusSkillList,0,"20, 19, 17, 41, 42, 43, 44, 45, 46",持续增加运用者所有长兵的解封进度；如果运用者使用的兵器为“降龙棍”，根据此功法发挥的成数，为运用者所有的兵器增加额外的解封进度，且额外增加“降龙棍”的解封进度；释放“降龙棍”的解封时，牺牲兵器的耐久或2个「机」式，为运用者所有的兵器增加额外的解封进度,持续增加运用者所有长兵的解封进度；根据此功法发挥的成数，为运用者所有的兵器增加额外的解封进度，如果运用者的膂力不低于75，效果加倍，且可在解封任意长兵时，大量牺牲兵器的耐久及3个任意可用的蓄式，为运用者所有的兵器增加额外的解封进度
651,扫霞棍法,1,扫霞棍法共有十四式，分别对应星相斗数之十四主星，棍招轻灵舒展，首重扫劈，棍影之中且隐隐泛出霞光，若以扫霞棍施为，其霞光更盛。,1,长兵,Invalid,1,9,5,795,true,false,37,属性0=30; 属性1=45; 属性5=40; 属性89=150; 属性56=90; 属性57=90; 属性60=90; 属性61=90,444,1170,1,7,1,false,"0, 1, 2, 3, 4, 5, 6",1,150,0,0,-1,-1,0,"0, 0, 0, 0",0,"0, 0, 0, 0","0, 0, 0, 0","外:0, 内:0","外:0, 内:0","外:0, 内:0",0,0,0,0,0,0,0,0,"0, 0, 0, 0, 0, 0",21000,4,0,60,40,20,200,20,式5=2,0,0,669,673,"0, 40, 1, 0, 0, 40, 40",100,"20, 30, 50, 0",false,true,"0, 0, 0, 0, 0, 0, 0, 0, 0, 0, 0, 0",50,-1,,0,0,0,"0, 0, 0, 0",36,0,36,-1,-1,false,-1,-1,-1,0,0,0,"0, 0, 0, 0",0,0,0,0,0,list,"0, 0, 0, 0, 0, 0, 0","0, 0, 0, 30, 30, 30, 30",0,0,list2,"0, 0, 0, 0, 0",loopBonusSkillList,0,"20, 19, 16, 41, 42, 43, 44, 45, 46",持续增加运用者所有长兵的解封进度；如果运用者使用的兵器为“扫霞棍”，根据此功法发挥的成数，损耗敌人的脚力，且额外增加“扫霞棍”的解封进度；释放“扫霞棍”的解封时，将一件运用者所装备的「护具」临时生铸为带有“烟霞神铸”特性的其它同材质、同类型的「护具」，若生铸的护具品级高于原护具，则需要牺牲3个精制物品，持续直到战斗结束或生铸的护具耐久耗尽,持续增加运用者所有长兵的解封进度；根据此功法发挥的成数，损耗敌人的脚力，如果运用者的灵敏不低于75，效果加倍，且可在解封任意长兵时，将一件运用者所装备的「护具」临时生铸为带有“烟霞神铸”特性的其它同材质、同类型的「护具」，若生铸的护具品级高于原护具，则需要牺牲6个精制物品，持续直到战斗结束或生铸的护具耐久耗尽
652,十方山河杖,2,十方山河杖气势雄迈，开阖极大，招式之起毕无不以杖首指天，杖尾指地，意为：顶天立地，十方尽在我杖间，十方尽归我所有。,1,长兵,Invalid,1,9,3,796,true,false,38,属性0=80; 属性2=50; 属性89=200; 属性56=120; 属性57=120; 属性60=120; 属性61=120,445,1171,2,7,2,false,"0, 1, 2, 3, 4, 5, 6",1,200,0,0,-1,-1,0,"0, 0, 0, 0",0,"0, 0, 0, 0","0, 0, 0, 0","外:0, 内:0","外:0, 内:0","外:0, 内:0",0,0,0,0,0,0,0,0,"0, 0, 0, 0, 0, 0",27000,4,0,60,30,20,400,20,式5=2,0,0,633,638,"60, 0, 1, 0, 0, 30, 30",90,"50, 40, 10, 0",false,false,"0, 0, 0, 0, 0, 0, 0, 0, 0, 0, 0, 0",50,-1,,0,0,0,"0, 0, 0, 0",36,0,36,-1,-1,false,-1,-1,-1,0,0,0,"0, 0, 0, 0",0,0,0,0,0,list,"0, 0, 0, 40, 40, 40, 40","0, 0, 0, 0, 0, 0, 0",0,0,list2,"0, 0, 0, 0, 0",loopBonusSkillList,0,"20, 19, 17, 41, 42, 43, 44, 45, 46",持续增加运用者所有长兵的解封进度；如果运用者使用的兵器为“震岳山河杖”，此功法的攻击范围增加4，且根据此功法发挥的成数，额外增加“震岳山河杖”的解封进度；释放“震岳山河杖”的解封时，将一件运用者所装备的「长兵」临时生铸为带有“山河神解”特性的其它同材质、同类型的「长兵」，若生铸的兵器品级高于原兵器，则需要牺牲3个精制物品，持续直到战斗结束或生铸的兵器耐久耗尽,持续增加运用者所有长兵的解封进度；此功法的攻击范围增加2，如果运用者的体质不低于75，效果加倍，且可在解封任意长兵时，将一件运用者所装备的「长兵」临时生铸为带有“山河神解”特性的其它同材质、同类型的「长兵」，若生铸的兵器品级高于原兵器，则需要牺牲6个精制物品，持续直到战斗结束或生铸的兵器耐久耗尽
653,鬼头棒法,3,鬼头棒法诡秘、刚猛并重，虚引、实击共存，每式皆可由退改进，由进转退，即便击中敌身，亦可将劲力在虚实之间瞬间调转，令人难以预料。,1,长兵,Invalid,2,9,3,797,true,false,39,属性0=45; 属性1=40; 属性5=60; 属性89=250; 属性56=150; 属性57=150; 属性60=150; 属性61=150,446,1172,2,7,3,false,"0, 1, 2, 3, 4, 5, 6",2,250,0,0,-1,-1,0,"0, 0, 0, 0",0,"0, 0, 0, 0","0, 0, 0, 0","外:0, 内:0","外:0, 内:0","外:0, 内:0",0,0,0,0,0,0,0,0,"0, 0, 0, 0, 0, 0",24000,4,0,80,0,20,480,15,式5=3,0,0,687,692,"0, 80, 1, 0, 0, 20, 20",100,"20, 30, 50, 0",false,true,"0, 0, 0, 0, 0, 0, 0, 0, 0, 0, 0, 0",50,-1,,0,0,0,"0, 0, 0, 0",36,0,36,-1,-1,false,-1,-1,-1,0,0,0,"0, 0, 0, 0",0,0,0,0,0,list,"0, 0, 0, 50, 50, 50, 50","0, 0, 0, 0, 0, 0, 0",0,0,list2,"0, 0, 0, 0, 0",loopBonusSkillList,0,"20, 19, 17, 41, 42, 43, 44, 45, 46",持续增加运用者所有长兵的解封进度；如果运用者使用的兵器为“青眼鬼头棒”，根据此功法发挥的成数，为运用者所有的兵器增加额外的解封进度，且额外增加“青眼鬼头棒”的解封进度；释放“青眼鬼头棒”的解封时，将一件运用者所装备的「宝物」临时生铸为带有“鬼眼灵琢”特性的其它同材质、同类型的「宝物」，若生铸的宝物品级高于原宝物，则需要牺牲3个精制物品，持续直到战斗结束或生铸的宝物耐久耗尽,持续增加运用者所有长兵的解封进度；根据此功法发挥的成数，为运用者所有的兵器增加额外的解封进度，如果运用者的灵敏、悟性均不低于65，效果加倍，且可在解封任意长兵时，将一件运用者所装备的「宝物」临时生铸为带有“鬼眼灵琢”特性的其它同材质、同类型的「宝物」，若生铸的宝物品级高于原宝物，则需要牺牲6个精制物品，持续直到战斗结束或生铸的宝物耐久耗尽
654,金睛玄虎棒法,4,金睛玄虎棒法厚重而不失迅捷，刚勇而不失巧妙，障眼法极多，若能以宝石杖施为，更能施展出无数耀眼生花之制敌奇技。,1,长兵,Invalid,2,9,3,798,true,false,40,属性0=60; 属性1=55; 属性5=45; 属性89=300; 属性56=180; 属性57=180; 属性60=180; 属性61=180,447,1173,3,8,4,false,"0, 1, 2, 3, 4, 5, 6",2,300,0,0,-1,-1,0,"0, 0, 0, 0",0,"0, 0, 0, 0","0, 0, 0, 0","外:0, 内:0","外:0, 内:0","外:0, 内:0",0,0,0,0,0,0,0,0,"0, 0, 0, 0, 0, 0",21000,4,0,80,0,20,560,20,式4=2; 式5=1,0,0,651,656,"40, 40, 10, 10, 10, 10, 10",120,"30, 30, 40, 0",false,true,"0, 0, 0, 0, 0, 0, 0, 0, 0, 0, 0, 0",50,-1,,0,0,0,"0, 0, 0, 0",36,0,36,-1,-1,false,-1,-1,-1,0,0,0,"0, 0, 0, 0",0,0,0,0,0,list,"0, 0, 0, 70, 70, 70, 70","0, 0, 0, 0, 0, 0, 0",0,0,list2,"0, 0, 0, 0, 0",loopBonusSkillList,0,"20, 19, 17, 41, 42, 43, 44, 45, 46",持续增加运用者所有长兵的解封进度；如果运用者使用的兵器为“金睛玄虎棒”，此功法击中敌人的几率大幅提高，且根据此功法发挥的成数，额外增加“金晴玄虎棒”的解封进度；释放“金睛玄虎棒”的解封时，将一件运用者所装备的「刀」临时生铸为带有“玄虎神解”特性的其它同材质、同类型的「刀」，若生铸的兵器品级高于原兵器，则需要牺牲3个精制物品，持续直到战斗结束或生铸的兵器耐久耗尽,持续增加运用者所有长兵的解封进度；此功法击中敌人的几率大幅提高，如果运用者的膂力、定力均不低于65，效果加倍，且可在解封任意长兵时，将一件运用者所装备的「刀」临时生铸为带有“玄虎神解”特性的其它同材质、同类型的「刀」，若生铸的兵器品级高于原兵器，则需要牺牲6个精制物品，持续直到战斗结束或生铸的兵器耐久耗尽
655,蓬莱仙尺,5,蓬莱仙尺招式精奇，共有九九八十一式，每式且有九种不同的变化，施展开来似有若无，来去无踪，可谓无懈可击，难挡难防。,1,长兵,Invalid,2,9,3,799,true,false,41,属性0=30; 属性1=60; 属性2=30; 属性5=55; 属性89=350; 属性56=210; 属性57=210; 属性60=210; 属性61=210,448,1174,3,7,5,false,"0, 1, 2, 3, 4, 5, 6",2,350,0,0,-1,-1,0,"0, 0, 0, 0",0,"0, 0, 0, 0","0, 0, 0, 0","外:0, 内:0","外:0, 内:0","外:0, 内:0",0,0,0,0,0,0,0,0,"0, 0, 0, 0, 0, 0",27000,4,0,80,40,20,520,15,式5=3,0,0,660,666,"0, 60, 1, 20, 20, 10, 10",180,"20, 50, 30, 0",false,false,"0, 0, 0, 0, 0, 0, 0, 0, 0, 0, 0, 0",50,-1,,0,0,0,"0, 0, 0, 0",36,0,36,-1,-1,false,-1,-1,-1,0,0,0,"0, 0, 0, 0",0,0,0,0,0,list,"0, 0, 0, 0, 0, 0, 0","0, 0, 0, 90, 90, 90, 90",0,0,list2,"0, 0, 0, 0, 0",loopBonusSkillList,0,"20, 19, 16, 41, 42, 43, 44, 45, 46",持续增加运用者所有长兵的解封进度；如果运用者使用的兵器为“蓬莱尺”，运用者施展此功法的提气、架势消耗降低50%，且根据此功法发挥的成数，额外增加“蓬莱尺”的解封进度；释放“蓬莱尺”的解封时，将一件运用者所装备的「剑」临时生铸为带有“仙元神解”特性的其它同材质、同类型的「剑」，若生铸的兵器品级高于原兵器，则需要牺牲3个精制物品，持续直到战斗结束或生铸的兵器耐久耗尽,持续增加运用者所有长兵的解封进度；运用者施展此功法的提气、架势消耗降低25%，如果运用者的根骨、悟性均不低于65，效果加倍，且可在解封任意长兵时，将一件运用者所装备的「剑」临时生铸为带有“仙元神解”特性的其它同材质、同类型的「剑」，若生铸的兵器品级高于原兵器，则需要牺牲6个精制物品，持续直到战斗结束或生铸的兵器耐久耗尽
656,架海神杖,6,正所谓：“擎天白玉柱，架海紫金梁”。架海神杖神勇无比，力大无穷，以之运使千斤重杖，如臂使指，举重若轻，其运劲法门无比独特，世间罕有。,1,长兵,Invalid,3,9,3,800,true,false,42,属性0=120; 属性3=70; 属性89=400; 属性56=240; 属性57=240; 属性60=240; 属性61=240,449,1175,4,8,6,false,"0, 1, 2, 3, 4, 5, 6",3,400,0,0,-1,-1,0,"0, 0, 0, 0",0,"0, 0, 0, 0","0, 0, 0, 0","外:0, 内:0","外:0, 内:0","外:0, 内:0",0,0,0,0,0,0,0,0,"0, 0, 0, 0, 0, 0",33000,4,0,100,0,20,880,20,式3=2; 式5=2,0,0,633,640,"60, 60, 1, 0, 0, 0, 0",170,"60, 30, 10, 0",false,false,"0, 0, 0, 0, 0, 0, 0, 0, 0, 0, 0, 0",50,-1,,0,0,0,"0, 0, 0, 0",36,0,36,-1,-1,false,-1,-1,-1,0,0,0,"0, 0, 0, 0",0,0,0,0,0,list,"0, 0, 0, 110, 110, 110, 110","0, 0, 0, 0, 0, 0, 0",0,0,list2,"0, 0, 0, 0, 0",loopBonusSkillList,0,"20, 19, 17, 41, 42, 43, 44, 45, 46",持续增加运用者所有长兵的解封进度；如果运用者使用的兵器为“架海神杖”，根据此功法发挥的成数，为运用者所有的兵器增加额外的解封进度，且额外增加“架海神杖”的解封进度；释放“架海神杖”的解封时，修复运用者在本次战斗中所有装备损失的的部分耐久，且随机为敌人的1个兵器或护具施加临时的“架海残铸”特性,持续增加运用者所有长兵的解封进度；根据此功法发挥的成数，为运用者所有的兵器增加额外的解封进度，如果运用者的体质、根骨、定力均不低于55，效果加倍，且可在解封任意长兵时，修复运用者在本次战斗中所有装备损失的的部分耐久，且随机为敌人的1个兵器或护具施加临时的“架海残铸”特性
657,浑元铁棒法,7,浑元铁棒法脱胎于铸剑山庄之锻铁神技，不仅威猛雄强，而且精奥奇妙，运杖环环相扣，循环无端，杖力非柔非刚，阴阳二气并有，浑元如一。,1,长兵,Invalid,3,9,3,801,true,true,43,属性0=100; 属性1=45; 属性5=60; 属性89=450; 属性56=270; 属性57=270; 属性60=270; 属性61=270,450,1176,4,8,7,false,"0, 1, 2, 3, 4, 5, 6",3,450,0,0,-1,-1,0,"0, 0, 0, 0",0,"0, 0, 0, 0","0, 0, 0, 0","外:0, 内:0","外:0, 内:0","外:0, 内:0",0,0,0,0,0,0,0,0,"0, 0, 0, 0, 0, 0",27000,4,0,100,30,20,960,15,式3=3; 式5=1,0,0,615,623,"30, 30, 1, 15, 15, 15, 15",220,"50, 30, 20, 0",false,false,"0, 0, 0, 0, 0, 0, 0, 0, 0, 0, 0, 0",50,-1,,0,0,0,"0, 0, 0, 0",36,0,36,-1,-1,false,-1,-1,-1,0,0,0,"0, 0, 0, 0",0,0,0,0,0,list,"0, 0, 0, 140, 140, 140, 140","0, 0, 0, 0, 0, 0, 0",0,0,list2,"0, 0, 0, 0, 0",loopBonusSkillList,0,"20, 19, 17, 41, 42, 43, 44, 45, 46",持续增加运用者所有长兵的解封进度；如果运用者使用的兵器为“浑元玄铁棒”，根据此功法发挥的成数，对敌人造成额外的重创伤害，且额外增加“浑元玄铁棒”的解封进度；释放“浑元玄铁棒”的解封时，将一件运用者所装备的「护具」临时生铸为带有“浑元神铸”特性的其它同材质、同类型的「护具」，若生铸的护具品级高于原护具，则需要牺牲3个精制物品，持续直到战斗结束或生铸的护具耐久耗尽,持续增加运用者所有长兵的解封进度；根据此功法发挥的成数，对敌人造成额外的重创伤害，如果运用者的膂力、灵敏、体质、根骨、定力、悟性均不低于45，效果加倍，且可在解封任意长兵时，将一件运用者所装备的「护具」临时生铸为带有“浑元神铸”特性的其它同材质、同类型的「护具」，若生铸的护具品级高于原护具，则需要牺牲6个精制物品，持续直到战斗结束或生铸的护具耐久耗尽
658,五行刺,0,五行刺轻快迅速，灵活巧妙，左右双刺可分含不同的五行生克变化，左右互为相克则双刺变幻难料；左右互为相生则双刺锋芒陡长。,1,奇门,Invalid,1,2,5,802,true,false,47,属性1=65; 属性2=35; 属性90=100; 属性62=80; 属性63=80,642,1368,1,7,0,false,"0, 1, 3, 4, 5, 6",1,100,0,0,-1,-1,0,"0, 0, 0, 0",0,"0, 0, 0, 0","0, 0, 0, 0","外:0, 内:0","外:0, 内:0","外:0, 内:0",0,0,0,0,0,0,0,0,"0, 0, 0, 0, 0, 0",15000,4,0,60,40,25,240,10,式4=2,0,0,147,-1,"0, 50, 1, 25, 25, 10, 10",50,"10, 40, 50, 0",true,false,"0, 0, 0, 0, 0, 0, 0, 0, 0, 0, 0, 0",50,-1,,0,0,0,"0, 0, 0, 0",36,0,36,-1,-1,false,-1,-1,-1,0,0,0,"0, 0, 0, 0",0,0,0,0,0,list,"0, 0, 0, 10, 10, 0, 0","0, 0, 0, 10, 10, 0, 0",0,0,list2,"0, 0, 0, 0, 0",loopBonusSkillList,0,"20, 19, 41, 42, 43, 44, 45, 46",根据此功法发挥的成数，增加运用者所有「轻灵」功法的威力上限，持续直到战斗结束,根据此功法发挥的威力成数，极短时间封禁敌人的1个「轻灵」功法
659,失魂刺,1,有道是：“见之似好妇，夺之似惧虎”。失魂刺招式隐蔽，极难察觉，行止间看似柔弱无力，实则反击之势异常迅疾，敌人难免猝不及防，惊惶而失魂。,1,奇门,Invalid,1,2,1,803,true,false,48,属性1=85; 属性5=30; 属性90=150; 属性62=120; 属性63=120,643,1369,1,8,1,false,"0, 1, 3, 4, 5, 6",1,150,0,0,-1,-1,0,"0, 0, 0, 0",0,"0, 0, 0, 0","0, 0, 0, 0","外:0, 内:0","外:0, 内:0","外:0, 内:0",0,0,0,0,0,0,0,0,"0, 0, 0, 0, 0, 0",15000,4,0,60,30,25,320,10,式4=2,0,0,147,-1,"0, 60, 1, 20, 20, 10, 10",40,"10, 30, 60, 0",false,true,"0, 0, 0, 0, 0, 0, 0, 0, 0, 0, 0, 0",50,-1,,0,0,0,"0, 0, 0, 0",36,0,36,-1,-1,false,-1,-1,-1,0,0,0,"0, 0, 0, 0",0,0,0,0,0,list,"0, 0, 0, 15, 15, 0, 0","0, 0, 0, 15, 15, 0, 0",0,0,list2,"0, 0, 0, 0, 0",loopBonusSkillList,0,"20, 19, 41, 42, 43, 44, 45, 46",此功法发挥$0$成威力后，运用者获得10层此效果：运用者反击敌人时的命中率大幅提高,此功法发挥$0$成威力后，运用者获得10层此效果：敌人反击运用者时的命中率大幅降低
660,美人刺,2,美人刺轻灵柔活，曼妙多姿，静如处女，动若脱兔，出手即让以避其锐气，敌收即随以击其惰归，始终不骄不躁，若即若离。,1,奇门,Invalid,1,2,1,804,true,false,49,属性1=70; 属性2=25; 属性5=35; 属性90=200; 属性62=160; 属性63=160,644,1370,2,8,2,false,"0, 1, 3, 4, 5, 6",1,200,0,0,-1,-1,0,"0, 0, 0, 0",0,"0, 0, 0, 0","0, 0, 0, 0","外:0, 内:0","外:0, 内:0","外:0, 内:0",0,0,0,0,0,0,0,0,"0, 0, 0, 0, 0, 0",15000,4,0,60,50,25,240,10,式4=2,0,0,147,-1,"0, 40, 10, 30, 30, 10, 10",90,"10, 40, 50, 0",true,false,"0, 0, 0, 0, 0, 0, 0, 0, 0, 0, 0, 0",50,-1,,0,0,0,"0, 0, 0, 0",36,0,36,-1,-1,false,-1,-1,-1,0,0,0,"0, 0, 0, 0",0,0,0,0,0,,"0, 0, 0, 20, 20, 0, 0","0, 0, 0, 20, 20, 0, 0",0,0,,"0, 0, 0, 0, 0",,0,"20, 19, 41, 42, 43, 44, 45, 46",此功法发挥$0$成威力时，如果敌我之间的距离小于敌人的最大攻击距离，运用者立即无消耗后退至敌人的最大攻击距离,此功法发挥$0$成威力时，如果敌我之间的距离大于敌人的最小攻击距离，运用者立即无消耗前进至敌人的最小攻击距离
661,灵蛇刺,3,“毒似两头蛇，狠如双尾蝎”。灵蛇刺快如闪电，迅比流星，乃是专攻敌人膝、趺、趾、踵的奇门刺法，双锥青芒时时入地，婉如灵蛇刻刻盘旋。,1,奇门,Invalid,2,2,1,805,true,false,50,属性1=145; 属性90=250; 属性62=200; 属性63=200,645,1371,2,7,3,false,"0, 1, 3, 4, 5, 6",2,250,0,0,-1,-1,0,"0, 0, 0, 0",0,"0, 0, 0, 0","0, 0, 0, 0","外:0, 内:0","外:0, 内:0","外:0, 内:0",0,0,0,0,0,0,0,0,"0, 0, 0, 0, 0, 0",15000,4,0,80,60,25,360,10,式4=3,0,0,147,-1,"0, 0, 1, 0, 0, 60, 60",90,"10, 40, 50, 0",true,false,"0, 0, 0, 0, 0, 0, 0, 0, 0, 0, 0, 0",50,-1,,0,0,0,"0, 0, 0, 0",36,0,36,-1,-1,false,-1,-1,-1,0,0,0,"0, 0, 0, 0",0,0,0,0,0,,"0, 0, 0, 0, 0, 0, 0","0, 0, 0, 50, 50, 0, 0",0,0,,"0, 0, 0, 0, 0",,0,"20, 19, 16, 41, 42, 43, 44, 45, 46",开始施展此功法时，运用者未消耗的灵敏越多，此功法的威力就提高越多,开始施展此功法时，运用者已消耗的灵敏越多，此功法的威力就提高越多
662,化影刺,4,化影刺难躲难让，从无捉摸，快如电光火石，尤擅藏形化影，正所谓：“以彼之有形当我之无形，彼何功可施，我何式可寻”。,1,奇门,Invalid,2,2,5,806,true,false,51,属性1=75; 属性2=45; 属性5=40; 属性90=300; 属性62=240; 属性63=240,646,1372,3,0,4,true,"0, 1, 3, 4, 5, 6",2,300,0,0,-1,-1,0,"0, 0, 0, 0",0,"0, 0, 0, 0","0, 0, 0, 0","外:0, 内:0","外:0, 内:0","外:0, 内:0",0,0,0,0,0,0,0,0,"0, 0, 0, 0, 0, 0",15000,4,0,80,70,25,320,10,式4=3,0,0,147,-1,"0, 60, 1, 10, 10, 20, 20",140,"10, 30, 60, 0",false,true,"0, 0, 0, 0, 0, 0, 0, 0, 0, 0, 0, 0",50,-1,,0,0,0,"0, 0, 0, 0",36,0,36,-1,-1,false,-1,-1,-1,0,0,0,"0, 0, 0, 0",0,0,0,0,0,list,"0, 0, 0, 0, 0, 0, 0","0, 0, 0, 70, 70, 0, 0",0,0,list2,"0, 0, 0, 0, 0",loopBonusSkillList,0,"20, 19, 16, 41, 42, 43, 44, 45, 46",此功法发挥$0$成威力时，如果敌人的「轻灵」真气不低于初始值，使敌人失去30点「轻灵」真气，否则失去10点,此功法发挥$0$成威力时，如果敌人的「轻灵」真气不低于初始值，运用者自敌人体内吸取15点「轻灵」真气，否则吸取5点
663,定慧神针,5,定慧神针乃峨眉派僧门之绝技，所谓“定慧”，乃是“由摈弃杂思而入定，由入定而生妙乐，由妙乐而生智慧，终于舍念清静，再无阻碍”之意。,1,奇门,Invalid,2,2,5,807,true,false,52,属性1=50; 属性2=55; 属性5=70; 属性90=350; 属性62=280; 属性63=280,647,1373,3,0,5,true,"0, 1, 3, 4, 5, 6",2,350,0,0,-1,-1,0,"0, 0, 0, 0",0,"0, 0, 0, 0","0, 0, 0, 0","外:0, 内:0","外:0, 内:0","外:0, 内:0",0,0,0,0,0,0,0,0,"0, 0, 0, 0, 0, 0",15000,4,0,80,70,25,440,10,式4=3,0,0,147,-1,"0, 0, 10, 0, 0, 0, 0",160,"10, 30, 60, 0",true,false,"0, 0, 0, 0, 0, 0, 0, 0, 0, 0, 0, 0",50,-1,,0,0,0,"0, 0, 0, 0",36,0,36,-1,-1,false,-1,-1,-1,0,0,0,"0, 0, 0, 0",0,0,0,0,0,list,"0, 0, 0, 0, 0, 0, 0","0, 0, 0, 90, 90, 0, 0",0,0,list2,"0, 0, 0, 0, 0",loopBonusSkillList,0,"20, 19, 16, 41, 42, 43, 44, 45, 46",此功法发挥$0$成威力时，敌人失去对本场战斗的所有记忆，敌人失去的记忆中，所有属于运用者的「摧破」功法的威力大幅增加，持续直到战斗结束,此功法发挥$0$成威力时，敌人失去对本场战斗的所有记忆，敌人失去的记忆中，所有属于敌人的「摧破」功法的威力大幅减少，持续直到战斗结束
664,玉女刺,6,玉女刺高姿飘然，迷离无形，人不见其所攻，亦不见其所守，未见其攻其已攻，未见其守其已守，来无影，去无踪，如鬼魅，似灵梭。,1,奇门,Invalid,3,2,1,808,true,true,53,属性1=125; 属性5=65; 属性90=400; 属性62=320; 属性63=320,648,1374,4,8,6,true,"0, 1, 3, 4, 5, 6",3,400,0,0,-1,-1,0,"0, 0, 0, 0",0,"0, 0, 0, 0","0, 0, 0, 0","外:0, 内:0","外:0, 内:0","外:0, 内:0",0,0,0,0,0,0,0,0,"0, 0, 0, 0, 0, 0",18000,4,0,100,40,25,800,10,式4=4,0,0,147,-1,"10, 10, 1, 35, 35, 15, 15",140,"10, 30, 60, 0",false,false,"0, 0, 0, 0, 0, 0, 0, 0, 0, 0, 0, 0",50,-1,,0,0,0,"0, 0, 0, 0",36,0,36,-1,-1,false,-1,-1,-1,0,0,0,"0, 0, 0, 0",0,0,0,0,0,list,"0, 0, 0, 55, 55, 0, 0","0, 0, 0, 55, 55, 0, 0",0,0,list2,"0, 0, 0, 0, 0",loopBonusSkillList,0,"20, 19, 41, 42, 43, 44, 45, 46",此功法发挥$0$成威力后，运用者获得3层此效果：每当运用者反击敌人时，运用者获得1个随机可用的式，如果运用者反击敌人成功，运用者立即无消耗施展此功法攻击敌人，且此功法威力大幅提高，以此效果施展的此功法不会获得摧破效果层数,此功法发挥$0$成威力后，运用者获得3层此效果：每当敌人反击运用者时，运用者获得1个随机可用的式，如果敌人反击运用者失败，运用者立即无消耗施展此功法攻击敌人，且此功法威力大幅提高，以此效果施展的此功法不会获得摧破效果层数
665,金顶仙针,7,金顶仙针乃是以浑元内气所发，讲究：“有欲观窍，无欲观妙，一念欲动处，天地未形时”，其力无形无相，其法无欠无余。,1,奇门,Invalid,3,2,5,809,true,true,54,属性1=90; 属性2=65; 属性5=50; 属性90=450; 属性62=360; 属性63=360,649,1375,4,1,7,true,"0, 1, 3, 4, 5, 6",3,450,0,0,-1,-1,0,"0, 0, 0, 0",0,"0, 0, 0, 0","0, 0, 0, 0","外:0, 内:0","外:0, 内:0","外:0, 内:0",0,0,0,0,0,0,0,0,"0, 0, 0, 0, 0, 0",15000,4,0,100,70,25,760,15,式4=4,0,0,147,-1,"40, 40, 10, 20, 20, 0, 0",220,"0, 40, 60, 0",true,false,"0, 0, 0, 0, 0, 0, 0, 0, 0, 0, 0, 0",50,-1,,0,0,0,"0, 0, 0, 0",36,0,36,-1,-1,false,-1,-1,-1,0,0,0,"0, 0, 0, 0",0,0,0,0,0,list,"0, 0, 0, 70, 70, 0, 0","0, 0, 0, 70, 70, 0, 0",0,0,list2,"0, 0, 0, 0, 0",loopBonusSkillList,0,"20, 19, 41, 42, 43, 44, 45, 46",此功法发挥$0$成威力后，如果运用者至少拥有2个「刺」式，运用者就会仅消耗2个「刺」式，从施展进度50%开始立即再次施展此功法攻击敌人，以此方式施展此功法时，此功法的威力小幅累积提高，持续直到运用者无法再连续施展出此功法，且此功法会由正练转变为逆练,开始施展此功法时，将运用者所有可用的式变化为「刺」式，变化的「刺」式越多，此功法的威力就提高越多；此功法施展结束后，会由逆练转变为正练
666,跌打梅山咒,0,跌打梅山咒虽名为“咒法”，却非江湖术士之邪异法术，乃是驱使内劲传自敌人足下而令其跌倒受伤的独门秘传之技。,1,奇门,Curse,1,7,1,810,true,false,40,属性4=50; 属性5=50; 属性90=100; 属性54=80; 属性65=80,389,1115,1,0,0,true,2,1,100,0,0,-1,-1,0,"0, 0, 0, 0",0,"0, 0, 0, 0","0, 0, 0, 0","外:0, 内:0","外:0, 内:0","外:0, 内:0",0,0,0,0,0,0,0,0,"0, 0, 0, 0, 0, 0",24000,"0, 5",0,60,100,15,0,20,式11=2,1,0,48,-1,"0, 0, 1, 0, 0, 0, 0",150,"0, 0, 0, 100",false,false,"0, 0, 0, 0, 0, 0, 0, 0, 0, 0, 0, 0",50,-1,,0,0,0,"0, 0, 0, 0",36,0,36,-1,-1,false,-1,-1,-1,0,0,0,"0, 0, 0, 0",0,0,0,0,0,list,"0, 0, 0, 0, 0, 0, 0","0, 0, 0, 0, 0, 0, 0",0,10,list2,"0, 0, 0, 0, 0",loopBonusSkillList,0,"20, 16, 17, 41, 42, 43, 44, 45, 46",此符咒发挥$0$成威力时，大幅损耗敌人的脚力,此符咒发挥$0$成威力时，大幅恢复运用者的脚力
667,定身法,1,定身法能以极猛烈之心念内气冲击敌人，中者若定力不足，极易陷入身体麻痹，失措神离之状态，仿佛遭到法术定身一般。,1,奇门,Curse,1,7,1,811,true,true,41,属性2=30; 属性4=55; 属性5=30; 属性90=150; 属性54=120; 属性65=120,390,1116,1,3,1,true,2,1,150,0,0,-1,-1,0,"0, 0, 0, 0",0,"0, 0, 0, 0","0, 0, 0, 0","外:0, 内:0","外:0, 内:0","外:0, 内:0",0,0,0,0,0,0,0,0,"0, 0, 0, 0, 0, 0",18000,"0, 3",0,60,100,15,0,15,式11=2,1,0,48,-1,"0, 0, 1, 0, 0, 0, 0",90,"0, 0, 0, 100",false,false,"0, 0, 0, 0, 0, 0, 0, 0, 0, 0, 0, 0",50,-1,,0,0,0,"0, 0, 0, 0",36,0,36,-1,-1,false,-1,-1,-1,0,0,0,"0, 0, 0, 0",0,0,0,0,0,list,"0, 0, 0, 0, 0, 0, 0","0, 0, 0, 0, 0, 0, 0",0,20,list2,"0, 0, 0, 0, 0",loopBonusSkillList,0,"20, 16, 17, 41, 42, 43, 44, 45, 46",此符咒发挥$0$成威力时，使敌人的1个未被永久封禁的「摧破」功法被极短时间「封禁」；被「封禁」的功法的伤害降低，持续直到敌人施展完此功法；此符咒施展结束后，被此符咒封禁的功法未被解除封禁前，此符咒的大幅威力提高,此符咒发挥$0$成威力时，使敌人的2个未被永久封禁的「摧破」功法被短时间「封禁」；被「封禁」的功法的伤害降低，持续直到敌人施展完此功法；此符咒施展结束后，将不可避免地被长时间「封禁」
668,惊鬼符,2,惊鬼符可降妖镇鬼，且能发出极古怪之内劲，此内劲虽于敌身无害，但诡异非常，无比骇人，有道是“惊则气乱”，中者不免气冲颅脑而亡。,1,奇门,Curse,1,7,1,812,true,true,42,属性1=35; 属性4=60; 属性5=35; 属性90=200; 属性54=160; 属性65=160,391,1117,2,3,2,true,2,1,200,0,0,-1,-1,0,"0, 0, 0, 0",0,"0, 0, 0, 0","0, 0, 0, 0","外:0, 内:0","外:0, 内:0","外:0, 内:0",0,0,0,0,0,0,0,0,"0, 0, 0, 0, 0, 0",21000,"0, 2",0,60,100,15,0,20,式11=2,1,0,48,-1,"0, 0, 1, 0, 0, 0, 0",120,"0, 0, 0, 100",false,false,"0, 0, 0, 0, 0, 0, 0, 0, 0, 0, 0, 0",50,-1,,0,0,0,"0, 0, 0, 0",36,0,36,-1,-1,false,-1,-1,-1,0,0,0,"0, 0, 0, 0",0,0,0,0,0,list,"0, 0, 0, 0, 0, 0, 0","0, 0, 0, 0, 0, 0, 0",0,30,list2,"0, 0, 0, 0, 0",loopBonusSkillList,0,"20, 16, 17, 41, 42, 43, 44, 45, 46",此符咒发挥$0$成威力时：如果敌人可以逃跑，运用者的冷静、聪颖、热情、勇壮、坚毅赋性总和越高，敌人就有越高的几率立即在原地开始逃跑，且该次逃跑无法主动中断；如果敌人无法逃跑，且敌人对此符咒没有记忆时，运用者的冷静、聪颖、热情、勇壮、坚毅赋性总和越高，就给敌人添加越多的「无」式,此符咒发挥$0$成威力时：如果敌人可以逃跑，运用者的冷静、聪颖、热情、勇壮、坚毅赋性总和越高，敌人就有越高的几率立即在原地开始逃跑，且该次逃跑无法主动中断；如果敌人无法逃跑，且敌人对此符咒没有记忆时，运用者的冷静、聪颖、热情、勇壮、坚毅赋性总和越高，就根据此功法的威力对敌人施加越多的失神伤害
669,五雷招来咒,3,“五雷三千将，雷流八蛮兵，火光烧世界，邪魔化灰尘”。五雷招来咒乃是聚真气于手、足、心口，迸发电光与强力而摧灭敌人之奇术。,1,奇门,Curse,2,7,1,813,true,true,43,属性2=40; 属性4=65; 属性5=40; 属性90=250; 属性54=200; 属性65=200,392,1118,2,1,3,true,"0, 1, 2, 3, 4",2,250,0,0,-1,-1,0,"0, 0, 0, 0",0,"0, 0, 0, 0","0, 0, 0, 0","外:0, 内:0","外:0, 内:0","外:0, 内:0",0,0,0,0,0,0,0,0,"0, 0, 0, 0, 0, 0",36000,"0, 3",0,80,100,15,0,20,式11=3,2,0,48,-1,"0, 0, 1, 0, 0, 0, 0",440,"0, 0, 0, 100",false,false,"0, 0, 0, 0, 0, 0, 0, 0, 0, 0, 0, 0",50,-1,,0,0,0,"0, 0, 0, 0",36,0,36,-1,-1,false,-1,-1,-1,0,0,0,"0, 0, 0, 0",0,0,0,0,0,list,"0, 0, 0, 0, 0, 0, 0","0, 0, 0, 0, 0, 0, 0",0,40,list2,"0, 0, 0, 0, 0",loopBonusSkillList,0,"20, 16, 17, 41, 42, 43, 44, 45, 46",此符咒发挥$0$成威力时，若敌人装备的每类武器、护具、宝物中有金铁材质，每具有一类就根据此功法的威力对敌人随机身体部位施加重创伤害,此符咒发挥$0$成威力时，若运用者装备的每类武器、护具、宝物中有金铁材质，每具有一类就根据此功法的威力对敌人随机身体部位施加失神伤害
670,九字真言咒,4,九字真言咒乃然山派之破敌秘法，亦称“六甲秘祝”，祝曰：“临兵斗者，皆阵列前行”，此九字秘祝真力，玄奥无比，无所不辟。,1,奇门,Curse,2,7,5,814,true,true,44,属性4=70; 属性5=90; 属性90=300; 属性54=240; 属性65=240,393,1119,3,3,4,true,2,2,300,0,0,-1,-1,0,"0, 0, 0, 0",0,"0, 0, 0, 0","0, 0, 0, 0","外:0, 内:0","外:0, 内:0","外:0, 内:0",0,0,0,0,0,0,0,0,"0, 0, 0, 0, 0, 0",27000,0,0,80,100,15,0,15,式11=3,2,0,48,-1,"0, 0, 1, 0, 0, 0, 0",280,"0, 0, 0, 100",false,false,"0, 0, 0, 0, 0, 0, 0, 0, 0, 0, 0, 0",50,-1,,0,0,0,"0, 0, 0, 0",36,0,36,-1,-1,false,-1,-1,-1,0,0,0,"0, 0, 0, 0",0,0,0,0,0,list,"0, 0, 0, 0, 0, 0, 0","0, 0, 0, 0, 0, 0, 0",0,50,list2,"0, 0, 0, 0, 0",loopBonusSkillList,0,"20, 16, 17, 41, 42, 43, 44, 45, 46",此符咒发挥$0$成威力后，运用者获得9层此效果：敌人被封禁的「摧破」功法越多，运用者以摧破功法对敌人造成的直接外伤、直接内伤就提高越多；敌人被封禁的「轻灵」功法越多，运用者以摧破功法对敌人造成的直接重创伤害就提高越多；敌人被封禁的「护体」功法越多，运用者以摧破功法对敌人造成的失神伤害就提高越多,此符咒发挥$0$成威力后，运用者获得9层此效果：敌人被封禁的「摧破」功法越多，敌人以摧破功法对运用者造成的直接外伤、直接内伤就降低越多；敌人被封禁的「轻灵」功法越多，敌人以摧破功法对运用者造成的直接重创伤害就降低越多；敌人被封禁的「护体」功法越多，敌人以摧破功法对运用者造成的失神伤害就降低越多
671,木公咒,5,所谓“木公”，乃“东王公”也。木公咒神通广大，由先天东华之气所化，能缚一切妖邪魔异，中此咒者，身不能动，口不能言，意不能转，神不能变。,1,奇门,Curse,2,7,1,815,true,true,45,属性2=50; 属性4=80; 属性5=45; 属性90=350; 属性54=280; 属性65=280,394,1120,3,0,5,true,2,2,350,0,0,-1,-1,0,"0, 0, 0, 0",0,"0, 0, 0, 0","0, 0, 0, 0","外:0, 内:0","外:0, 内:0","外:0, 内:0",0,0,0,0,0,0,0,0,"0, 0, 0, 0, 0, 0",30000,"0, 5",0,80,100,15,0,15,式11=3,2,0,48,-1,"0, 0, 1, 0, 0, 0, 0",360,"0, 0, 0, 100",false,false,"0, 0, 0, 0, 0, 0, 0, 0, 0, 0, 0, 0",50,-1,,0,0,0,"0, 0, 0, 0",36,0,36,-1,-1,false,-1,-1,-1,0,0,0,"0, 0, 0, 0",0,0,0,0,0,list,"0, 0, 0, 0, 0, 0, 0","0, 0, 0, 0, 0, 0, 0",0,70,list2,"0, 0, 0, 0, 0",loopBonusSkillList,0,"20, 16, 17, 41, 42, 43, 44, 45, 46",此符咒发挥$0$成威力时，使敌人的1个未被永久封禁的「轻灵」功法被极短时间「封禁」；敌人在此期间施展的所有「轻灵」功法，均有较高的几率在施展进度达到90%时被「打断」；此符咒施展结束后，被此符咒封禁的功法未被解除封禁前，此符咒的大幅威力提高,此符咒发挥$0$成威力时，使敌人的2个未被永久封禁的「轻灵」功法被短时间「封禁」；敌人在此期间施展的所有「轻灵」功法，均有较高的几率在施展进度达到90%时被「打断」；此符咒施展结束后，将不可避免地被长时间「封禁」
672,七白破身法,6,“西真七白，华光金德，焚妖斩逆，绝汝鬼迹，急急速速，扬威戮力”。七白破身法声势奇大，动如雷霆，能破一切妖迷鬼困，魔障怪墙。,1,奇门,Curse,3,7,5,816,true,true,46,属性4=110; 属性5=80; 属性90=400; 属性54=320; 属性65=320,395,1121,4,0,6,true,"0, 1",3,400,0,0,-1,-1,0,"0, 0, 0, 0",0,"0, 0, 0, 0","0, 0, 0, 0","外:0, 内:0","外:0, 内:0","外:0, 内:0",0,0,0,0,0,0,0,0,"0, 0, 0, 0, 0, 0",24000,"0, 1",0,100,100,15,0,20,式11=4,3,0,48,-1,"0, 0, 1, 0, 0, 0, 0",750,"0, 0, 0, 100",false,false,"0, 0, 0, 0, 0, 0, 0, 0, 0, 0, 0, 0",50,-1,,0,0,0,"0, 0, 0, 0",36,0,36,-1,-1,false,-1,-1,-1,0,0,0,"0, 0, 0, 0",0,0,0,0,0,list,"0, 0, 0, 0, 0, 0, 0","0, 0, 0, 0, 0, 0, 0",0,90,list2,"0, 0, 0, 0, 0",loopBonusSkillList,0,"20, 16, 17, 41, 42, 43, 44, 45, 46",此符咒发挥$0$成威力时，使敌人的1个未被永久封禁的「护体」功法被极短时间「封禁」；根据敌人被「封禁」的「护体」功法的部分效果，降低敌人的御体、御气、卸力、拆招、闪避、守心；此符咒施展结束后，被此符咒封禁的功法未被解除封禁前，此符咒的威力大幅提高,此符咒发挥$0$成威力时，使敌人的2个未被永久封禁的「护体」功法被短时间「封禁」；根据敌人被「封禁」的「护体」功法的部分效果，降低敌人的御体、御气、卸力、拆招、闪避、守心；此符咒施展结束后，将不可避免地被长时间「封禁」
673,九星金光咒,7,九星金光咒能动九曜之力，发九星之华精，此咒威力无比，神化无穷，能消石成粉，化铁成灰，除九万八千五百种恶鬼，扫万物之暗晦。,1,奇门,Curse,3,7,1,817,true,true,47,属性4=120; 属性5=85; 属性90=450; 属性54=360; 属性65=360,396,1122,4,1,7,true,2,3,450,0,0,-1,-1,0,"0, 0, 0, 0",0,"0, 0, 0, 0","0, 0, 0, 0","外:0, 内:0","外:0, 内:0","外:0, 内:0",0,0,0,0,0,0,0,0,"0, 0, 0, 0, 0, 0",27000,"0, 3",0,100,100,15,0,15,式11=4,3,0,48,-1,"0, 0, 1, 0, 0, 0, 0",950,"0, 0, 0, 100",false,false,"0, 0, 0, 0, 0, 0, 0, 0, 0, 0, 0, 0",50,-1,,0,0,0,"0, 0, 0, 0",36,0,36,-1,-1,false,-1,-1,-1,0,0,0,"0, 0, 0, 0",0,0,0,0,0,list,"0, 0, 0, 0, 0, 0, 0","0, 0, 0, 0, 0, 0, 0",0,120,list2,"0, 0, 0, 0, 0",loopBonusSkillList,0,"20, 16, 17, 41, 42, 43, 44, 45, 46",此符咒发挥$0$成威力时，如果敌人为相枢入邪、入魔者，敌人的健康大幅降低；此符咒发挥$0$成威力后，运用者获得9层此效果：运用者施展的所有符咒造成的失神标记均会变化为重创标记，且如果运用者的符咒发挥$1$成威力，运用者封禁敌人功法的时间大幅提高,此符咒发挥$0$成威力时，如果敌人为相枢入邪、入魔者，敌人的健康大幅降低；此符咒发挥$0$成威力后，运用者获得9层此效果：运用者施展的所有符咒造成的失神标记均会变化为重创标记，且如果运用者的符咒发挥$1$成威力，运用者的符咒被封禁的时间大幅降低
674,符解神通,8,符解神通奥秘无穷，微妙真空，乃书万符于一符，敕万咒于一咒，融万法于一法，化万神于一神，返一切于本元，解一切于虚无。,1,奇门,Curse,3,7,5,818,true,true,48,属性4=130; 属性5=90; 属性90=500; 属性54=400; 属性65=400,397,1123,5,3,8,true,2,3,500,0,0,-1,-1,0,"0, 0, 0, 0",0,"0, 0, 0, 0","0, 0, 0, 0","外:0, 内:0","外:0, 内:0","外:0, 内:0",0,0,0,0,0,0,0,0,"0, 0, 0, 0, 0, 0",39000,0,0,100,100,15,0,20,式11=4,3,0,48,-1,"0, 0, 1, 0, 0, 0, 0",1150,"0, 0, 0, 100",false,false,"0, 0, 0, 0, 0, 0, 0, 0, 0, 0, 0, 0",50,-1,,0,0,0,"0, 0, 0, 0",36,0,36,-1,-1,false,-1,-1,-1,0,0,0,"0, 0, 0, 0",0,0,0,0,0,list,"0, 0, 0, 0, 0, 0, 0","0, 0, 0, 0, 0, 0, 0",0,160,list2,"0, 0, 0, 0, 0",loopBonusSkillList,0,"20, 16, 17, 41, 42, 43, 44, 45, 46",此符咒无法被封禁；此符咒只能在运用者的真气均不低于初始值时才能够施展；此符咒发挥$0$成威力时，重置敌人所有非永久封禁的功法的封禁状态，每重置1个功法的封禁状态，敌人就受到被重置封禁状态的功法的1次反噬伤害；此符咒施展结束时，根据敌人被重置封禁的功法的类型、数量，大量损耗运用者的真气,此符咒无法被封禁；此符咒只能在运用者的真气均不低于初始值时才能够施展；此符咒发挥$0$成威力时，解除运用者所有非永久封禁的功法的封禁状态，每解除1个功法的封禁状态，敌人就受到被解除封禁状态的功法的1次反噬伤害；此符咒施展结束时，根据运用者被解除封禁的功法的类型、数量，大量损耗运用者的真气
675,碎石杵,0,碎石杵刚强有力，攻势猛烈，击石能成粉，撞铁能生痕，乃是全凭一股蛮勇之力而发，一旦为其击中，骨骼必然断折。,1,奇门,Invalid,1,11,0,819,true,false,38,属性0=70; 属性3=30; 属性90=100; 属性63=100,533,1259,1,2,0,false,"0, 1, 3, 4",1,100,0,0,-1,-1,0,"0, 0, 0, 0",0,"0, 0, 0, 0","0, 0, 0, 0","外:0, 内:0","外:0, 内:0","外:0, 内:0",0,0,0,0,0,0,0,0,"0, 0, 0, 0, 0, 0",24000,4,0,60,0,20,480,10,式6=1; 式3=1,0,0,381,-1,"100, 0, 1, 0, 0, 10, 10",40,"60, 20, 20, 0",false,true,"0, 0, 0, 0, 0, 0, 0, 0, 0, 0, 0, 0",50,-1,,0,0,0,"0, 0, 0, 0",36,0,36,-1,-1,false,-1,-1,-1,0,0,0,"0, 0, 0, 0",0,0,0,0,0,list,"5, 5, 0, 20, 20, 0, 0","0, 0, 0, 0, 0, 0, 0",0,0,list2,"0, 0, 0, 0, 0",loopBonusSkillList,0,"20, 19, 17, 41, 42, 43, 44, 45, 46",此功法发挥$0$成威力后，运用者获得1层此效果：运用者的兵器的武具效果的发生几率提高50%，此效果层数会随时间自动减少,此功法发挥$0$成威力后，运用者获得1层此效果：运用者的护具的武具效果的发生几率提高50%，此效果层数会随时间自动减少
676,护法金刚杵,1,护法金刚杵多以守势应敌，杵势沉稳坚强，牢固如钢铁，其攻敌之技尤其特别，乃是先护住全身，再以蛮力推压敌人，虽攻仍守，不失慎重。,1,奇门,Invalid,1,11,0,820,true,false,39,属性0=40; 属性2=25; 属性3=50; 属性90=150; 属性63=150,534,1260,1,2,1,false,"0, 1, 3, 4",1,150,0,0,-1,-1,0,"0, 0, 0, 0",0,"0, 0, 0, 0","0, 0, 0, 0","外:0, 内:0","外:0, 内:0","外:0, 内:0",0,0,0,0,0,0,0,0,"0, 0, 0, 0, 0, 0",27000,4,0,60,0,20,560,10,式6=1; 式3=1,0,0,390,-1,"40, 20, 1, 15, 15, 15, 15",50,"60, 30, 10, 0",false,false,"0, 0, 0, 0, 0, 0, 0, 0, 0, 0, 0, 0",50,-1,,0,0,0,"0, 0, 0, 0",36,0,36,-1,-1,false,-1,-1,-1,0,0,0,"0, 0, 0, 0",0,0,0,0,0,list,"5, 5, 0, 15, 15, 0, 0","5, 5, 0, 15, 15, 0, 0",0,0,list2,"0, 0, 0, 0, 0",loopBonusSkillList,0,"20, 19, 41, 42, 43, 44, 45, 46",此功法发挥$0$成威力后，运用者使用的「短杵」受到“护法金刚”加持：只要运用者手持此「短杵」，敌人对运用者造成的直接外伤标记降低1个（最多减至1个）,此功法发挥$0$成威力后，运用者使用的「短杵」受到“护法金刚”加持：只要运用者手持此「短杵」，敌人对运用者造成的直接内伤标记降低1个（最多减至1个）
677,罗刹杵法,2,罗刹杵法气势汹汹，十分猛恶，出手必先疾奔猛跃，攻势格外凌厉凶狠，正是：“其起似疯虎之扑人，其落若恶鬼之夺魂”。,1,奇门,Invalid,1,11,0,821,true,false,40,属性0=75; 属性3=55; 属性90=200; 属性63=200,535,1261,2,8,2,false,"0, 1, 3, 4",1,200,0,0,-1,-1,0,"0, 0, 0, 0",0,"0, 0, 0, 0","0, 0, 0, 0","外:0, 内:0","外:0, 内:0","外:0, 内:0",0,0,0,0,0,0,0,0,"0, 0, 0, 0, 0, 0",21000,4,0,60,0,20,480,10,式6=1; 式3=1,0,0,381,-1,"60, 0, 1, 0, 0, 30, 30",60,"60, 10, 30, 0",false,true,"0, 0, 0, 0, 0, 0, 0, 0, 0, 0, 0, 0",50,-1,,0,0,0,"0, 0, 0, 0",36,0,36,-1,-1,false,-1,-1,-1,0,0,0,"0, 0, 0, 0",0,0,0,0,0,list,"20, 20, 0, 40, 40, 0, 0","0, 0, 0, 0, 0, 0, 0",0,0,list2,"0, 0, 0, 0, 0",loopBonusSkillList,0,"20, 19, 17, 41, 42, 43, 44, 45, 46",开始施展此功法时，如果运用者使用的「短杵」受到加持，加持的品阶越高，此功法造成的外伤就提高越多；此功法施展结束后，解除运用者使用的「短杵」受到的加持,开始施展此功法时，如果运用者使用的「短杵」受到加持，加持的品阶越高，此功法造成的内伤就提高越多；此功法施展结束后，解除运用者使用的「短杵」受到的加持
678,怒目金刚杵,3,怒目金刚杵共有十八式，威猛厚重，力大无比，刚强可畏，无可摧毁，行功即示现金刚之忿怒状，可谓：“金刚之怒目，霹雳之手段”也。,1,奇门,Invalid,2,11,0,822,true,false,41,属性0=110; 属性2=35; 属性90=250; 属性63=250,536,1262,2,2,3,false,"0, 1, 3, 4",2,250,0,0,-1,-1,0,"0, 0, 0, 0",0,"0, 0, 0, 0","0, 0, 0, 0","外:0, 内:0","外:0, 内:0","外:0, 内:0",0,0,0,0,0,0,0,0,"0, 0, 0, 0, 0, 0",24000,4,0,80,0,20,600,10,式6=1; 式3=2,0,0,381,-1,"80, 0, 1, 20, 20, 0, 0",80,"70, 10, 20, 0",false,false,"0, 0, 0, 0, 0, 0, 0, 0, 0, 0, 0, 0",50,-1,,0,0,0,"0, 0, 0, 0",36,0,36,-1,-1,false,-1,-1,-1,0,0,0,"0, 0, 0, 0",0,0,0,0,0,list,"30, 30, 0, 50, 50, 0, 0","0, 0, 0, 0, 0, 0, 0",0,0,list2,"0, 0, 0, 0, 0",loopBonusSkillList,0,"20, 19, 17, 41, 42, 43, 44, 45, 46",此功法发挥$0$成威力后，运用者使用的「短杵」受到“怒目金刚”加持：只要运用者手持此「短杵」，运用者对敌人造成的直接外伤标记提高1个,此功法发挥$0$成威力后，运用者使用的「短杵」受到“怒目金刚”加持：只要运用者手持此「短杵」，运用者对敌人造成的直接内伤标记提高1个
679,大轮金刚杵,4,大轮金刚乃“转法轮明王”也。大轮金刚杵有摧毁业障之法力，有断惑息灾之智德，行止忿怒狰狞，运杵轰如雷鸣，招式循环无断，法相圆转如轮。,1,奇门,Invalid,2,11,0,823,true,false,42,属性0=80; 属性2=40; 属性3=40; 属性90=300; 属性63=300,537,1263,3,2,4,true,"0, 1, 3, 4",2,300,0,0,-1,-1,0,"0, 0, 0, 0",0,"0, 0, 0, 0","0, 0, 0, 0","外:0, 内:0","外:0, 内:0","外:0, 内:0",0,0,0,0,0,0,0,0,"0, 0, 0, 0, 0, 0",30000,4,0,80,30,20,720,15,式6=1; 式3=1; 式0=1,0,0,381,-1,"40, 40, 1, 0, 0, 20, 20",110,"60, 20, 20, 0",false,false,"0, 0, 0, 0, 0, 0, 0, 0, 0, 0, 0, 0",50,-1,,0,0,0,"0, 0, 0, 0",36,0,36,-1,-1,false,-1,-1,-1,0,0,0,"0, 0, 0, 0",0,0,0,0,0,list,"20, 20, 0, 35, 35, 0, 0","20, 20, 0, 35, 35, 0, 0",0,0,list2,"0, 0, 0, 0, 0",loopBonusSkillList,0,"20, 19, 41, 42, 43, 44, 45, 46",此功法发挥$0$成威力后，运用者获得2层此效果：运用者主动施展的「短杵」功法由逆练转变为正练，且受到转变的逆练「短杵」功法的威力大幅提高,此功法发挥$0$成威力后，运用者获得2层此效果：运用者主动施展的「短杵」功法由正练转变为逆练，且受到转变的正练「短杵」功法的威力大幅提高
680,大威德金刚杵,5,大威德金刚杵凶猛至极，威力巨大，能降服恶魔，故称大威，有护善之功，故称大德，共有三十四式与身、语、意三法，象征菩萨之三十七道品。,1,奇门,Invalid,2,11,0,824,true,true,43,属性0=100; 属性2=45; 属性3=30; 属性90=350; 属性63=350,538,1264,3,2,5,false,"0, 1, 3, 4",2,350,0,0,-1,-1,0,"0, 0, 0, 0",0,"0, 0, 0, 0","0, 0, 0, 0","外:0, 内:0","外:0, 内:0","外:0, 内:0",0,0,0,0,0,0,0,0,"0, 0, 0, 0, 0, 0",27000,4,0,80,0,20,840,10,式6=2; 式3=1,0,0,390,-1,"60, 20, 1, 20, 20, 0, 0",130,"70, 20, 10, 0",false,false,"0, 0, 0, 0, 0, 0, 0, 0, 0, 0, 0, 0",50,-1,,0,0,0,"0, 0, 0, 0",36,0,36,-1,-1,false,-1,-1,-1,0,0,0,"0, 0, 0, 0",0,0,0,0,0,list,"50, 50, 0, 90, 90, 0, 0","0, 0, 0, 0, 0, 0, 0",0,0,list2,"0, 0, 0, 0, 0",loopBonusSkillList,0,"20, 19, 17, 41, 42, 43, 44, 45, 46",此功法发挥$0$成威力后，运用者使用的「短杵」受到“威德金刚”加持：只要运用者手持此「短杵」，运用者有越多种真气高于敌人，运用者所有功法的威力就提高越多,此功法发挥$0$成威力后，运用者使用的「短杵」受到“威德金刚”加持：只要运用者手持此「短杵」，运用者有越多种真气低于敌人，运用者所有功法的威力就提高越多
681,如意宝树杵,6,如意宝树杵精微古奥，变化万千，传说有八千招式，七大行法，五百亿种变化，好似如意宝树，有七宝花叶，七重宝网，五百亿间妙花宫殿。,1,奇门,Invalid,3,11,5,825,true,true,44,属性0=90; 属性2=50; 属性4=50; 属性90=400; 属性63=400,539,1265,4,6,6,true,"0, 1, 3, 4",3,400,0,0,-1,-1,0,"0, 0, 0, 0",0,"0, 0, 0, 0","0, 0, 0, 0","外:0, 内:0","外:0, 内:0","外:0, 内:0",0,0,0,0,0,0,0,0,"0, 0, 0, 0, 0, 0",33000,4,0,100,60,20,920,15,式6=1; 式3=1; 式0=2,0,0,408,-1,"0, 40, 1, 20, 20, 20, 20",180,"40, 40, 20, 0",false,false,"0, 0, 0, 0, 0, 0, 0, 0, 0, 0, 0, 0",50,-1,,0,0,0,"0, 0, 0, 0",36,0,36,-1,-1,false,-1,-1,-1,0,0,0,"0, 0, 0, 0",0,0,0,0,0,list,"0, 0, 0, 0, 0, 0, 0","70, 70, 0, 110, 110, 0, 0",0,0,list2,"0, 0, 0, 0, 0",loopBonusSkillList,0,"20, 19, 17, 41, 42, 43, 44, 45, 46",开始施展此功法时，如果运用者使用的「短杵」受到加持，加持的品阶越高，此功法的威力就提高越多；此功法发挥$0$成威力时，运用者所有增益状态的强度大幅提高；此功法施展结束后，解除运用者使用的「短杵」受到的加持,开始施展此功法时，如果运用者使用的「短杵」受到加持，加持的品阶越高，此功法的威力就提高越多；此功法发挥$0$成威力时，运用者所有损害状态的强度大幅降低；此功法施展结束后，解除运用者使用的「短杵」受到的加持
682,不动明王杵,7,不动明王乃诸明王之至尊，不动明王杵乃诸杵法之至极，其力至大至刚，无可撼动，身相圆满，极忿怒形，能降伏吓退一切魔障。,1,奇门,Invalid,3,11,0,826,true,true,45,属性0=150; 属性2=55; 属性90=450; 属性63=450,540,1266,4,6,7,true,"0, 1, 3, 4",3,450,0,0,-1,-1,0,"0, 0, 0, 0",0,"0, 0, 0, 0","0, 0, 0, 0","外:0, 内:0","外:0, 内:0","外:0, 内:0",0,0,0,0,0,0,0,0,"0, 0, 0, 0, 0, 0",36000,4,0,100,30,20,1200,10,式6=1; 式3=2; 式0=1,0,0,390,-1,"100, 20, 1, 0, 0, 0, 0",200,"80, 20, 0, 0",false,false,"0, 0, 0, 0, 0, 0, 0, 0, 0, 0, 0, 0",50,-1,,0,0,0,"0, 0, 0, 0",36,0,36,-1,-1,false,-1,-1,-1,0,0,0,"0, 0, 0, 0",0,0,0,0,0,list,"90, 90, 0, 140, 140, 0, 0","0, 0, 0, 0, 0, 0, 0",0,0,list2,"0, 0, 0, 0, 0",loopBonusSkillList,0,"20, 19, 17, 41, 42, 43, 44, 45, 46",此功法发挥$0$成威力后，运用者使用的「短杵」受到“不动明王”加持：只要运用者手持此「短杵」，此「短杵」的攻击范围大幅提高，运用者的移动速度大幅降低，运用者受到的所有直接伤害也大幅降低,此功法发挥$0$成威力后，运用者使用的「短杵」受到“不动明王”加持：只要运用者手持此「短杵」，此「短杵」的攻击范围大幅提高，运用者的移动速度大幅提高，运用者受到的所有直接伤害也大幅提高
683,拂尘功,0,有道是：“手拿拂尘不是凡人”。拂尘乃道门之法器，拂尘功亦自道法而生，首重自然洒脱，以“绵绵不断，一气呵成”为运用之要诀。,1,软兵,Invalid,1,4,5,827,true,false,42,属性1=40; 属性2=30; 属性4=30; 属性91=100; 属性52=80; 属性62=80,693,1419,1,8,0,true,"0, 1, 2, 3, 4, 5, 6",1,100,0,0,-1,-1,0,"0, 0, 0, 0",0,"0, 0, 0, 0","0, 0, 0, 0","外:0, 内:0","外:0, 内:0","外:0, 内:0",0,0,0,0,0,0,0,0,"0, 0, 0, 0, 0, 0",21000,4,0,60,70,20,160,15,式15=2,0,0,786,-1,"0, 40, 1, 30, 30, 10, 10",90,"10, 50, 40, 0",true,false,"0, 0, 0, 0, 0, 0, 0, 0, 0, 0, 0, 0",50,-1,,0,0,0,"0, 0, 0, 0",36,0,36,-1,-1,false,-1,-1,-1,0,0,0,"0, 0, 0, 0",0,0,0,0,0,list,"0, 0, 0, 0, 0, 0, 0","0, 0, 0, 20, 20, 20, 20",0,5,list2,"0, 0, 0, 0, 0",loopBonusSkillList,0,"20, 16, 41, 42, 43, 44, 45, 46",根据此功法发挥的成数，减少运用者的新增紊乱,根据此功法发挥的成数，增加敌人的内息紊乱
684,武当铁拂尘,1,武当铁拂尘能以至柔之拂尘发出坚逾钢铁，重达百斤的刚强劲力，乃是虽柔亦刚，寓刚于柔的武当派独门拂尘功法。,1,软兵,Invalid,1,4,3,828,true,false,43,属性1=45; 属性2=35; 属性4=35; 属性91=150; 属性52=120; 属性62=120,694,1420,1,0,1,true,"0, 1, 2, 3, 4, 5, 6",1,150,0,0,-1,-1,0,"0, 0, 0, 0",0,"0, 0, 0, 0","0, 0, 0, 0","外:0, 内:0","外:0, 内:0","外:0, 内:0",0,0,0,0,0,0,0,0,"0, 0, 0, 0, 0, 0",24000,4,0,60,50,20,360,10,式15=2,0,0,777,-1,"20, 20, 1, 20, 20, 20, 20",70,"40, 30, 30, 0",true,false,"0, 0, 0, 0, 0, 0, 0, 0, 0, 0, 0, 0",50,-1,,0,0,0,"0, 0, 0, 0",36,0,36,-1,-1,false,-1,-1,-1,0,0,0,"0, 0, 0, 0",0,0,0,0,0,list,"0, 0, 0, 0, 0, 0, 0","0, 0, 0, 30, 30, 30, 30",0,10,list2,"0, 0, 0, 0, 0",loopBonusSkillList,0,"20, 16, 41, 42, 43, 44, 45, 46",以此功法攻击敌人时，此功法会直接攻击敌人封穴最多、封穴级别最高的部位，且使敌人被攻击部位的所有封穴的持续时间变化为最大,以此功法击中敌人时，此功法会额外击中敌人另1个封穴最多、封穴级别最高的部位
685,两仪拂尘功,2,两仪拂尘功分“独阴、独阳、和合、互易、浊清、显藏”六法共三十六式，招式精巧多变，阴阳并济，节节相连，环环如扣。,1,软兵,Invalid,1,4,5,829,true,false,44,属性1=50; 属性2=40; 属性4=40; 属性91=200; 属性52=160; 属性62=160,695,1421,2,7,2,true,"0, 1, 2, 3, 4, 5, 6",1,200,0,0,-1,-1,0,"0, 0, 0, 0",0,"0, 0, 0, 0","0, 0, 0, 0","外:0, 内:0","外:0, 内:0","外:0, 内:0",0,0,0,0,0,0,0,0,"0, 0, 0, 0, 0, 0",18000,4,0,60,70,20,200,20,式15=2,0,0,786,-1,"0, 40, 1, 20, 20, 20, 20",110,"10, 60, 30, 0",true,false,"0, 0, 0, 0, 0, 0, 0, 0, 0, 0, 0, 0",50,-1,,0,0,0,"0, 0, 0, 0",36,0,36,-1,-1,false,-1,-1,-1,0,0,0,"0, 0, 0, 0",0,0,0,0,0,list,"0, 0, 0, 0, 0, 0, 0","0, 0, 0, 40, 40, 40, 40",0,15,list2,"0, 0, 0, 0, 0",loopBonusSkillList,0,"20, 16, 41, 42, 43, 44, 45, 46",此功法发挥$0$成威力后，运用者获得2层此效果：运用者主动施展的「拂尘」功法由逆练转变为正练，且受到转变的逆练「拂尘」功法的威力大幅提高,此功法发挥$0$成威力后，运用者获得2层此效果：运用者主动施展的「拂尘」功法由正练转变为逆练，且受到转变的正练「拂尘」功法的威力大幅提高
686,老君拂尘功,3,“道亦形变，谁能识真”。老君拂尘功变幻莫测，古朴精深，以之运使拂尘，拂尘便似化为有灵之物，有千万根柔丝便有千万般变化。,1,软兵,Invalid,2,4,3,830,true,false,45,属性1=55; 属性2=45; 属性4=45; 属性91=250; 属性52=200; 属性62=200,696,1422,2,0,3,true,"0, 1, 2, 3, 4, 5, 6",2,250,0,0,-1,-1,0,"0, 0, 0, 0",0,"0, 0, 0, 0","0, 0, 0, 0","外:0, 内:0","外:0, 内:0","外:0, 内:0",0,0,0,0,0,0,0,0,"0, 0, 0, 0, 0, 0",24000,4,0,80,70,20,360,20,式15=3,0,0,786,-1,"0, 60, 1, 30, 30, 0, 0",130,"20, 60, 20, 0",true,false,"0, 0, 0, 0, 0, 0, 0, 0, 0, 0, 0, 0",50,-1,,0,0,0,"0, 0, 0, 0",36,0,36,-1,-1,false,-1,-1,-1,0,0,0,"0, 0, 0, 0",0,0,0,0,0,list,"0, 0, 0, 0, 0, 0, 0","0, 0, 0, 50, 50, 50, 50",0,20,list2,"0, 0, 0, 0, 0",loopBonusSkillList,0,"20, 16, 41, 42, 43, 44, 45, 46",战斗开始时，运用者获得6层此效果：每当运用者的战败标记总数超过战败条件的一半时，消耗此效果为运用者消除伤势标记，每消除1个伤势标记，此效果消耗1层；此功法发挥$0$成威力时，此效果恢复1层，最多恢复至3层,战斗开始时，运用者获得6层此效果：每当运用者的战败标记总数超过战败条件的一半时，消耗此效果为运用者消除妨害标记，每消除1个妨害标记，此效果消耗1层；此功法发挥$0$成威力时，此效果恢复1层，最多恢复至3层
687,错倒阴阳拂尘,4,错倒阴阳拂尘无比特异：“视之如青丝，着身如利剑；视之如铁尺，着身似灵蛇”，无法以常理预测，乃是颠倒刚柔之形，错乱阴阳之力的奇门拂尘绝技。,1,软兵,Invalid,2,4,3,831,true,false,46,属性1=60; 属性2=50; 属性4=50; 属性91=300; 属性52=240; 属性62=240,697,1423,3,8,4,true,"0, 1, 2, 3, 4, 5, 6",2,300,0,0,-1,-1,0,"0, 0, 0, 0",0,"0, 0, 0, 0","0, 0, 0, 0","外:0, 内:0","外:0, 内:0","外:0, 内:0",0,0,0,0,0,0,0,0,"0, 0, 0, 0, 0, 0",21000,4,0,80,50,20,560,15,式15=3,0,0,786,-1,"0, 40, 1, 20, 20, 20, 20",120,"20, 60, 20, 0",false,false,"0, 0, 0, 0, 0, 0, 0, 0, 0, 0, 0, 0",50,-1,,0,0,0,"0, 0, 0, 0",36,0,36,-1,-1,false,-1,-1,-1,0,0,0,"0, 0, 0, 0",0,0,0,0,0,list,"0, 0, 0, 0, 0, 0, 0","0, 0, 0, 70, 70, 70, 70",0,25,list2,"0, 0, 0, 0, 0",loopBonusSkillList,0,"20, 16, 41, 42, 43, 44, 45, 46",此功法造成的直接外伤改由敌人的御气抵挡；施展此功法的过程中，敌人所有的正练「奇窍」功法无法生效，此功法施展结束后，极短时间内封禁敌人所有的正练「奇窍」功法,此功法造成的直接内伤改由敌人的御体抵挡；施展此功法的过程中，敌人所有的逆练「奇窍」功法无法生效，此功法施展结束后，极短时间内封禁敌人所有的逆练「奇窍」功法
688,太乙云拂功,5,太乙云拂功飘逸自然，连绵不断，似高山之流水，若天马之行空，精微奥妙，变化无穷，招式不拘形迹，可化无为有，隔空制敌。,1,软兵,Invalid,2,4,5,832,true,false,47,属性1=65; 属性2=55; 属性4=55; 属性91=350; 属性52=280; 属性62=280,698,1424,3,0,5,true,"0, 1, 2, 3, 4, 5, 6",2,350,0,0,-1,-1,0,"0, 0, 0, 0",0,"0, 0, 0, 0","0, 0, 0, 0","外:0, 内:0","外:0, 内:0","外:0, 内:0",0,0,0,0,0,0,0,0,"0, 0, 0, 0, 0, 0",24000,4,0,80,100,20,520,15,式15=3,0,0,786,-1,"20, 20, 1, 20, 20, 20, 20",170,"10, 70, 20, 0",true,false,"0, 0, 0, 0, 0, 0, 0, 0, 0, 0, 0, 0",50,-1,,0,0,0,"0, 0, 0, 0",36,0,36,-1,-1,false,-1,-1,-1,0,0,0,"0, 0, 0, 0",0,0,0,0,0,list,"0, 0, 0, 0, 0, 0, 0","0, 0, 0, 90, 90, 90, 90",0,35,list2,"0, 0, 0, 0, 0",loopBonusSkillList,0,"20, 16, 41, 42, 43, 44, 45, 46",此功法发挥$0$成威力时，运用者的内息紊乱越低，此功法对敌人造成的封穴数量就越多，封穴级别也越高,此功法发挥$0$成威力时，敌人的内息紊乱越高，此功法对敌人造成的封穴数量就越多，封穴级别也越高
689,无量扫尘功,6,无量扫尘功凝重刚烈，一反拂尘之轻柔性灵，一举一动皆有“山雨欲来风满楼”之势，运力深沉似渊水，不动如山岳，力达千钧，威力巨大。,1,软兵,Invalid,3,4,3,833,true,true,48,属性1=70; 属性2=60; 属性4=60; 属性91=400; 属性52=320; 属性62=320,699,1425,4,8,6,true,"0, 1, 2, 3, 4, 5, 6",3,400,0,0,-1,-1,0,"0, 0, 0, 0",0,"0, 0, 0, 0","0, 0, 0, 0","外:0, 内:0","外:0, 内:0","外:0, 内:0",0,0,0,0,0,0,0,0,"0, 0, 0, 0, 0, 0",27000,4,0,100,60,20,800,20,式15=4,0,0,777,-1,"60, 0, 1, 10, 10, 20, 20",170,"40, 40, 20, 0",false,false,"0, 0, 0, 0, 0, 0, 0, 0, 0, 0, 0, 0",50,-1,,0,0,0,"0, 0, 0, 0",36,0,36,-1,-1,false,-1,-1,-1,0,0,0,"0, 0, 0, 0",0,0,0,0,0,list,"0, 0, 0, 0, 0, 0, 0","0, 0, 0, 110, 110, 110, 110",0,45,list2,"0, 0, 0, 0, 0",loopBonusSkillList,0,"20, 16, 41, 42, 43, 44, 45, 46",开始施展此功法时，运用者的内息紊乱越低，此功法的威力就提高越多；此功法发挥$0$成威力时，运用者的内息紊乱越低，运用者对敌人造成的直接伤害就提高越多,开始施展此功法时，敌人的内息紊乱越高，此功法的威力就提高越多；此功法发挥$0$成威力时，敌人的内息紊乱越高，运用者对敌人造成的直接伤害就提高越多
690,玄空神拂,7,“玄者，道也，然道体无形，故曰空”。玄空神拂玄奇深奥，从道而生，无师无祖，无始无终，招式可自相生生化化，所以有无极无穷之用也。,1,软兵,Invalid,3,4,5,834,true,true,49,属性1=75; 属性2=65; 属性4=65; 属性91=450; 属性52=360; 属性62=360,700,1426,4,0,7,true,"0, 1, 2, 3, 4, 5, 6",3,450,0,0,-1,-1,0,"0, 0, 0, 0",0,"0, 0, 0, 0","0, 0, 0, 0","外:0, 内:0","外:0, 内:0","外:0, 内:0",0,0,0,0,0,0,0,0,"0, 0, 0, 0, 0, 0",24000,4,0,100,100,20,760,20,式15=4,0,0,786,-1,"0, 80, 1, 20, 20, 0, 0",250,"0, 80, 20, 0",true,false,"0, 0, 0, 0, 0, 0, 0, 0, 0, 0, 0, 0",50,-1,,0,0,0,"0, 0, 0, 0",36,0,36,-1,-1,false,-1,-1,-1,0,0,0,"0, 0, 0, 0",0,0,0,0,0,list,"0, 0, 0, 0, 0, 0, 0","0, 0, 0, 140, 140, 140, 140",0,60,list2,"0, 0, 0, 0, 0",loopBonusSkillList,0,"20, 16, 41, 42, 43, 44, 45, 46",开始施展此功法时：完全消除运用者的3个在本场战斗中受到的功法威力持续减弱的效果，并根据消除的威力减弱的总和，减少运用者的新增紊乱、增加此功法的威力,开始施展此功法时：完全消除敌人的3个在本场战斗中受到的功法威力持续增强的效果，并根据消除的威力增强的总和，增加敌人的内息紊乱、增加此功法的威力
691,黄鳞鞭法,0,黄鳞鞭法灵活多变，干脆利落，包含了“正、反、平、斜”诸般五花鞭技之要义，收放盘绕似金环长蛇，故名“黄鳞”。,1,软兵,Invalid,1,12,1,835,true,false,47,属性0=35; 属性1=65; 属性91=100; 属性59=100,484,1210,1,8,0,false,"0, 1, 2, 3, 4, 5, 6",1,100,0,0,-1,-1,0,"0, 0, 0, 0",0,"0, 0, 0, 0","0, 0, 0, 0","外:0, 内:0","外:0, 内:0","外:0, 内:0",0,0,0,0,0,0,0,0,"0, 0, 0, 0, 0, 0",18000,4,0,60,0,15,240,10,式10=2,0,0,795,-1,"0, 40, 1, 10, 10, 30, 30",60,"30, 30, 40, 0",false,false,"0, 0, 0, 0, 0, 0, 0, 0, 0, 0, 0, 0",50,-1,,0,0,0,"0, 0, 0, 0",36,0,36,-1,-1,false,-1,-1,-1,0,0,0,"0, 0, 0, 0",0,0,0,0,0,list,"0, 0, 0, 20, 20, 0, 0","0, 0, 0, 0, 0, 0, 0",0,0,list2,"0, 0, 0, 0, 0",loopBonusSkillList,0,"20, 19, 17, 41, 42, 43, 44, 45, 46",此功法发挥$0$成威力后，运用者获得3层此效果：敌人蓄力长距离前进时，前进的距离大幅降低,此功法发挥$0$成威力后，运用者获得3层此效果：敌人蓄力长距离后退时，后退的距离大幅降低
692,蜈蚣索,1,蜈蚣索架势极小，抖钻极快，因其招式快密，且能以内力操纵鞭梢自极刁钻的角度袭击敌人，故以“蜈蚣”为名，谓其好似蜈蚣之钻爬，无孔不入。,1,软兵,Invalid,1,12,1,836,true,false,48,属性1=70; 属性5=45; 属性91=150; 属性59=150,485,1211,1,8,1,false,"0, 1, 2, 3, 4, 5, 6",1,150,0,0,-1,-1,0,"0, 0, 0, 0",0,"0, 0, 0, 0","0, 0, 0, 0","外:0, 内:0","外:0, 内:0","外:0, 内:0",0,0,0,0,0,0,0,0,"0, 0, 0, 0, 0, 0",15000,4,0,60,40,15,160,15,式10=2,0,0,813,-1,"20, 20, 1, 20, 20, 20, 20",90,"20, 50, 30, 0",false,true,"0, 0, 0, 0, 0, 0, 0, 0, 0, 0, 0, 0",50,-1,,0,0,0,"0, 0, 0, 0",36,0,36,-1,-1,false,-1,-1,-1,0,0,0,"0, 0, 0, 0",0,0,0,0,0,list,"0, 0, 0, 15, 15, 0, 0","0, 0, 0, 15, 15, 0, 0",0,0,list2,"0, 0, 0, 0, 0",loopBonusSkillList,0,"20, 19, 41, 42, 43, 44, 45, 46",以此功法攻击敌人时，此功法会直接攻击敌人破绽最多、破绽级别最高的部位，且使敌人被攻击部位的所有破绽的持续时间变化为最大,以此功法击中敌人时，此功法会额外击中敌人另1个破绽最多、破绽级别最高的部位
693,五圣鞭法,2,“蛛、蛇、蝎、蟾、蜈”即五仙教之“五圣”也。五圣鞭法乃是模仿五种毒物之不同形态而创，集五大特征于一体，可谓动静攻防兼备，刚柔阴阳并有。,1,软兵,Invalid,1,12,5,837,true,false,49,属性0=45; 属性1=45; 属性5=40; 属性91=200; 属性59=200,486,1212,2,8,2,false,"0, 1, 2, 3, 4, 5, 6",1,200,0,0,-1,-1,0,"0, 0, 0, 0",0,"0, 0, 0, 0","0, 0, 0, 0","外:0, 内:0","外:0, 内:0","外:0, 内:0",0,0,0,0,0,0,0,0,"0, 0, 0, 0, 0, 0",21000,4,0,60,30,15,320,10,式10=2,0,0,795,-1,"30, 30, 1, 10, 10, 20, 20",90,"30, 30, 40, 0",false,true,"0, 0, 0, 0, 0, 0, 0, 0, 0, 0, 0, 0",50,-1,,0,0,0,"0, 0, 0, 0",36,0,36,-1,-1,false,-1,-1,-1,0,0,0,"0, 0, 0, 0",0,0,0,0,0,list,"0, 0, 0, 20, 20, 0, 0","0, 0, 0, 20, 20, 0, 0",0,0,list2,"0, 0, 0, 0, 0",loopBonusSkillList,0,"20, 19, 41, 42, 44, 45, 46, 43",此功法发挥$0$成威力后，运用者获得2层此效果：运用者主动施展的「长鞭」功法由逆练转变为正练，且受到转变的逆练「长鞭」功法的威力大幅提高,此功法发挥$0$成威力后，运用者获得2层此效果：运用者主动施展的「长鞭」功法由正练转变为逆练，且受到转变的正练「长鞭」功法的威力大幅提高
694,勾魂碎骨鞭,3,勾魂碎骨鞭凌厉迅疾，凶恶异常，力道之狠辣远胜寻常刀枪剑戟，中者仿佛身受锯刃之切割，尖钩之撕扯，皮肉无不破裂，筋骨无不断折。,1,软兵,Invalid,2,12,1,838,true,false,50,属性0=60; 属性1=85; 属性91=250; 属性59=250,487,1213,2,8,3,false,"0, 1, 2, 3, 4, 5, 6",2,250,0,0,-1,-1,0,"0, 0, 0, 0",0,"0, 0, 0, 0","0, 0, 0, 0","外:0, 内:0","外:0, 内:0","外:0, 内:0",0,0,0,0,0,0,0,0,"0, 0, 0, 0, 0, 0",18000,4,0,80,0,15,440,10,式10=3,0,0,795,-1,"0, 0, 0, 0, 0, 60, 60",90,"30, 20, 50, 0",false,true,"0, 0, 0, 0, 0, 0, 450, 2, 0, 0, 0, 0",50,-1,,0,0,0,"0, 0, 0, 0",36,0,36,-1,-1,false,-1,-1,-1,0,0,0,"0, 0, 0, 0",0,0,0,0,0,list,"0, 0, 0, 50, 50, 0, 0","0, 0, 0, 0, 0, 0, 0",0,0,list2,"0, 0, 0, 0, 0",loopBonusSkillList,0,"20, 19, 17, 41, 42, 44, 45, 46",此功法对敌人腿脚造成的直接伤势标记将变化为更难恢复的旧时伤势,此功法对敌人腿脚造成的直接伤害提高45%；此功法发挥$0$成威力后，将敌人所有破绽的持续时间变化为最大
695,蚩尤铁鞭,4,蚩尤铁鞭乃苗人自古秘传之奇技，既无盘转舞花，亦无抡旋蓄力，但说发便发，说起便起，能将一条软鞭使的直入直出，抖声如雷，发出千斤之巨力。,1,软兵,Invalid,2,12,5,839,true,false,51,属性0=80; 属性1=50; 属性3=30; 属性91=300; 属性59=300,488,1214,3,8,4,false,"0, 1, 2, 3, 4, 5, 6",2,300,0,0,-1,-1,0,"0, 0, 0, 0",0,"0, 0, 0, 0","0, 0, 0, 0","外:0, 内:0","外:0, 内:0","外:0, 内:0",0,0,0,0,0,0,0,0,"0, 0, 0, 0, 0, 0",24000,4,0,80,0,15,680,10,式10=3,0,0,795,-1,"60, 0, 1, 0, 0, 30, 30",100,"60, 10, 30, 0",false,true,"0, 0, 0, 0, 0, 0, 0, 0, 0, 0, 0, 0",50,-1,,0,0,0,"0, 0, 0, 0",36,0,36,-1,-1,false,-1,-1,-1,0,0,0,"0, 0, 0, 0",0,0,0,0,0,list,"0, 0, 0, 70, 70, 0, 0","0, 0, 0, 0, 0, 0, 0",0,0,list2,"0, 0, 0, 0, 0",loopBonusSkillList,0,"20, 19, 17, 41, 42, 43, 44, 45, 46",以此功法攻击敌人时：运用者的破甲大幅提高；此功法发挥$0$成威力时，消除敌人所有的脚力，并将敌人击退6距离,以此功法攻击敌人时：运用者的破甲大幅提高；此功法发挥$0$成威力时，消除敌人所有的脚力，并将敌人拉近6距离
696,破玉索,5,破玉索快疾如风，乃盘花鞭技之至极，诀曰：“花接花，花套花，一动一变，一变一花，收如含苞待放花形犹在，放如花开并蒂处处是花”。,1,软兵,Invalid,2,12,1,840,true,false,52,属性1=100; 属性5=75; 属性91=350; 属性59=350,489,1215,3,8,5,true,"0, 1, 2, 3, 4, 5, 6",2,350,0,0,-1,-1,0,"0, 0, 0, 0",0,"0, 0, 0, 0","0, 0, 0, 0","外:0, 内:0","外:0, 内:0","外:0, 内:0",0,0,0,0,0,0,0,0,"0, 0, 0, 0, 0, 0",21000,4,0,80,50,15,600,15,式10=3,0,0,813,-1,"0, 60, 1, 15, 15, 15, 15",150,"20, 40, 40, 0",false,true,"0, 0, 0, 0, 0, 0, 0, 0, 0, 0, 0, 0",50,-1,,0,0,0,"0, 0, 0, 0",36,0,36,-1,-1,false,-1,-1,-1,0,0,0,"0, 0, 0, 0",0,0,0,0,0,list,"0, 0, 0, 45, 45, 0, 0","0, 0, 0, 45, 45, 0, 0",0,0,list2,"0, 0, 0, 0, 0",loopBonusSkillList,0,"20, 19, 41, 42, 43, 44, 45, 46",运用者的脚力可以在施展此功法时替代架势消耗，且由脚力代为消耗的部分消耗量降低50%，由此施展此功法的过程中，运用者可以进行移动，也可以进行兵器攻击，且运用者以兵器攻击击中敌人的次数越多，此功法的威力就提高越多,运用者的脚力可以在施展此功法时替代提气消耗，且由脚力代为消耗的部分消耗量降低50%，由此施展此功法的过程中，运用者可以进行移动，也可以进行兵器攻击，且运用者以兵器攻击击中敌人的次数越多，此功法的威力就提高越多
697,仙蛛擒蟒功,6,仙蛛擒蟒功轻盈柔活，快密无影，精奇绝伦，巧妙无比，能似仙蛛一般夭矫腾空，以飞丝走线之奇技擒缚敌人，乃苗疆五仙教之独门秘传也。,1,软兵,Invalid,3,12,5,841,true,true,53,属性1=140; 属性5=50; 属性91=400; 属性59=400,490,1216,4,8,6,true,"0, 1, 2, 3, 4, 5, 6",3,400,0,0,-1,-1,0,"0, 0, 0, 0",0,"0, 0, 0, 0","0, 0, 0, 0","外:0, 内:0","外:0, 内:0","外:0, 内:0",0,0,0,0,0,0,0,0,"0, 0, 0, 0, 0, 0",15000,4,0,100,70,15,440,20,式10=4,0,0,813,-1,"0, 40, 1, 20, 20, 20, 20",210,"10, 60, 30, 0",false,false,"0, 0, 600, 3, 0, 0, 0, 0, 0, 0, 0, 0",50,-1,,0,0,0,"0, 0, 0, 0",36,0,36,-1,-1,false,-1,-1,-1,0,0,0,"0, 0, 0, 0",0,0,0,0,0,list,"0, 0, 0, 55, 55, 35, 35","0, 0, 0, 55, 55, 35, 35",0,0,list2,"0, 0, 0, 0, 0",loopBonusSkillList,0,"20, 19, 41, 43, 44, 45, 46",此功法发挥$0$成威力时，使敌人的1个非使用中的「兵器」被极短时间「封禁」；此功法施展结束后，被此功法封禁的兵器未被解除封禁前，此功法的威力提高,此功法发挥$0$成威力时，使敌人的2个非使用中的「兵器」被短时间「封禁」；此功法施展结束后，将不可避免地被长时间「封禁」
698,巴龙神鞭,7,“巴龙，大蛇也，巴龙之大，可以食象，三岁方出其骨”。巴龙神鞭雄强无比，凶猛绝伦，有龙腾虎蹴之威，有移山吞象之力。,1,软兵,Invalid,3,12,1,842,true,true,54,属性0=90; 属性1=60; 属性3=55; 属性91=450; 属性59=450,491,1217,4,8,7,false,"0, 1, 2, 3, 4, 5, 6",3,450,0,0,-1,-1,0,"0, 0, 0, 0",0,"0, 0, 0, 0","0, 0, 0, 0","外:0, 内:0","外:0, 内:0","外:0, 内:0",0,0,0,0,0,0,0,0,"0, 0, 0, 0, 0, 0",33000,4,0,100,0,15,1080,15,式10=4,0,0,795,-1,"100, 20, 1, 0, 0, 0, 0",200,"50, 20, 30, 0",false,false,"800, 3, 0, 0, 0, 0, 0, 0, 0, 0, 0, 0",50,-1,,0,0,0,"0, 0, 0, 0",36,0,36,-1,-1,false,-1,-1,-1,0,0,0,"0, 0, 0, 0",0,0,0,0,0,list,"0, 0, 0, 140, 140, 0, 0","0, 0, 0, 0, 0, 0, 0",0,0,list2,"0, 0, 0, 0, 0",loopBonusSkillList,0,"20, 19, 17, 42, 43, 44, 45, 46",以此功法攻击敌人时，敌人所中烈毒越深，此功法对敌人造成的直接伤害就提高越多；此功法发挥$0$成威力时，敌人所中烈毒越深，此功法的威力就会累积增加越多，持续直到战斗结束,以此功法攻击敌人时，运用者所中烈毒越深，此功法对敌人造成的直接伤害就提高越多；此功法发挥$0$成威力时，运用者所中烈毒越深，此功法的威力就会累积增加越多，持续直到战斗结束
699,天蛇索,8,天蛇索传自上古，起源已无可溯究，乃苗疆五仙教之不世绝秘。天蛇索绝技神变无方，幻化无穷，进似未至实已至，退似未归实已归。,1,软兵,Invalid,3,12,1,843,true,true,55,属性1=110; 属性5=110; 属性91=500; 属性59=500,492,1218,5,8,8,false,"0, 1, 2, 3, 4, 5, 6",3,500,0,0,-1,-1,0,"0, 0, 0, 0",0,"0, 0, 0, 0","0, 0, 0, 0","外:0, 内:0","外:0, 内:0","外:0, 内:0",0,0,0,0,0,0,0,0,"0, 0, 0, 0, 0, 0",18000,4,0,100,50,15,880,20,式10=4,0,0,795,-1,"0, 60, 1, 10, 10, 20, 20",200,"0, 40, 60, 0",false,true,"0, 0, 0, 0, 0, 0, 0, 0, 1200, 3, 0, 0",50,-1,,0,0,0,"0, 0, 0, 0",36,0,36,-1,-1,false,-1,-1,-1,0,0,0,"0, 0, 0, 0",0,0,0,0,0,list,"0, 0, 0, 90, 90, 55, 55","0, 0, 0, 90, 90, 55, 55",0,0,list2,"0, 0, 0, 0, 0",loopBonusSkillList,0,"20, 19, 41, 42, 43, 44, 46",战斗开始时，运用者获得0层此效果：每当运用者以此功法以外的方式使敌人受到直接外伤标记时，提高此效果的层数，最多累积9层；当此功法发挥$0$成威力时，运用者对敌人造成的直接外伤根据此效果的层数提高，随后此效果降低1层,战斗开始时，运用者获得0层此效果：每当运用者以此功法以外的方式使敌人受到直接内伤标记时，提高此效果的层数，最多累积9层；当此功法发挥$0$成威力时，运用者对敌人造成的直接内伤根据此效果的层数提高，随后此效果降低1层
700,御针术,0,御针之术乃百花谷之独门手法，能以内力隔空操纵细针，使之分毫不差的施于敌人周身大穴，虽是脱胎于救人的针灸医术，却也能杀人而不见半滴鲜血。,1,御射,Invalid,1,3,2,844,true,false,31,属性1=70; 属性2=30; 属性92=100; 属性58=100,659,1385,1,0,0,true,"3, 4",1,100,0,0,-1,-1,0,"0, 0, 0, 0",0,"0, 0, 0, 0","0, 0, 0, 0","外:0, 内:0","外:0, 内:0","外:0, 内:0",0,0,0,0,0,0,0,0,"0, 0, 0, 0, 0, 0",15000,4,0,60,70,20,160,15,式2=2,1,0,93,-1,"20, 40, 10, 15, 15, 15, 15",70,"10, 40, 50, 0",true,false,"0, 0, 0, 0, 0, 0, 0, 0, 0, 0, 0, 0",50,-1,,0,0,0,"0, 0, 0, 0",36,0,36,-1,-1,false,-1,-1,-1,0,0,0,"0, 0, 0, 0",0,0,0,0,0,list,"0, 0, 0, 0, 0, 0, 0","0, 0, 0, 20, 20, 0, 0",0,0,list2,"0, 0, 0, 0, 0",loopBonusSkillList,0,"20, 19, 16, 41, 42, 43, 44, 45, 46",此功法发挥$0$成威力时，运用者每拥有3个「御」式，运用者就使敌人被攻击的部位出现1个破绽,此功法发挥$0$成威力时，运用者的兵器每有1个「御」式，运用者就有较高的几率获得1次变招机会
701,五行梅花针,1,五行梅花针施针极快，变化极多，共有“金、木、水、火、土”五种不同的闭穴针法，遭此五针而封闭之穴道，亦需施以相应的生克针法方能救治。,1,御射,Invalid,1,3,5,845,true,false,32,属性1=65; 属性2=25; 属性5=25; 属性92=150; 属性58=150,660,1386,1,7,1,true,"3, 4",1,150,0,0,-1,-1,0,"0, 0, 0, 0",0,"0, 0, 0, 0","0, 0, 0, 0","外:0, 内:0","外:0, 内:0","外:0, 内:0",0,0,0,0,0,0,0,0,"0, 0, 0, 0, 0, 0",15000,4,0,60,50,20,200,10,式2=2,1,0,93,-1,"40, 40, 1, 10, 10, 10, 10",80,"10, 40, 50, 0",true,false,"0, 0, 450, 1, 0, 0, 0, 0, 0, 0, 0, 0",50,-1,,0,0,0,"0, 0, 0, 0",36,0,36,-1,-1,false,-1,-1,-1,0,0,0,"0, 0, 0, 0",0,0,0,0,0,list,"0, 0, 0, 15, 15, 0, 0","0, 0, 0, 15, 15, 0, 0",0,0,list2,"0, 0, 0, 0, 0",loopBonusSkillList,0,"20, 19, 41, 43, 44, 45, 46",此功法发挥$0$成威力后，运用者获得4层此效果：运用者获得的所有「掷」式、「弹」式，变化为「御」式,此功法发挥$0$成威力时，运用者获得2个「御」式
702,寒冰刺骨法,2,寒冰刺骨法能以异常绵密之纯阴内气化成冰针刺入敌身穴道，此冰针无形有质，一旦入体便即截断穴脉，附于筋骨之上，非寻常手法可以解救。,1,御射,Invalid,1,3,2,846,true,false,33,属性1=55; 属性2=35; 属性4=40; 属性92=200; 属性58=200,661,1387,2,1,2,true,"0, 1, 3, 4",1,200,0,0,-1,-1,0,"0, 0, 0, 0",0,"0, 0, 0, 0","0, 0, 0, 0","外:0, 内:0","外:0, 内:0","外:0, 内:0",0,0,0,0,0,0,0,0,"0, 0, 0, 0, 0, 0",15000,4,0,60,100,20,320,10,式2=2,1,0,102,-1,"0, 60, 1, 30, 30, 0, 0",70,"10, 50, 40, 0",true,false,"0, 0, 0, 0, 600, 1, 0, 0, 0, 0, 0, 0",50,-1,,0,0,0,"0, 0, 0, 0",36,0,36,-1,-1,false,-1,-1,-1,0,0,0,"0, 0, 0, 0",0,0,0,0,0,list,"0, 0, 0, 0, 0, 0, 0","0, 0, 0, 40, 40, 0, 0",0,0,list2,"0, 0, 0, 0, 0",loopBonusSkillList,0,"20, 19, 16, 41, 42, 43, 45, 46",开始施展此功法时，敌人所中寒毒越深，此功法的威力就提高越多；根据此功法发挥的成数，向敌人施加一个降低寒毒抵抗的损害状态,开始施展此功法时，运用者所中寒毒越深，此功法的威力就提高越多；根据此功法发挥的成数，向运用者施加一个提高寒毒抵抗的增益状态
703,扁鹊神针,3,扁鹊神针乃扁鹊遗技，尤其艰涩难学，其所刺之穴位尽在罕有人知的无名奇脉，经外奇穴。此技法虽已亡佚十之七八，但仍可谓古奥精奇，神乎其技。,1,御射,Invalid,2,3,5,847,true,true,34,属性1=60; 属性2=40; 属性5=45; 属性92=250; 属性58=250,662,1388,2,0,3,true,"3, 4",2,250,0,0,-1,-1,0,"0, 0, 0, 0",0,"0, 0, 0, 0","0, 0, 0, 0","外:0, 内:0","外:0, 内:0","外:0, 内:0",0,0,0,0,0,0,0,0,"0, 0, 0, 0, 0, 0",21000,4,0,80,60,20,400,10,式2=3,2,0,84,-1,"20, 20, 1, 20, 20, 20, 20",120,"20, 60, 20, 0",true,false,"0, 0, 0, 0, 0, 0, 0, 0, 0, 0, 0, 0",50,-1,,0,0,0,"0, 0, 0, 0",36,0,36,-1,-1,false,-1,-1,-1,0,0,0,"0, 0, 0, 0",0,0,0,0,0,list,"0, 0, 0, 25, 25, 0, 0","0, 0, 0, 25, 25, 0, 0",0,0,list2,"0, 0, 0, 0, 0",loopBonusSkillList,0,"20, 19, 41, 42, 43, 44, 45, 46",此功法的施展进度达到100%时，运用者对自己进行1次不消耗「疗伤」次数，只能治疗新增伤势「疗伤」，此「疗伤」消除的伤势标记越多，此功法的威力就提高越多,此功法的施展进度达到100%时，运用者对自己进行1次不消耗「驱毒」次数，只能驱除新增毒素的「驱毒」，此「驱毒」消除的中毒标记越多，此功法的威力就提高越多
704,破元长针,4,破元长针威力极大，杀伤力极强，中针之穴道并不封闭，反而洞开，中者周身元气由此倾泻而出，若不及时施救，毕生功力必尽散失于此一针之下。,1,御射,Invalid,2,3,2,848,true,true,35,属性1=40; 属性2=70; 属性4=50; 属性92=300; 属性58=300,663,1389,3,1,4,true,"0, 1, 3, 4",2,300,0,0,-1,-1,0,"0, 0, 0, 0",0,"0, 0, 0, 0","0, 0, 0, 0","外:0, 内:0","外:0, 内:0","外:0, 内:0",0,0,0,0,0,0,0,0,"0, 0, 0, 0, 0, 0",24000,4,0,80,70,20,600,15,式2=3,2,0,84,-1,"60, 60, 10, 0, 0, 0, 0",100,"20, 40, 40, 0",true,false,"0, 0, 600, 2, 0, 0, 0, 0, 0, 0, 0, 0",50,-1,,0,0,0,"0, 0, 0, 0",36,0,36,-1,-1,false,-1,-1,-1,0,0,0,"0, 0, 0, 0",0,0,0,0,0,list,"0, 0, 0, 0, 0, 0, 0","0, 0, 0, 70, 70, 0, 0",0,0,list2,"0, 0, 0, 0, 0",loopBonusSkillList,0,"20, 19, 16, 41, 43, 44, 45, 46",此功法发挥$0$成威力时，如果敌人的「奇窍」真气不低于初始值，使敌人失去30点「奇窍」真气，否则失去10点,此功法发挥$0$成威力时，如果敌人的「奇窍」真气不低于初始值，运用者自敌人体内吸取15点「奇窍」真气，否则吸取5点
705,针死不针活法,5,所谓“针死不针活”，意为：“此针法之下只有死人，纵使中者一时未死，也绝无活命可能”，乃是有杀无救，有死无生之绝针也。,1,御射,Invalid,2,3,2,849,true,true,36,属性1=50; 属性2=60; 属性5=65; 属性92=350; 属性58=350,664,1390,3,1,5,true,"0, 1, 3, 4",2,350,0,0,-1,-1,0,"0, 0, 0, 0",0,"0, 0, 0, 0","0, 0, 0, 0","外:0, 内:0","外:0, 内:0","外:0, 内:0",0,0,0,0,0,0,0,0,"0, 0, 0, 0, 0, 0",24000,4,0,80,60,20,560,10,式2=3,2,0,84,-1,"0, 0, 10, 0, 0, 0, 0",160,"20, 60, 20, 0",true,false,"0, 0, 0, 0, 0, 0, 0, 0, 0, 0, 0, 0",50,-1,,0,0,0,"0, 0, 0, 0",36,0,36,-1,-1,false,-1,-1,-1,0,0,0,"0, 0, 0, 0",0,0,0,0,0,list,"0, 0, 0, 45, 45, 0, 0","0, 0, 0, 45, 45, 0, 0",0,0,list2,"0, 0, 0, 0, 0",loopBonusSkillList,0,"20, 19, 41, 42, 43, 44, 45, 46",此功法造成的所有外伤均会变化为重创伤害，且每造成1个重创标记，随机恶化敌人的1个内伤,此功法造成的所有内伤均会变化为重创伤害，且每造成1个重创标记，随机恶化敌人的1个外伤
706,六弦九针术,6,六弦九针术乃是以六道无形内气同时操纵九支长针的百花谷独门秘技。此术精妙无比，变化如神，九针既可分进，亦可合击，如知人意，恍若通灵。,1,御射,Invalid,3,3,2,850,true,true,37,属性1=100; 属性2=45; 属性4=45; 属性92=400; 属性58=400,665,1391,4,0,6,true,"3, 4",3,400,0,0,-1,-1,0,"0, 0, 0, 0",0,"0, 0, 0, 0","0, 0, 0, 0","外:0, 内:0","外:0, 内:0","外:0, 内:0",0,0,0,0,0,0,0,0,"0, 0, 0, 0, 0, 0",21000,4,0,100,100,20,640,20,式2=4,3,0,102,-1,"30, 30, 1, 0, 0, 30, 30",190,"10, 50, 40, 0",true,false,"0, 0, 0, 0, 0, 0, 0, 0, 0, 0, 600, 3",50,-1,,0,0,0,"0, 0, 0, 0",36,0,36,-1,-1,false,-1,-1,-1,0,0,0,"0, 0, 0, 0",0,0,0,0,0,list,"0, 0, 0, 0, 0, 0, 0","0, 0, 0, 110, 110, 0, 0",0,0,list2,"0, 0, 0, 0, 0",loopBonusSkillList,0,"20, 19, 16, 41, 42, 43, 44, 45",此功法向敌人施加的幻毒将变化为更难驱除的旧时毒素；此功法发挥$0$成威力时，会同时向敌人施加郁毒、寒毒、幻毒,此功法向敌人施加的幻毒大幅提高，但有较低的几率令运用者同时被施加一部分幻毒；此功法发挥$0$成威力时，长时间内封禁敌人最多3个内功比例不低于60%的功法
707,化脉神针,7,化脉神针既非点穴，亦非截血，其所发之细针能随人体周身经脉游动，所经之诸穴无不受损，乃是能一举化灭敌人全身经脉之化脉奇法。,1,御射,Invalid,3,3,5,851,true,true,38,属性1=140; 属性2=25; 属性5=40; 属性92=450; 属性58=450,666,1392,4,7,7,true,"3, 4, 5, 6",3,450,0,0,-1,-1,0,"0, 0, 0, 0",0,"0, 0, 0, 0","0, 0, 0, 0","外:0, 内:0","外:0, 内:0","外:0, 内:0",0,0,0,0,0,0,0,0,"0, 0, 0, 0, 0, 0",18000,4,0,100,100,20,600,15,式2=4,3,0,102,-1,"0, 40, 1, 40, 40, 0, 0",270,"10, 70, 20, 0",true,false,"0, 0, 800, 3, 0, 0, 0, 0, 0, 0, 0, 0",50,-1,,0,0,0,"0, 0, 0, 0",36,0,36,-1,-1,false,-1,-1,-1,0,0,0,"0, 0, 0, 0",0,0,0,0,0,list,"0, 0, 0, 0, 0, 0, 0","0, 0, 0, 140, 140, 0, 0",0,0,list2,"0, 0, 0, 0, 0",loopBonusSkillList,0,"20, 19, 16, 41, 43, 44, 45, 46",以此功法攻击敌人时，敌人所中郁毒越深，此功法对敌人造成的直接伤害就提高越多；此功法发挥$0$成威力后，敌人所中郁毒越深，敌人就失去越多「摧破」、「护体」、「轻灵」、「奇窍」真气，且在一定时间内真气无法自然恢复,以此功法攻击敌人时，运用者所中郁毒越深，此功法对敌人造成的直接伤害就提高越多；此功法发挥$0$成威力后，运用者所中郁毒越深，敌人就失去越多「摧破」、「护体」、「轻灵」、「奇窍」真气，且在一定时间内真气无法自然恢复
708,十二弦奇针功,8,十二弦奇针功能以十二道无形内气同时操纵无数长针刺击人身七十二处大穴与三十六处无名奇穴，可谓天下无双，入圣通神，乃百花谷御针奇术之绝诣也。,1,御射,Invalid,3,3,2,852,true,true,39,属性1=120; 属性2=50; 属性5=50; 属性92=500; 属性58=500,667,1393,5,1,8,true,"0, 1, 3, 4",3,500,0,0,-1,-1,0,"0, 0, 0, 0",0,"0, 0, 0, 0","0, 0, 0, 0","外:0, 内:0","外:0, 内:0","外:0, 内:0",0,0,0,0,0,0,0,0,"0, 0, 0, 0, 0, 0",15000,4,0,100,100,20,800,20,式2=4,3,0,102,-1,"30, 30, 1, 30, 30, 0, 0",210,"0, 90, 10, 0",true,false,"0, 0, 0, 0, 0, 0, 0, 0, 0, 0, 1200, 3",50,-1,,0,0,0,"0, 0, 0, 0",36,0,36,-1,-1,false,-1,-1,-1,0,0,0,"0, 0, 0, 0",0,0,0,0,0,list,"0, 0, 0, 0, 0, 0, 0","0, 0, 0, 180, 180, 0, 0",0,0,list2,"0, 0, 0, 0, 0",loopBonusSkillList,0,"20, 19, 16, 41, 42, 43, 44, 45",以此功法攻击敌人时，运用者消耗最多12次变招机会，每4个被消耗的变招机会，都会使敌人被攻击的部位出现1个封穴标记；此功法发挥$0$成威力后，运用者获得6层此效果：此效果层数可作为变招机会使用，且每当运用者以变招击中敌人时，根据变招击中敌人的部位的不同，使敌人的内力属性在本场战斗中发生变化,以此功法攻击敌人时，运用者消耗最多12次变招机会，每4个被消耗的变招机会，都会使敌人被攻击的部位出现1个破绽标记；此功法发挥$0$成威力后，运用者获得6层此效果：此效果层数可作为变招机会使用，且每当运用者以变招击中敌人时，根据变招击中敌人的部位的不同，使敌人的内力属性在本场战斗中发生变化
709,袖里飞燕,0,袖里飞燕招式隐秘，施放迅速，仅需极少的步骤即可组合完成，且能于飞出后分散为数支细小短镖，分点敌人手、足、颈、目。,1,御射,Invalid,1,9,5,853,true,false,44,属性1=65; 属性5=35; 属性92=100; 属性56=60; 属性57=60; 属性60=60; 属性61=60,451,1177,1,8,0,false,"3, 4",1,100,0,0,-1,-1,0,"0, 0, 0, 0",0,"0, 0, 0, 0","0, 0, 0, 0","外:0, 内:0","外:0, 内:0","外:0, 内:0",0,0,0,0,0,0,0,0,"0, 0, 0, 0, 0, 0",15000,4,0,60,0,20,240,20,式12=2,1,0,30,-1,"0, 0, 1, 30, 30, 30, 30",50,"10, 40, 50, 0",false,true,"0, 0, 0, 0, 0, 0, 0, 0, 0, 0, 0, 0",50,-1,,0,0,0,"0, 0, 0, 0",36,0,36,-1,-1,false,-1,-1,-1,0,0,0,"0, 0, 0, 0",0,0,0,0,0,list,"0, 0, 0, 20, 20, 0, 0","0, 0, 0, 0, 0, 0, 0",0,0,list2,"0, 0, 0, 0, 0",loopBonusSkillList,0,"20, 19, 17, 41, 42, 43, 44, 45, 46",此功法至少发挥$0$成威力后，运用者获得6层此效果：运用者获得「机」式时，多获得1个「机」式,此功法至少发挥$0$成威力后，运用者获得6层此效果：运用者失去「机」式时，少失去1个「机」式
710,错骨钩,1,错骨钩虽然结构简单，易于组配，但招式狠辣，功用残忍，刺入敌身之后便能展开化作八面有刺之倒钩状，中者皮开肉裂，筋穿骨错，苦不堪言。,1,御射,Invalid,1,9,3,854,true,false,45,属性0=35; 属性1=40; 属性5=40; 属性92=150; 属性56=90; 属性57=90; 属性60=90; 属性61=90,452,1178,1,8,1,false,"3, 4",1,150,0,0,-1,-1,0,"0, 0, 0, 0",0,"0, 0, 0, 0","0, 0, 0, 0","外:0, 内:0","外:0, 内:0","外:0, 内:0",0,0,0,0,0,0,0,0,"0, 0, 0, 0, 0, 0",18000,4,0,60,0,20,280,10,式12=2,1,0,21,-1,"40, 20, 1, 10, 10, 20, 20",70,"30, 10, 60, 0",false,false,"0, 0, 0, 0, 0, 0, 0, 0, 0, 0, 0, 0",50,-1,,0,0,0,"0, 0, 0, 0",36,0,36,-1,-1,false,-1,-1,-1,0,0,0,"0, 0, 0, 0",0,0,0,0,0,list,"0, 0, 0, 30, 30, 0, 0","0, 0, 0, 0, 0, 0, 0",0,0,list2,"0, 0, 0, 0, 0",loopBonusSkillList,0,"20, 19, 17, 41, 42, 43, 44, 45, 46",此功法发挥$0$成威力后，如果运用者拥有1个「机」式，就会消耗1个「机」式，使敌人的架势大幅降低,此功法发挥$0$成威力后，如果运用者拥有1个「机」式，就会消耗1个「机」式，使敌人的提气大幅降低
711,五子连环扣,2,五子连环扣旨在生擒敌人，乃是由众多部件结成五锁相连之形状而成，虽杀伤力有限，但设计精密无比，若非按特殊顺序依次拆卸绝难解开。,1,御射,Invalid,1,9,5,855,true,false,46,属性1=45; 属性3=40; 属性5=45; 属性92=200; 属性56=120; 属性57=120; 属性60=120; 属性61=120,453,1179,2,4,2,false,"3, 4, 5, 6",1,200,0,0,-1,-1,0,"0, 0, 0, 0",0,"0, 0, 0, 0","0, 0, 0, 0","外:0, 内:0","外:0, 内:0","外:0, 内:0",0,0,0,0,0,0,0,0,"0, 0, 0, 0, 0, 0",21000,4,0,60,0,20,240,10,式12=2,1,0,30,-1,"0, 0, 1, 40, 40, 20, 20",120,"10, 80, 10, 0",false,true,"0, 0, 0, 0, 0, 0, 0, 0, 0, 0, 0, 0",50,-1,,0,0,0,"0, 0, 0, 0",36,0,36,-1,-1,false,-1,-1,-1,0,0,0,"0, 0, 0, 0",0,0,0,0,0,list,"0, 0, 0, 20, 20, 10, 10","0, 0, 0, 20, 20, 10, 10",0,0,list2,"0, 0, 0, 0, 0",loopBonusSkillList,0,"20, 19, 41, 42, 43, 44, 45, 46",此功法发挥$0$成威力后，运用者获得4层此效果：此效果剩余的层数越少，运用者施展的「摧破」功法的威力就提高越多,此功法发挥$0$成威力后，运用者获得4层此效果：此效果剩余的层数越少，敌人施展的「摧破」功法的威力就降低越多
712,奇形龙爪索,3,奇形龙爪索不仅结构特异，运转巧妙，而且力量极大，破坏力惊人，可盘于臂上，抬手即发，中者如受狮虎扑击，轻则骨骼断折，重则裂肺掏心。,1,御射,Invalid,2,9,3,856,true,false,47,属性0=50; 属性3=45; 属性5=50; 属性92=250; 属性56=150; 属性57=150; 属性60=150; 属性61=150,454,1180,2,4,3,false,"3, 4",2,250,0,0,-1,-1,0,"0, 0, 0, 0",0,"0, 0, 0, 0","0, 0, 0, 0","外:0, 内:0","外:0, 内:0","外:0, 内:0",0,0,0,0,0,0,0,0,"0, 0, 0, 0, 0, 0",24000,4,0,80,0,20,600,15,式12=3,2,0,21,-1,"100, 20, 1, 0, 0, 0, 0",80,"50, 30, 20, 0",false,false,"0, 0, 0, 0, 0, 0, 0, 0, 0, 0, 0, 0",50,-1,,0,0,0,"0, 0, 0, 0",36,0,36,-1,-1,false,-1,-1,-1,0,0,0,"0, 0, 0, 0",0,0,0,0,0,list,"0, 0, 0, 50, 50, 0, 0","0, 0, 0, 0, 0, 0, 0",0,0,list2,"0, 0, 0, 0, 0",loopBonusSkillList,0,"20, 19, 17, 41, 42, 43, 44, 45, 46",此功法的最小攻击距离大幅降低；此功法发挥$0$成威力时，将敌人击退6距离，如果运用者额外消耗1个「机」式，敌人从越近的地方被击退，受到的伤害就提高越多,此功法的最大攻击距离大幅提高；此功法发挥$0$成威力时，将敌人拉近6距离，如果运用者额外消耗1个「机」式，敌人从越远的地方被拉近，受到的伤害就提高越多
713,天罗地网,4,天罗地网由百余道细索及三十六组机簧组合而成，不仅构造无比巧妙，且可依循宫阵方位之变化而收发，可谓：“器既坚利，法亦精奇”。,1,御射,Invalid,2,9,5,857,true,true,48,属性1=100; 属性5=60; 属性92=300; 属性56=180; 属性57=180; 属性60=180; 属性61=180,455,1181,3,7,4,false,"3, 4, 5, 6",2,300,0,0,-1,-1,0,"0, 0, 0, 0",0,"0, 0, 0, 0","0, 0, 0, 0","外:0, 内:0","外:0, 内:0","外:0, 内:0",0,0,0,0,0,0,0,0,"0, 0, 0, 0, 0, 0",24000,4,0,80,0,20,400,20,式12=3,2,0,30,-1,"30, 30, 1, 10, 10, 20, 20",160,"10, 60, 30, 0",false,true,"0, 0, 0, 0, 0, 0, 0, 0, 0, 0, 0, 0",50,-1,,0,0,0,"0, 0, 0, 0",36,0,36,-1,-1,false,-1,-1,-1,0,0,0,"0, 0, 0, 0",0,0,0,0,0,list,"0, 0, 0, 35, 35, 15, 15","0, 0, 0, 35, 35, 15, 15",0,0,list2,"0, 0, 0, 0, 0",loopBonusSkillList,0,"20, 19, 41, 42, 43, 44, 45, 46",此功法发挥$0$成威力后，运用者获得30层此效果：每当敌人前进，运用者以每0.1距离消耗1层此效果为代价，抵消敌人移动的距离,此功法发挥$0$成威力后，运用者获得30层此效果：每当敌人后退，运用者以每0.1距离消耗1层此效果为代价，抵消敌人移动的距离
714,泰山锁,5,泰山锁长三尺六分，由十八个部件组成，能发巨力，威力奇强，中者如泰山压于顶，铅铁灌于身，无不伏地待毙，束手就擒。,1,御射,Invalid,2,9,3,858,true,true,49,属性0=80; 属性2=45; 属性3=50; 属性92=350; 属性56=210; 属性57=210; 属性60=210; 属性61=210,456,1182,3,4,5,false,"0, 1, 3, 4",2,350,0,0,-1,-1,0,"0, 0, 0, 0",0,"0, 0, 0, 0","0, 0, 0, 0","外:0, 内:0","外:0, 内:0","外:0, 内:0",0,0,0,0,0,0,0,0,"0, 0, 0, 0, 0, 0",30000,4,0,80,0,20,840,10,式12=3,2,0,21,-1,"0, 0, 1, 20, 20, 40, 40",120,"70, 20, 10, 0",false,false,"0, 0, 0, 0, 0, 0, 0, 0, 0, 0, 0, 0",50,-1,,0,0,0,"0, 0, 0, 0",36,0,36,-1,-1,false,-1,-1,-1,0,0,0,"0, 0, 0, 0",0,0,0,0,0,list,"50, 50, 0, 90, 90, 0, 0","0, 0, 0, 0, 0, 0, 0",0,0,list2,"0, 0, 0, 0, 0",loopBonusSkillList,0,"20, 19, 17, 41, 42, 43, 44, 45, 46",此功法发挥$0$成威力时：立即封闭敌人双腿上相当于运用者拥有的「机」式数量的穴道，并消耗运用者所有的「机」式；由此功法造成的封穴，无法被任何效果提升,此功法发挥$0$成威力时：立即封闭敌人双手上相当于运用者拥有的「机」式数量的穴道，并消耗运用者所有的「机」式；由此功法造成的封穴，无法被任何效果提升
715,黄龙木鸢,6,“公输子削竹木以为鹊，成而飞之，三日不下”。黄龙木鸢虽无“三日不下”之神异，但能飞能旋，迅猛无比，爪喙可发炽热烈火，所指无不焚为焦炭。,1,御射,Invalid,3,9,3,859,true,true,50,属性0=55; 属性1=80; 属性5=55; 属性92=400; 属性56=240; 属性57=240; 属性60=240; 属性61=240,457,1183,4,8,6,false,"3, 4",3,400,0,0,-1,-1,0,"0, 0, 0, 0",0,"0, 0, 0, 0","0, 0, 0, 0","外:0, 内:0","外:0, 内:0","外:0, 内:0",0,0,0,0,0,0,0,0,"0, 0, 0, 0, 0, 0",24000,4,0,100,50,20,720,20,式12=4,3,0,30,-1,"60, 60, 1, 0, 0, 0, 0",180,"30, 40, 30, 0",false,false,"0, 0, 0, 0, 0, 0, 0, 0, 0, 0, 0, 0",50,-1,,0,0,0,"0, 0, 0, 0",36,0,36,-1,-1,false,-1,-1,-1,0,0,0,"0, 0, 0, 0",0,0,0,0,0,list,"0, 0, 0, 55, 55, 0, 0","0, 0, 0, 55, 55, 0, 0",0,0,list2,"0, 0, 0, 0, 0",loopBonusSkillList,0,"20, 19, 41, 42, 43, 44, 45, 46",此功法发挥$0$成威力后，运用者获得6层此效果：每当运用者以直接外伤对敌人造成外伤标记，如果运用者额外消耗1个「机」式，就会根据此功法的威力对敌人施加大量随机部位的外伤伤害，且此外伤将立即变化为更难恢复的旧伤,此功法发挥$0$成威力后，运用者获得6层此效果：每当运用者以直接内伤对敌人造成内伤标记，如果运用者额外消耗1个「机」式，就会根据此功法的威力对敌人施加大量随机部位的内伤伤害，且此内伤将立即变化为更难恢复的旧伤
716,天枢玄机,7,巧工作木人，手足俱齐全，以热血漆心，以真力贯顶，能执剑，能投石，恍如有生，此乃巧夺天工，鬼设神施之技，名称“天枢玄机”之法也。,1,御射,Invalid,3,9,5,860,true,true,51,属性1=65; 属性3=75; 属性5=65; 属性92=450; 属性56=270; 属性57=270; 属性60=270; 属性61=270,458,1184,4,4,7,false,"0, 1, 2, 3, 4, 5, 6",3,450,0,0,-1,-1,0,"0, 0, 0, 0",0,"0, 0, 0, 0","0, 0, 0, 0","外:0, 内:0","外:0, 内:0","外:0, 内:0",0,0,0,0,0,0,0,0,"0, 0, 0, 0, 0, 0",39000,0,0,100,50,20,920,15,式12=4,3,0,30,-1,"20, 20, 10, 20, 20, 20, 20",260,"20, 50, 30, 0",false,false,"0, 0, 0, 0, 0, 0, 0, 0, 0, 0, 0, 0",50,-1,,0,0,0,"0, 0, 0, 0",36,0,36,-1,-1,false,-1,-1,-1,0,0,0,"0, 0, 0, 0",0,0,0,0,0,list,"45, 45, 45, 70, 70, 45, 45","45, 45, 45, 70, 70, 45, 45",0,0,list2,"0, 0, 0, 0, 0",loopBonusSkillList,0,"20, 19, 41, 42, 43, 44, 45, 46",此功法发挥$0$成威力后，运用者获得1层此效果：当运用者的战败标记总数达到战败条件时，消除运用者所有可消除的伤势标记和重创标记，并将消除的伤势标记和重创标记的一半转移给敌人，一半变化为运用者的「机」式，随后此功法将不可避免地被「封禁」，持续直到战斗结束,此功法发挥$0$成威力后，运用者获得1层此效果：当运用者的战败标记总数达到战败条件时，消除运用者所有可消除的妨害标记和重创标记，并将消除的妨害标记和重创标记的一半转移给敌人，一半变化为运用者的「机」式，随后此功法将不可避免地被「封禁」，持续直到战斗结束
717,神工如意塔,8,神工如意塔共九万九千九百九十九个部件组成，能变作八种“城器”、八种“阵器”、八种“人器”，城器者，可建城拔寨；阵器者，可供卫千军；人器者，可万般如意。,1,御射,Invalid,3,9,3,861,true,true,52,属性3=50; 属性2=95; 属性5=75; 属性92=500; 属性56=300; 属性57=300; 属性60=300; 属性61=300,1735,1736,5,4,8,false,2,3,500,0,0,-1,-1,0,"0, 0, 0, 0",0,"0, 0, 0, 0","0, 0, 0, 0","外:0, 内:0","外:0, 内:0","外:0, 内:0",0,0,0,0,0,0,0,0,"0, 0, 0, 0, 0, 0",30000,0,0,100,50,20,1080,20,式12=4,3,0,30,-1,"40, 20, 1, 10, 10, 10, 10",200,"60, 40, 0, 0",false,false,"0, 0, 0, 0, 0, 0, 0, 0, 0, 0, 0, 0",50,-1,,0,0,0,"0, 0, 0, 0",36,0,36,-1,-1,false,-1,-1,-1,0,0,0,"0, 0, 0, 0",0,0,0,0,0,list,"0, 0, 140, 0, 0, 0, 0","0, 0, 140, 0, 0, 0, 0",0,0,list2,"0, 0, 0, 0, 0",loopBonusSkillList,0,"20, 19, 41, 42, 43, 44, 45, 46",战斗开始时或此功法发挥$0$成威力后，运用者获得12层此效果：运用者主动施展「摧破」功法或释放兵器的解封时，运用者的「机」式将代替蓄式消耗；运用者使用物品时，此效果的层数将代替机略消耗；运用者使用神剑碎片时，会消耗所有此效果，神剑碎片的威力会根据消耗的效果层数大幅提高,战斗开始时或此功法发挥$0$成威力后，运用者获得12层此效果：运用者主动施展「摧破」功法或释放兵器的解封时，运用者的不可用的蓄式将代替「机」式消耗；运用者使用物品时，此效果的层数将代替机略消耗；运用者使用神剑碎片时，会消耗所有此效果，神剑碎片的威力会根据消耗的效果层数大幅提高
718,云水引,0,云水引悠扬自然，洒脱自如，曲调疾缓相间，高低分明，初如清风徐来，水波不兴，渐而浩如云海，壮如波涛，汹涌不可抵御。,1,乐器,Invalid,1,3,2,862,true,false,40,属性2=40; 属性5=60; 属性93=100; 属性50=100,668,1394,1,3,0,true,2,1,100,0,0,-1,-1,0,"0, 0, 0, 0",0,"0, 0, 0, 0","0, 0, 0, 0","外:0, 内:0","外:0, 内:0","外:0, 内:0",0,0,0,0,0,0,0,0,"0, 0, 0, 0, 0, 0",21000,"0, 4",0,60,100,20,0,15,式9=2,0,0,255,-1,"0, 0, 1, 0, 0, 0, 0",90,"0, 0, 0, 100",false,false,"0, 0, 0, 0, 0, 0, 0, 0, 0, 0, 0, 0",50,-1,,0,0,0,"0, 0, 0, 0",36,0,36,-1,-1,false,-1,-1,-1,0,0,0,"0, 0, 0, 0",0,0,0,0,0,list,"0, 0, 0, 0, 0, 0, 0","0, 0, 0, 0, 0, 0, 0",0,10,list2,"0, 0, 0, 0, 0",loopBonusSkillList,0,"20, 16, 17, 41, 42, 43, 44, 45, 46",此功法发挥$0$成威力后，运用者获得3层此效果：运用者主动施展功法需要消耗的架势将全部改变为需要消耗提气，且运用者因主动施展功法而消耗的提气，将有一部分恢复运用者的架势,此功法发挥$0$成威力后，运用者获得3层此效果：运用者主动施展功法需要消耗的提气将全部改变为需要消耗架势，且运用者因主动施展功法而消耗的架势，将有一部分恢复运用者的提气
719,不思归,1,不思归啸傲风月，洋洋洒洒，曲声时而汩汩争奔走，时而悠悠浅自流，快慢随意，自在逍遥，正是：“一酌误人千日酒，醉埋荒冢不思归”。,1,乐器,Invalid,1,3,5,863,true,false,41,属性2=45; 属性5=70; 属性93=150; 属性50=150,669,1395,1,3,1,true,2,1,150,0,0,-1,-1,0,"0, 0, 0, 0",0,"0, 0, 0, 0","0, 0, 0, 0","外:0, 内:0","外:0, 内:0","外:0, 内:0",0,0,0,0,0,0,0,0,"0, 0, 0, 0, 0, 0",18000,"0, 4",0,60,100,20,0,15,式9=2,0,0,255,-1,"0, 0, 1, 0, 0, 0, 0",60,"0, 0, 0, 100",false,false,"0, 0, 0, 0, 0, 0, 0, 0, 0, 0, 0, 0",50,-1,,0,0,0,"0, 0, 0, 0",36,0,36,-1,-1,false,-1,-1,-1,0,0,0,"0, 0, 0, 0",0,0,0,0,0,list,"0, 0, 0, 0, 0, 0, 0","0, 0, 0, 0, 0, 0, 0",0,20,list2,"0, 0, 0, 0, 0",loopBonusSkillList,0,"20, 16, 17, 41, 42, 43, 44, 45, 46",开始施展此功法时，运用者的心情越愉悦，此功法的威力就提高越多；此功法发挥$0$成威力时，根据运用者心情愉悦的程度，增加运用者下一个「摧破」功法的攻击范围；此功法施展结束时，根据此功法发挥的成数，向运用者施加一个提高心情的特殊状态,开始施展此功法时，敌人的心情越愉悦，此功法的威力就提高越多；此功法发挥$0$成威力时，根据敌人心情愉悦的程度，降低敌人下一个「摧破」功法的攻击范围；此功法施展结束时，根据此功法发挥的成数，向敌人施加一个提高心情的特殊状态
720,凤来仪,2,“箫韶九成，凤凰来仪”。凤来仪曲调高亢，清亮透彻，似凤凰和鸣锵锵铮铮，闻之鼓舞人心，暗霾尽祛，其声有腾跃九州，扬至四海之能。,1,乐器,Invalid,1,3,5,864,true,false,42,属性2=50; 属性5=80; 属性93=200; 属性50=200,670,1396,2,3,2,true,2,1,200,0,0,-1,-1,0,"0, 0, 0, 0",0,"0, 0, 0, 0","0, 0, 0, 0","外:0, 内:0","外:0, 内:0","外:0, 内:0",0,0,0,0,0,0,0,0,"0, 0, 0, 0, 0, 0",21000,"0, 4",0,60,100,20,0,15,式9=2,0,0,255,-1,"0, 0, 1, 0, 0, 0, 0",120,"0, 0, 0, 100",false,false,"0, 0, 0, 0, 0, 0, 0, 0, 0, 0, 0, 0",50,-1,,0,0,0,"0, 0, 0, 0",36,0,36,-1,-1,false,-1,-1,-1,0,0,0,"0, 0, 0, 0",0,0,0,0,0,,"0, 0, 0, 0, 0, 0, 0","0, 0, 0, 0, 0, 0, 0",0,30,,"0, 0, 0, 0, 0",,0,"20, 16, 17, 41, 42, 43, 44, 45, 46",开始施展此功法时，如果运用者的福缘赋性高于敌人的福缘赋性，此功法的威力提高一半运用者的福缘赋性，且如果运用者的合道赋性也高于敌人的合道赋性，向运用者施加一个提高动心、守心的增益状态,开始施展此功法时，如果运用者的福缘赋性高于敌人的福缘赋性，此功法的威力提高一半运用者的福缘赋性，且如果运用者的合道赋性也高于敌人的合道赋性，向敌人施加一个降低动心、守心的损害状态
721,玉妃引,3,玉妃引起时如琴瑟和鸣，花前舞霓裳，落时如鼙鼓同声，惊破千军师，时而缠绵迤逦，只道女儿心思，时而惊心动魄，却述飞蛾扑火，自取灭亡的痴心情长。,1,乐器,Invalid,2,3,2,865,true,false,43,属性2=55; 属性5=90; 属性93=250; 属性50=250,671,1397,2,3,3,true,2,2,250,0,0,-1,-1,0,"0, 0, 0, 0",0,"0, 0, 0, 0","0, 0, 0, 0","外:0, 内:0","外:0, 内:0","外:0, 内:0",0,0,0,0,0,0,0,0,"0, 0, 0, 0, 0, 0",24000,"0, 4",0,80,100,20,0,15,式9=3,0,0,255,-1,"0, 0, 1, 0, 0, 0, 0",320,"0, 0, 0, 100",false,false,"0, 0, 0, 0, 0, 0, 0, 0, 0, 0, 0, 0",50,-1,,0,0,0,"0, 0, 0, 0",36,0,36,-1,-1,false,-1,-1,-1,0,0,0,"0, 0, 0, 0",0,0,0,0,0,,"0, 0, 0, 0, 0, 0, 0","0, 0, 0, 0, 0, 0, 0",0,40,,"0, 0, 0, 0, 0",,0,"20, 16, 17, 41, 42, 43, 44, 45, 46",开始施展此功法时，运用者所有低于初始值的真气恢复3点；此功法发挥$0$成威力时，运用者所有低于初始值的真气再次最多恢复6点,开始施展此功法时，敌人所有高于初始值的真气损耗3点；此功法发挥$0$成威力时，敌人所有高于初始值的真气再次最多损耗6点
722,琼花叹,4,琼花叹婉转阴柔，浅唱而低吟，谱曲绵绵不尽，引扬州风月和而歌之，采枝上新琼为尔成词，其情也深深，其意也切切。,1,乐器,Invalid,2,3,5,866,true,false,44,属性2=60; 属性5=100; 属性93=300; 属性50=300,672,1398,3,3,4,true,2,2,300,0,0,-1,-1,0,"0, 0, 0, 0",0,"0, 0, 0, 0","0, 0, 0, 0","外:0, 内:0","外:0, 内:0","外:0, 内:0",0,0,0,0,0,0,0,0,"0, 0, 0, 0, 0, 0",21000,"0, 4",0,80,100,20,0,15,式9=3,0,0,255,-1,"0, 0, 1, 0, 0, 0, 0",240,"0, 0, 0, 100",false,false,"0, 0, 0, 0, 0, 0, 0, 0, 0, 0, 0, 0",50,-1,,0,0,0,"0, 0, 0, 0",36,0,36,-1,-1,false,-1,-1,-1,0,0,0,"0, 0, 0, 0",0,0,0,0,0,list,"0, 0, 0, 0, 0, 0, 0","0, 0, 0, 0, 0, 0, 0",0,50,list2,"0, 0, 0, 0, 0",loopBonusSkillList,0,"20, 16, 17, 41, 42, 43, 44, 45, 46",此功法发挥$0$成威力时，消除运用者所有强度不低于300%的损害状态，且根据消除的损害状态的数量，为运用者施加一个提高所有七元赋性的增益状态,此功法发挥$0$成威力时，消除敌人所有强度不低于300%的增益状态，且根据消除的增益状态的数量，为敌人施加一个降低所有七元赋性的损害状态
723,葬鹿兰,5,“一切迷离里，往事作南柯”。葬鹿兰飘渺出尘，空灵悠远，乃是百花谷以兰草埋葬死去的白鹿时所奏之挽歌，闻者如入梦中，难分虚实有无。,1,乐器,Invalid,2,3,2,867,true,false,45,属性2=65; 属性5=110; 属性93=350; 属性50=350,673,1399,3,3,5,true,2,2,350,0,0,-1,-1,0,"0, 0, 0, 0",0,"0, 0, 0, 0","0, 0, 0, 0","外:0, 内:0","外:0, 内:0","外:0, 内:0",0,0,0,0,0,0,0,0,"0, 0, 0, 0, 0, 0",24000,"0, 4",0,80,100,20,0,15,式9=3,0,0,255,-1,"0, 0, 1, 0, 0, 0, 0",400,"0, 0, 0, 100",false,false,"0, 0, 0, 0, 0, 0, 0, 0, 0, 0, 0, 0",50,-1,,0,0,0,"0, 0, 0, 0",36,0,36,-1,-1,false,-1,-1,-1,0,0,0,"0, 0, 0, 0",0,0,0,0,0,list,"0, 0, 0, 0, 0, 0, 0","0, 0, 0, 0, 0, 0, 0",0,70,list2,"0, 0, 0, 0, 0",loopBonusSkillList,0,"20, 16, 17, 41, 42, 43, 44, 45, 46",开始施展此功法时，敌我双方拥有的「无」式越多，此功法的威力就增加越多；此功法发挥十成威力时，根据敌我双方的「无」式的数量减少敌人的提气、架势、脚力、真气,开始施展此功法时，敌我双方受到的失神标记越多，此功法的威力就增加越多；此功法发挥十成威力时，根据敌我双方的失神标记的数量减少敌人的提气、架势、脚力、真气
724,天地笑,6,“自从天地开，更长几千尺，举杯向天笑，天回日西照”。天地笑苍茫轩昂，黄钟大吕，涵天地之道于其中，盖盛衰之理于其内，谓知此曲而知天、地、生、死也。,1,乐器,Invalid,3,3,5,868,true,false,46,属性2=70; 属性5=120; 属性93=400; 属性50=400,674,1400,4,3,6,true,2,3,400,0,0,-1,-1,0,"0, 0, 0, 0",0,"0, 0, 0, 0","0, 0, 0, 0","外:0, 内:0","外:0, 内:0","外:0, 内:0",0,0,0,0,0,0,0,0,"0, 0, 0, 0, 0, 0",24000,"0, 4",0,100,100,20,0,15,式9=4,0,0,255,-1,"0, 0, 1, 0, 0, 0, 0",700,"0, 0, 0, 100",false,false,"0, 0, 0, 0, 0, 0, 0, 0, 0, 0, 0, 0",50,-1,,0,0,0,"0, 0, 0, 0",36,0,36,-1,-1,false,-1,-1,-1,0,0,0,"0, 0, 0, 0",0,0,0,0,0,list,"0, 0, 0, 0, 0, 0, 0","0, 0, 0, 0, 0, 0, 0",0,90,list2,"0, 0, 0, 0, 0",loopBonusSkillList,0,"20, 16, 17, 41, 42, 43, 44, 45, 46",此功法发挥$0$成威力时，分别随机大幅增加运用者未受到此功法增强的1个「摧破」功法、1个「护体」功法、1个「轻灵」功法、1个「奇窍」功法的威力，持续直到战斗结束,此功法发挥$0$成威力时，分别随机大幅减少敌人未受到此功法减弱的1个「摧破」功法、1个「护体」功法、1个「轻灵」功法、1个「奇窍」功法的威力，持续直到战斗结束
725,七情曲,0,所谓七情：“喜、怒、忧、惧、爱、憎、欲”。七情曲扑朔迷离，诡奇多变，初闻此曲者即生患得患失，亦喜亦忧之感，待得七情曲终，闻者无不情思错杂，百感共乱。,1,乐器,Invalid,1,8,2,869,true,false,40,属性4=60; 属性5=40; 属性93=100; 属性50=100,349,1075,1,3,0,true,2,1,100,0,0,-1,-1,0,"0, 0, 0, 0",0,"0, 0, 0, 0","0, 0, 0, 0","外:0, 内:0","外:0, 内:0","外:0, 内:0",0,0,0,0,0,0,0,0,"0, 0, 0, 0, 0, 0",27000,"0, 3",0,60,100,20,0,15,式9=2,0,0,741,-1,"0, 0, 1, 0, 0, 0, 0",150,"0, 0, 0, 100",false,false,"0, 0, 0, 0, 0, 0, 0, 0, 0, 0, 0, 0",50,-1,,0,0,0,"0, 0, 0, 0",36,0,36,-1,-1,false,-1,-1,-1,0,0,0,"0, 0, 0, 0",0,0,0,0,0,list,"0, 0, 0, 0, 0, 0, 0","0, 0, 0, 0, 0, 0, 0",0,10,list2,"0, 0, 0, 0, 0",loopBonusSkillList,0,"20, 16, 17, 41, 42, 43, 44, 45, 46",此功法发挥$0$成威力后，运用者获得10层此效果：此效果剩余的层数越少，运用者攻击敌人时，运用者的动心就提高越多,此功法发挥$0$成威力后，运用者获得10层此效果：此效果剩余的层数越少，敌人攻击运用者时，敌人的动心就降低越多
726,清平调,1,清平调乃唐朝遗曲，曲音百转千回，悲愤沉郁，闻者四肢不主，恍如堕入前尘往世之中，纵是曲终，亦不能自拔，越是有情之人，陷入此曲越深。,1,乐器,Invalid,1,8,5,870,true,false,41,属性4=70; 属性5=45; 属性93=150; 属性50=150,350,1076,1,3,1,true,2,1,150,0,0,-1,-1,0,"0, 0, 0, 0",0,"0, 0, 0, 0","0, 0, 0, 0","外:0, 内:0","外:0, 内:0","外:0, 内:0",0,0,0,0,0,0,0,0,"0, 0, 0, 0, 0, 0",27000,"0, 3",0,60,100,20,0,15,式9=2,0,0,741,-1,"0, 0, 1, 0, 0, 0, 0",120,"0, 0, 0, 100",false,false,"0, 0, 0, 0, 0, 0, 0, 0, 0, 0, 0, 0",50,-1,,0,0,0,"0, 0, 0, 0",36,0,36,-1,-1,false,-1,-1,-1,0,0,0,"0, 0, 0, 0",0,0,0,0,0,list,"0, 0, 0, 0, 0, 0, 0","0, 0, 0, 0, 0, 0, 0",0,20,list2,"0, 0, 0, 0, 0",loopBonusSkillList,0,"20, 16, 17, 41, 42, 43, 44, 45, 46",开始施展此功法时，如果敌人没有「无」式，此功法的威力大幅提高；此功法发挥$0$成威力时，向敌人添加1个「无」式，如果敌人没有「无」式，额外再向敌人添加3个「无」式,开始施展此功法时，如果敌人没有失神标记，此功法的威力大幅提高；此功法发挥$0$成威力时，根据此功法的威力对敌人施加少量失神伤害，如果敌人此前没有失神标记，额外再根据此功法的威力对敌人施加大量失神伤害
727,断魂幽吟曲,2,断魂幽吟曲共有胎光、爽灵、幽精三段，每段又分尸狗、伏矢、雀阴、吞贼、非毒、除秽、臭肺七种变化，其声呜呜然，如怨如慕，如泣如诉，余音袅袅，不绝如缕。,1,乐器,Invalid,1,8,2,871,true,false,42,属性4=80; 属性5=50; 属性93=200; 属性50=200,351,1077,2,3,2,true,2,1,200,0,0,-1,-1,0,"0, 0, 0, 0",0,"0, 0, 0, 0","0, 0, 0, 0","外:0, 内:0","外:0, 内:0","外:0, 内:0",0,0,0,0,0,0,0,0,"0, 0, 0, 0, 0, 0",30000,"0, 3",0,60,100,20,0,15,式9=2,0,0,741,-1,"0, 0, 1, 0, 0, 0, 0",180,"0, 0, 0, 100",false,false,"0, 0, 0, 0, 0, 0, 0, 0, 0, 0, 0, 0",50,-1,,0,0,0,"0, 0, 0, 0",36,0,36,-1,-1,false,-1,-1,-1,0,0,0,"0, 0, 0, 0",0,0,0,0,0,list,"0, 0, 0, 0, 0, 0, 0","0, 0, 0, 0, 0, 0, 0",0,30,list2,"0, 0, 0, 0, 0",loopBonusSkillList,0,"20, 16, 17, 41, 42, 43, 44, 45, 46",开始施展此功法时，敌人的心情越痛苦，此功法的威力就提高越多；此功法发挥$0$成威力时，根据敌人心情痛苦的程度，随机恶化敌人的伤势；此功法施展结束时，根据此功法发挥的成数，向敌人施加一个降低心情的特殊状态,开始施展此功法时，运用者的心情越痛苦，此功法的威力就提高越多；此功法发挥$0$成威力时，根据运用者心情痛苦的程度，随机恶化敌人的伤势；此功法施展结束时，根据此功法发挥的成数，向运用者施加一个降低心情的特殊状态
728,黄竹歌,3,黄竹歌曲调低沉，遥不可及，曲中绵绵不绝地述说着西王母候穆王而不至的相思与哀愁，正是：“瑶池阿母绮窗开，黄竹歌声动地哀，八骏日行三万里，穆王何事不重来”。,1,乐器,Invalid,2,8,5,872,true,false,43,属性4=90; 属性5=55; 属性93=250; 属性50=250,352,1078,2,3,3,true,2,2,250,0,0,-1,-1,0,"0, 0, 0, 0",0,"0, 0, 0, 0","0, 0, 0, 0","外:0, 内:0","外:0, 内:0","外:0, 内:0",0,0,0,0,0,0,0,0,"0, 0, 0, 0, 0, 0",27000,"0, 3",0,80,100,20,0,15,式9=3,0,0,741,-1,"0, 0, 1, 0, 0, 0, 0",320,"0, 0, 0, 100",false,false,"0, 0, 0, 0, 0, 0, 0, 0, 0, 0, 0, 0",50,-1,,0,0,0,"0, 0, 0, 0",36,0,36,-1,-1,false,-1,-1,-1,0,0,0,"0, 0, 0, 0",0,0,0,0,0,list,"0, 0, 0, 0, 0, 0, 0","0, 0, 0, 0, 0, 0, 0",0,40,list2,"0, 0, 0, 0, 0",loopBonusSkillList,0,"20, 16, 17, 41, 42, 43, 44, 45, 46",此功法发挥$0$成威力时，运用者立即无消耗施展另一个品阶与敌人拥有的「无」式数量相关的「魔音」功法攻击敌人，如果再次立即施展的功法仍为此功法，此功法的正练效果暂时变化为：“开始施展此功法时，此功法的威力提高”,此功法发挥$0$成威力时，运用者立即无消耗施展另一个品阶与敌人所受的失神标记数量相关的「魔音」功法攻击敌人，如果再次立即施展的功法仍为此功法，此功法的逆练效果暂时变化为：“开始施展此功法时，此功法的威力提高”
729,湘女泣苍梧,4,“舜崩，二妃啼，以涕挥竹，竹尽斑”。湘女泣苍梧哀婉幽怨，思绪缠绵，闻此曲者，不由得悲从中来，终于肝肠寸断，心神俱伤。,1,乐器,Invalid,2,8,2,873,true,false,44,属性4=100; 属性5=60; 属性93=300; 属性50=300,353,1079,3,3,4,true,2,2,300,0,0,-1,-1,0,"0, 0, 0, 0",0,"0, 0, 0, 0","0, 0, 0, 0","外:0, 内:0","外:0, 内:0","外:0, 内:0",0,0,0,0,0,0,0,0,"0, 0, 0, 0, 0, 0",33000,"0, 3",0,80,100,20,0,15,式9=3,0,0,741,-1,"0, 0, 1, 0, 0, 0, 0",480,"0, 0, 0, 100",false,false,"0, 0, 0, 0, 0, 0, 0, 0, 0, 0, 0, 0",50,-1,,0,0,0,"0, 0, 0, 0",36,0,36,-1,-1,false,-1,-1,-1,0,0,0,"0, 0, 0, 0",0,0,0,0,0,list,"0, 0, 0, 0, 0, 0, 0","0, 0, 0, 0, 0, 0, 0",0,50,list2,"0, 0, 0, 0, 0",loopBonusSkillList,0,"20, 16, 17, 41, 42, 43, 44, 45, 46",开始施展此功法时，如果敌人有已逝世的配偶，已逝世的好感最低的配偶对敌人的好感越高，此功法的威力就增加越多，但如果已逝世的好感最低的配偶对敌人的好感低于陌路，此功法的威力反而会大幅减少,开始施展此功法时，如果运用者有已逝世的配偶，已逝世的好感最低的配偶对运用者的好感越高，此功法的威力就增加越多，但如果已逝世的好感最低的配偶对运用者的好感低于陌路，此功法的威力反而会大幅减少
730,三霄迷仙曲,5,传说三霄迷仙曲乃“云霄、琼霄、碧霄”三宵娘娘所合奏。此曲情色迷浪，风风韵韵，闻此曲者，无不意乱情迷，神思不能自已，从此为奏曲者所驱策，而成行尸走肉。,1,乐器,Invalid,2,8,2,874,true,true,45,属性4=110; 属性5=65; 属性93=350; 属性50=350,354,1080,3,3,5,true,2,2,350,0,0,-1,-1,0,"0, 0, 0, 0",0,"0, 0, 0, 0","0, 0, 0, 0","外:0, 内:0","外:0, 内:0","外:0, 内:0",0,0,0,0,0,0,0,0,"0, 0, 0, 0, 0, 0",30000,"0, 3",0,80,100,20,0,15,式9=3,0,0,741,-1,"0, 0, 1, 0, 0, 0, 0",400,"0, 0, 0, 100",false,false,"0, 0, 0, 0, 0, 0, 0, 0, 0, 0, 0, 0",50,-1,,0,0,0,"0, 0, 0, 0",36,0,36,-1,-1,false,-1,-1,-1,0,0,0,"0, 0, 0, 0",0,0,0,0,0,list,"0, 0, 0, 0, 0, 0, 0","0, 0, 0, 0, 0, 0, 0",0,70,list2,"0, 0, 0, 0, 0",loopBonusSkillList,0,"20, 16, 17, 41, 42, 43, 44, 45, 46",开始施展此功法时：运用者的动心额外附加一部分运用者的魅力；如果敌人为男性，此功法威力提高，且如果敌人非童子之身，此功法威力额外提高,开始施展此功法时：运用者的动心额外附加一部分运用者的魅力；如果敌人为女性，此功法威力提高，且如果敌人非童女之身，此功法威力额外提高
731,广寒歌,6,“嫦娥应悔偷灵药，碧海青天夜夜心”。广寒歌朦胧苍凉，寂寂清清，闻此曲者，犹如身在广寒，凄入肝脾，冷入心肠，终于麻木不仁，不知何去何从也。,1,乐器,Invalid,3,8,2,875,true,true,46,属性4=120; 属性5=70; 属性93=400; 属性50=400,355,1081,4,3,6,true,2,3,400,0,0,-1,-1,0,"0, 0, 0, 0",0,"0, 0, 0, 0","0, 0, 0, 0","外:0, 内:0","外:0, 内:0","外:0, 内:0",0,0,0,0,0,0,0,0,"0, 0, 0, 0, 0, 0",33000,"0, 3",0,100,100,20,0,15,式9=4,0,0,741,-1,"0, 0, 1, 0, 0, 0, 0",800,"0, 0, 0, 100",false,false,"0, 0, 0, 0, 0, 0, 0, 0, 0, 0, 0, 0",50,-1,,0,0,0,"0, 0, 0, 0",36,0,36,-1,-1,false,-1,-1,-1,0,0,0,"0, 0, 0, 0",0,0,0,0,0,list,"0, 0, 0, 0, 0, 0, 0","0, 0, 0, 0, 0, 0, 0",0,90,list2,"0, 0, 0, 0, 0",loopBonusSkillList,0,"20, 16, 17, 41, 42, 43, 44, 45, 46",开始施展此功法时：如果敌人没有助战的同道，此功法的威力大幅提高；如果敌人有助战的同道，而运用者没有助战的同道，运用者获得大量真气，数量相当于随机1名敌人的助战同道的部分真气；此功法发挥$0$成威力时，向敌人添加3个「无」式,开始施展此功法时：如果运用者没有助战的同道，此功法的威力大幅提高；如果运用者有助战的同道，而敌人没有助战的同道，敌人失去大量真气，数量相当于随机1名运用者的助战同道的部分真气；此功法发挥$0$成威力时，根据此功法的威力对敌人施加大量失神标记
732,候人兮猗,7,候人兮猗出自远古涂山氏女娇，此曲虽仅有“候、人、兮、猗”四个字音，但字字发于心声，动于至情，乃是痴言，乃是蜜语，乃是“直道相思了无益，未妨惆怅是清狂”。,1,乐器,Invalid,3,8,5,876,true,true,47,属性4=130; 属性5=75; 属性93=450; 属性50=450,356,1082,4,3,7,true,2,3,450,0,0,-1,-1,0,"0, 0, 0, 0",0,"0, 0, 0, 0","0, 0, 0, 0","外:0, 内:0","外:0, 内:0","外:0, 内:0",0,0,0,0,0,0,0,0,"0, 0, 0, 0, 0, 0",36000,"0, 3",0,100,100,20,0,15,式9=4,0,0,741,-1,"0, 0, 1, 0, 0, 0, 0",1000,"0, 0, 0, 100",false,false,"0, 0, 0, 0, 0, 0, 0, 0, 0, 0, 0, 0",50,-1,,0,0,0,"0, 0, 0, 0",36,0,36,-1,-1,false,-1,-1,-1,0,0,0,"0, 0, 0, 0",0,0,0,0,0,list,"0, 0, 0, 0, 0, 0, 0","0, 0, 0, 0, 0, 0, 0",0,120,list2,"0, 0, 0, 0, 0",loopBonusSkillList,0,"20, 16, 17, 41, 42, 43, 44, 45, 46",开始施展此功法时，敌人与越多人相互爱慕，此功法的威力就提高越多，但如果与敌人相互爱慕的人数超过10人，此功法的威力反而会降低,开始施展此功法时，运用者与越多人相互爱慕，此功法的威力就提高越多，但如果与运用者相互爱慕的人数超过10人，此功法的威力反而会降低
733,素女天音,8,“太帝使素女鼓五十弦瑟，悲，帝禁不止，故破其瑟为二十五弦”。素女天音乃上古遗音，起如天地悲鸣，落似万念成灰，其音无法可述，无法可解，故称“天音”。,1,乐器,Invalid,3,8,2,877,true,true,48,属性4=140; 属性5=80; 属性93=500; 属性50=500,357,1083,5,3,8,true,2,3,500,0,0,-1,-1,0,"0, 0, 0, 0",0,"0, 0, 0, 0","0, 0, 0, 0","外:0, 内:0","外:0, 内:0","外:0, 内:0",0,0,0,0,0,0,0,0,"0, 0, 0, 0, 0, 0",39600,"0, 3",0,100,100,20,0,15,式9=4,0,0,741,-1,"0, 0, 1, 0, 0, 0, 0",1200,"0, 0, 0, 100",false,false,"0, 0, 0, 0, 0, 0, 0, 0, 0, 0, 0, 0",50,-1,,0,0,0,"0, 0, 0, 0",36,0,36,-1,-1,false,-1,-1,-1,0,0,0,"0, 0, 0, 0",0,0,0,0,0,list,"0, 0, 0, 0, 0, 0, 0","0, 0, 0, 0, 0, 0, 0",0,160,list2,"0, 0, 0, 0, 0",loopBonusSkillList,0,"20, 16, 17, 41, 42, 43, 44, 45, 46",以此功法开始攻击敌人时，如果敌人有3个及以上的「无」式，消除敌人运起的「护体」、「轻灵」功法；此功法发挥$0$成威力时，消除敌人所有的「无」式，并根据消除的数量，向敌人添加等量的重创标记,以此功法开始攻击敌人时，如果敌人有6个及以上的失神标记，消除敌人运起的「护体」、「轻灵」功法；此功法发挥$0$成威力时，消除敌人所有的失神标记，并根据消除的数量，向敌人添加等量的重创标记
734,神女还剑,8,,0,内功,Invalid,1,0,5,-1,false,false,-1,list,1497,1497,0,-1,8,false,"2, 0, 1, 3, 4, 5, 6",3,500,0,0,-1,-1,0,"9, 9, 9, 9",0,"0, 0, 6, 0","0, 0, 6, 0","外:6, 内:6","外:0, 内:0","外:0, 内:0",0,0,0,0,0,0,0,0,"0, 0, 0, 0, 0, 0",0,list2,0,0,50,0,0,0,list3,0,0,-1,-1,"20, 20, 1, 20, 20, 20, 20",0,"0, 0, 0, 0",false,false,"0, 0, 0, 0, 0, 0, 0, 0, 0, 0, 0, 0",0,-1,,0,0,0,"0, 0, 0, 0",36,0,36,-1,-1,false,-1,-1,-2,0,0,0,"0, 0, 0, 0",0,0,0,0,0,list,"0, 0, 0, 0, 0, 0, 0","0, 0, 0, 0, 0, 0, 0",0,0,list2,"0, 0, 0, 0, 0",loopBonusSkillList,0,"0, 1, 2, 3",莫女首次被击败时，将进入新的战斗阶段：莫女追击敌人的几率大幅增加，且追击敌人造成的伤害提高200%,莫女首次被击败时，将进入新的战斗阶段：莫女追击敌人的几率大幅增加，且追击敌人造成的伤害提高200%
735,镇狱伏邪,8,,0,内功,Invalid,1,0,5,-1,false,false,-1,list,1498,1498,0,-1,8,false,"2, 0, 1, 3, 4, 5, 6",3,500,0,0,-1,-1,0,"9, 9, 9, 9",0,"6, 0, 0, 0","6, 0, 0, 0","外:6, 内:0","外:6, 内:0","外:0, 内:0",0,0,0,0,0,0,0,0,"0, 0, 0, 0, 0, 0",0,list2,0,0,0,0,0,0,list3,0,0,-1,-1,"20, 20, 1, 20, 20, 20, 20",0,"0, 0, 0, 0",false,false,"0, 0, 0, 0, 0, 0, 0, 0, 0, 0, 0, 0",0,-1,,0,0,0,"0, 0, 0, 0",36,0,36,-1,-1,false,-1,-1,-2,0,0,0,"0, 0, 0, 0",0,0,0,0,0,list,"0, 0, 0, 0, 0, 0, 0","0, 0, 0, 0, 0, 0, 0",0,0,list2,"0, 0, 0, 0, 0",loopBonusSkillList,0,"0, 1, 2, 3",大岳瑶常首次被击败时，将进入新的战斗阶段：大岳瑶常的每次兵器攻击均能够「打断」敌人正在施展的功法,大岳瑶常首次被击败时，将进入新的战斗阶段：大岳瑶常的每次兵器攻击均能够「打断」敌人正在施展的功法
736,奇寒灵气,8,,0,内功,Invalid,1,0,5,-1,false,false,-1,list,1499,1499,0,-1,8,true,"2, 0, 1",3,500,0,0,-1,-1,0,"9, 9, 9, 9",0,"0, 0, 0, 6","0, 0, 0, 6","外:4, 内:4","外:4, 内:4","外:0, 内:0",0,0,0,0,0,0,0,0,"0, 0, 0, 0, 0, 0",0,list2,0,0,70,0,0,0,list3,0,0,-1,-1,"20, 20, 1, 20, 20, 20, 20",0,"0, 0, 0, 0",false,false,"0, 0, 0, 0, 0, 0, 0, 0, 0, 0, 0, 0",0,-1,,0,0,0,"0, 0, 0, 0",36,0,36,-1,-1,false,-1,-1,-2,0,0,0,"0, 0, 0, 0",0,0,0,0,0,list,"0, 0, 0, 0, 0, 0, 0","0, 0, 0, 0, 0, 0, 0",0,0,list2,"0, 0, 0, 0, 0",loopBonusSkillList,0,"0, 1, 2, 3",九寒首次被击败时，将进入新的战斗阶段：只要敌人在九寒的攻击范围之内，敌人的提气、架势恢复速度大幅降低,九寒首次被击败时，将进入新的战斗阶段：只要敌人在九寒的攻击范围之内，敌人的提气、架势恢复速度大幅降低
737,七文五彩,8,,0,内功,Invalid,1,0,5,-1,false,false,-1,list,1500,1500,0,-1,8,false,"2, 0, 1, 3, 4, 5, 6",3,500,0,0,-1,-1,0,"9, 9, 9, 9",0,"4, 0, 4, 0","4, 0, 4, 0","外:6, 内:6","外:0, 内:0","外:0, 内:0",0,0,0,0,0,0,0,0,"0, 0, 0, 0, 0, 0",0,list2,0,0,30,0,0,0,list3,0,0,-1,-1,"20, 20, 1, 20, 20, 20, 20",0,"0, 0, 0, 0",false,false,"0, 0, 0, 0, 0, 0, 0, 0, 0, 0, 0, 0",0,-1,,0,0,0,"0, 0, 0, 0",36,0,36,-1,-1,false,-1,-1,-2,0,0,0,"0, 0, 0, 0",0,0,0,0,0,list,"0, 0, 0, 0, 0, 0, 0","0, 0, 0, 0, 0, 0, 0",0,0,list2,"0, 0, 0, 0, 0",loopBonusSkillList,0,"0, 1, 2, 3",金凰儿首次被击败时，将进入新的战斗阶段：金凰儿的各类真气会同时持续增加1点；一旦金凰儿的所有真气均高于敌人对应类型真气的2倍或以上，金凰儿就能免受敌人造成的所有直接伤害,金凰儿首次被击败时，将进入新的战斗阶段：金凰儿的各类真气会同时持续增加1点；一旦金凰儿的所有真气均高于敌人对应类型真气的2倍或以上，金凰儿就能免受敌人造成的所有直接伤害
738,倾国绝世,8,,0,内功,Invalid,1,0,5,-1,false,false,-1,list,1501,1501,0,-1,8,true,2,3,500,0,0,-1,-1,0,"9, 9, 9, 9",0,"0, 4, 0, 4","0, 4, 0, 4","外:0, 内:6","外:0, 内:6","外:0, 内:0",0,0,0,0,0,0,0,0,"0, 0, 0, 0, 0, 0",0,list2,0,0,100,0,0,0,list3,0,0,-1,-1,"20, 20, 1, 20, 20, 20, 20",0,"0, 0, 0, 0",false,false,"0, 0, 0, 0, 0, 0, 0, 0, 0, 0, 0, 0",0,-1,,0,0,0,"0, 0, 0, 0",36,0,36,-1,-1,false,-1,-1,-2,0,0,0,"0, 0, 0, 0",0,0,0,0,0,list,"0, 0, 0, 0, 0, 0, 0","0, 0, 0, 0, 0, 0, 0",0,0,list2,"0, 0, 0, 0, 0",loopBonusSkillList,0,"0, 1, 2, 3",衣以侯首次被击败时，将进入新的战斗阶段：只要衣以侯可用的式多于敌人可用的式，衣以侯所施展的神力对敌人造成的直接伤害就会变为3倍，且无法被反震,衣以侯首次被击败时，将进入新的战斗阶段：只要衣以侯可用的式多于敌人可用的式，衣以侯所施展的神力对敌人造成的直接伤害就会变为3倍，且无法被反震
739,烛阴化命,8,,0,内功,Invalid,1,0,5,-1,false,false,-1,list,1502,1502,0,-1,8,false,"2, 0, 1",3,500,0,0,-1,-1,0,"9, 9, 9, 9",0,"0, 0, 0, 0","0, 0, 0, 0","外:6, 内:6","外:6, 内:6","外:0, 内:0",0,0,0,0,0,0,0,0,"0, 0, 0, 0, 0, 0",0,list2,0,0,40,0,0,0,list3,0,0,-1,-1,"20, 20, 1, 20, 20, 20, 20",0,"0, 0, 0, 0",false,false,"0, 0, 0, 0, 0, 0, 0, 0, 0, 0, 0, 0",0,-1,,0,0,0,"0, 0, 0, 0",36,0,36,-1,-1,false,-1,-1,-2,0,0,0,"0, 0, 0, 0",0,0,0,0,0,list,"0, 0, 0, 0, 0, 0, 0","0, 0, 0, 0, 0, 0, 0",0,0,list2,"0, 0, 0, 0, 0",loopBonusSkillList,0,"0, 1, 2, 3",卫起首次被击败时，将进入新的战斗阶段：卫起的外伤、内伤标记会随时间迅速自行消除,卫起首次被击败时，将进入新的战斗阶段：卫起的外伤、内伤标记会随时间迅速自行消除
740,溶尘化玉,8,,0,内功,Invalid,1,0,5,-1,false,false,-1,list,1503,1503,0,-1,8,true,"2, 0, 1, 3, 4, 5, 6",3,500,0,0,-1,-1,0,"9, 9, 9, 9",0,"0, 6, 0, 0","0, 6, 0, 0","外:0, 内:6","外:0, 内:6","外:0, 内:0",0,0,0,0,0,0,0,0,"0, 0, 0, 0, 0, 0",0,list2,0,0,70,0,0,0,list3,0,0,-1,-1,"20, 20, 1, 20, 20, 20, 20",0,"0, 0, 0, 0",false,false,"0, 0, 0, 0, 0, 0, 0, 0, 0, 0, 0, 0",0,-1,,0,0,0,"0, 0, 0, 0",36,0,36,-1,-1,false,-1,-1,-2,0,0,0,"0, 0, 0, 0",0,0,0,0,0,list,"0, 0, 0, 0, 0, 0, 0","0, 0, 0, 0, 0, 0, 0",0,0,list2,"0, 0, 0, 0, 0",loopBonusSkillList,0,"0, 1, 2, 3",以向首次被击败时，将进入新的战斗阶段：以向的脚力剩余越多，以向的卸力、拆招、闪避、守心就提高越多,以向首次被击败时，将进入新的战斗阶段：以向的脚力剩余越多，以向的卸力、拆招、闪避、守心就提高越多
741,八肱八趾,8,,0,内功,Invalid,1,0,5,-1,false,false,-1,list,1504,1504,0,-1,8,false,"3, 4, 5, 6",3,500,0,0,-1,-1,0,"9, 9, 9, 9",0,"4, 0, 0, 0","4, 0, 0, 0","外:6, 内:0","外:6, 内:0","外:0, 内:0",0,0,0,0,0,0,0,0,"0, 0, 0, 0, 0, 0",0,list2,0,0,0,0,0,0,list3,0,0,-1,-1,"20, 20, 1, 20, 20, 20, 20",0,"0, 0, 0, 0",false,false,"0, 0, 0, 0, 0, 0, 0, 0, 0, 0, 0, 0",0,-1,,0,0,0,"0, 0, 0, 0",36,0,36,-1,-1,false,-1,-1,-2,0,0,0,"0, 0, 0, 0",0,0,0,0,0,list,"0, 0, 0, 0, 0, 0, 0","0, 0, 0, 0, 0, 0, 0",0,0,list2,"0, 0, 0, 0, 0",loopBonusSkillList,0,"0, 1, 2, 3",血枫首次被击败时，将进入新的战斗阶段：血枫对敌人造成的所有直接伤害大幅提高；敌人对血枫造成的所有直接伤害大幅降低,血枫首次被击败时，将进入新的战斗阶段：血枫对敌人造成的所有直接伤害大幅提高；敌人对血枫造成的所有直接伤害大幅降低
742,方天敕令,8,,0,内功,Invalid,1,0,5,-1,false,false,-1,list,1505,1505,0,-1,8,true,2,3,500,0,0,-1,-1,0,"9, 9, 9, 9",0,"0, 0, 0, 6","0, 0, 0, 6","外:0, 内:0","外:6, 内:6","外:0, 内:0",0,0,0,0,0,0,0,0,"0, 0, 0, 0, 0, 0",0,list2,0,0,100,0,0,0,list3,0,0,-1,-1,"20, 20, 1, 20, 20, 20, 20",0,"0, 0, 0, 0",false,false,"0, 0, 0, 0, 0, 0, 0, 0, 0, 0, 0, 0",0,-1,,0,0,0,"0, 0, 0, 0",36,0,36,-1,-1,false,-1,-1,-2,0,0,0,"0, 0, 0, 0",0,0,0,0,0,list,"0, 0, 0, 0, 0, 0, 0","0, 0, 0, 0, 0, 0, 0",0,0,list2,"0, 0, 0, 0, 0",loopBonusSkillList,0,"0, 1, 2, 3",术方首次被击败时，将进入新的战斗阶段：敌人对术方造成直接伤害时，这一伤害的内伤与外伤的比例差距越大，术方就反震越多的伤害给敌人,术方首次被击败时，将进入新的战斗阶段：敌人对术方造成直接伤害时，这一伤害的内伤与外伤的比例差距越大，术方就反震越多的伤害给敌人
743,万相核枢,8,,0,内功,Invalid,1,0,5,-1,false,false,-1,list,1506,1506,0,-1,8,true,"2, 0, 1, 3, 4, 5, 6",3,500,0,0,-1,-1,0,"9, 9, 9, 9",0,"0, 0, 0, 0","4, 4, 4, 4","外:8, 内:8","外:4, 内:4","外:0, 内:0",0,0,0,0,0,0,0,0,"0, 0, 0, 0, 0, 0",0,list2,0,0,50,0,0,0,list3,0,0,-1,-1,"20, 20, 1, 20, 20, 20, 20",0,"0, 0, 0, 0",false,false,"0, 0, 0, 0, 0, 0, 0, 0, 0, 0, 0, 0",0,-1,,0,0,0,"0, 0, 0, 0",36,0,36,-1,-1,false,-1,-1,-2,0,0,0,"0, 0, 0, 0",0,0,0,0,0,list,"0, 0, 0, 0, 0, 0, 0","0, 0, 0, 0, 0, 0, 0",0,0,list2,"0, 0, 0, 0, 0",loopBonusSkillList,0,"0, 1, 2, 3",相枢首次被击败时，将进入新的战斗阶段：敌人的轮回次数每比9次少1次，相枢对敌人造成的直接伤害就有极高的几率提高30%，敌人对相枢造成的直接伤害就有极高的几率降低15%,相枢首次被击败时，将进入新的战斗阶段：敌人的轮回次数每比9次少1次，相枢对敌人造成的直接伤害就有极高的几率提高30%，敌人对相枢造成的直接伤害就有极高的几率降低15%
744,十转尘心,8,,0,内功,Invalid,1,0,5,-1,false,false,-1,list,1507,1507,0,-1,8,true,"2, 0, 1, 3, 4, 5, 6",3,500,0,0,-1,-1,0,"9, 9, 9, 9",0,"4, 4, 4, 4","0, 0, 0, 0","外:4, 内:4","外:8, 内:8","外:0, 内:0",0,0,0,0,0,0,0,0,"0, 0, 0, 0, 0, 0",0,list2,0,0,50,0,0,0,list3,0,0,-1,-1,"20, 20, 1, 20, 20, 20, 20",0,"0, 0, 0, 0",false,false,"0, 0, 0, 0, 0, 0, 0, 0, 0, 0, 0, 0",0,-1,,0,0,0,"0, 0, 0, 0",36,0,36,-1,-1,false,-1,-1,-2,0,0,0,"0, 0, 0, 0",0,0,0,0,0,list,"0, 0, 0, 0, 0, 0, 0","0, 0, 0, 0, 0, 0, 0",0,0,list2,"0, 0, 0, 0, 0",loopBonusSkillList,0,"0, 1, 2, 3",每当染尘子唤出不同的神剑，染尘子所有类型的真气大幅增加,每当染尘子唤出不同的神剑，染尘子所有类型的真气大幅增加
745,伏君忧虞,8,,0,内功,Invalid,1,0,5,-1,false,false,-1,list,1508,1508,0,-1,8,true,2,3,500,0,0,-1,-1,0,"9, 9, 9, 9",0,"0, 0, 0, 0","0, 0, 0, 0","外:6, 内:6","外:6, 内:6","外:0, 内:0",0,0,0,0,0,0,0,0,"0, 0, 0, 0, 0, 0",0,list2,0,0,50,0,0,0,list3,0,0,-1,-1,"20, 20, 1, 20, 20, 20, 20",0,"0, 0, 0, 0",false,false,"0, 0, 0, 0, 0, 0, 0, 0, 0, 0, 0, 0",0,-1,,0,0,0,"0, 0, 0, 0",36,0,36,-1,-1,false,-1,-1,-2,0,0,0,"0, 0, 0, 0",0,0,0,0,0,list,"0, 0, 0, 0, 0, 0, 0","0, 0, 0, 0, 0, 0, 0",0,0,list2,"0, 0, 0, 0, 0",loopBonusSkillList,0,"0, 1, 2, 3",焕心首次被击败时，将进入新的战斗阶段：每当焕心的攻击被化解，为焕心施加1个增加相应命中的增益状态；每当焕心未能化解敌人的攻击，为焕心施加1个增加相应化解的增益状态,焕心首次被击败时，将进入新的战斗阶段：每当焕心的攻击被化解，为焕心施加1个增加相应命中的增益状态；每当焕心未能化解敌人的攻击，为焕心施加1个增加相应化解的增益状态
746,素心无染,8,,0,内功,Invalid,1,0,5,-1,false,false,-1,list,1509,1509,0,-1,8,true,"2, 0, 1",3,500,0,0,-1,-1,0,"9, 9, 9, 9",0,"0, 0, 0, 0","4, 4, 4, 4","外:0, 内:0","外:6, 内:6","外:0, 内:0",0,0,0,0,0,0,0,0,"0, 0, 0, 0, 0, 0",0,list2,0,0,100,0,0,0,list3,0,0,-1,-1,"20, 20, 1, 20, 20, 20, 20",0,"0, 0, 0, 0",false,false,"0, 0, 0, 0, 0, 0, 0, 0, 0, 0, 0, 0",0,-1,,0,0,0,"0, 0, 0, 0",36,0,36,-1,-1,false,-1,-1,-2,0,0,0,"0, 0, 0, 0",0,0,0,0,0,list,"0, 0, 0, 0, 0, 0, 0","0, 0, 0, 0, 0, 0, 0",0,0,list2,"0, 0, 0, 0, 0",loopBonusSkillList,0,"0, 1, 2, 3",紫无绡首次被击败时，将进入新的战斗阶段：每当紫无绡的「摧破」功法发挥十成威力时，向敌人添加1个必死标记，必死标记越多，敌人所有功法的威力也会提高越多，一旦敌人出现了6个必死标记，敌人便会战败，且健康会降低至0,紫无绡首次被击败时，将进入新的战斗阶段：每当紫无绡的「摧破」功法发挥十成威力时，向敌人添加1个必死标记，必死标记越多，敌人所有功法的威力也会提高越多，一旦敌人出现了6个必死标记，敌人便会战败，且健康会降低至0
747,炽心无改,8,,0,内功,Invalid,1,0,5,-1,false,false,-1,list,1510,1510,0,-1,8,false,"2, 0, 1, 3, 4, 5, 6",3,500,0,0,-1,-1,0,"9, 9, 9, 9",0,"4, 4, 4, 4","0, 0, 0, 0","外:6, 内:6","外:0, 内:0","外:0, 内:0",0,0,0,0,0,0,0,0,"0, 0, 0, 0, 0, 0",0,list2,0,0,0,0,0,0,list3,0,0,-1,-1,"20, 20, 1, 20, 20, 20, 20",0,"0, 0, 0, 0",false,false,"0, 0, 0, 0, 0, 0, 0, 0, 0, 0, 0, 0",0,-1,,0,0,0,"0, 0, 0, 0",36,0,36,-1,-1,false,-1,-1,-2,0,0,0,"0, 0, 0, 0",0,0,0,0,0,list,"0, 0, 0, 0, 0, 0, 0","0, 0, 0, 0, 0, 0, 0",0,0,list2,"0, 0, 0, 0, 0",loopBonusSkillList,0,"0, 1, 2, 3",龙语茯首次被击败时，将进入新的战斗阶段：龙语茯对敌人不同部位造成的直接伤势标记根据龙语茯所受到的不同部位的伤势标记增加；敌人对龙语茯不同部位造成的直接伤势标记根据敌人所受到的不同部位的伤势标记减少,龙语茯首次被击败时，将进入新的战斗阶段：龙语茯对敌人不同部位造成的直接伤势标记根据龙语茯所受到的不同部位的伤势标记增加；敌人对龙语茯不同部位造成的直接伤势标记根据敌人所受到的不同部位的伤势标记减少
748,闻恶声,0,闻恶而来，有恶即生……,0,内功,Invalid,1,0,5,-1,false,false,-1,list,1488,1488,0,-1,0,true,2,1,100,0,0,-1,-1,0,"3, 2, 2, 3",0,"1, 1, 1, 1","0, 0, 0, 0","外:0, 内:0","外:0, 内:0","外:0, 内:0",0,0,0,0,0,0,0,0,"0, 0, 0, 0, 0, 0",0,list2,0,0,50,0,0,0,list3,0,0,-1,-1,"20, 20, 1, 20, 20, 20, 20",0,"0, 0, 0, 0",false,false,"0, 0, 0, 0, 0, 0, 0, 0, 0, 0, 0, 0",0,-1,,0,0,0,"0, 0, 0, 0",36,0,36,-1,-1,false,-1,-1,-2,0,0,0,"0, 0, 0, 0",0,0,0,0,0,list,"0, 0, 0, 0, 0, 0, 0","0, 0, 0, 0, 0, 0, 0",0,0,list2,"0, 0, 0, 0, 0",loopBonusSkillList,0,"0, 1, 2, 3",敌人的名誉越低，闻恶声的力道、精妙、迅疾、动心就提高越多,敌人的名誉越低，闻恶声的力道、精妙、迅疾、动心就提高越多
749,祛善,1,憎良忌善，倒行逆施……,0,内功,Invalid,1,0,5,-1,false,false,-1,list,1489,1489,0,-1,1,true,2,1,150,0,0,-1,-1,0,"4, 3, 3, 4",0,"0, 0, 0, 0","0, 0, 0, 0","外:1, 内:1","外:1, 内:1","外:0, 内:0",0,0,0,0,0,0,0,0,"0, 0, 0, 0, 0, 0",0,list2,0,0,50,0,0,0,list3,0,0,-1,-1,"20, 20, 1, 20, 20, 20, 20",0,"0, 0, 0, 0",false,false,"0, 0, 0, 0, 0, 0, 0, 0, 0, 0, 0, 0",0,-1,,0,0,0,"0, 0, 0, 0",36,0,36,-1,-1,false,-1,-1,-2,0,0,0,"0, 0, 0, 0",0,0,0,0,0,list,"0, 0, 0, 0, 0, 0, 0","0, 0, 0, 0, 0, 0, 0",0,0,list2,"0, 0, 0, 0, 0",loopBonusSkillList,0,"0, 1, 2, 3",敌人的各类战败标记越多，祛善的攻击距离就越远,敌人的各类战败标记越多，祛善的攻击距离就越远
750,唤目,2,罪孽引路，得窥恶神……,0,内功,Invalid,1,0,5,-1,false,false,-1,list,1490,1490,0,-1,2,true,2,1,200,0,0,-1,-1,0,"5, 4, 4, 5",0,"0, 0, 0, 0","0, 0, 0, 0","外:2, 内:2","外:0, 内:0","外:0, 内:0",0,0,0,0,0,0,0,0,"0, 0, 0, 0, 0, 0",0,list2,0,0,50,0,0,0,list3,0,0,-1,-1,"20, 20, 1, 20, 20, 20, 20",0,"0, 0, 0, 0",false,false,"0, 0, 0, 0, 0, 0, 0, 0, 0, 0, 0, 0",0,-1,,0,0,0,"0, 0, 0, 0",36,0,36,-1,-1,false,-1,-1,-2,0,0,0,"0, 0, 0, 0",0,0,0,0,0,list,"0, 0, 0, 0, 0, 0, 0","0, 0, 0, 0, 0, 0, 0",0,0,list2,"0, 0, 0, 0, 0",loopBonusSkillList,0,"0, 1, 2, 3",唤目大幅提高敌人身上出现的破绽的负面效果,唤目大幅提高敌人身上出现的破绽的负面效果
751,妖心示显,3,乱念搜魂，妖心难掩……,0,内功,Invalid,1,0,5,-1,false,false,-1,list,1491,1491,0,-1,3,true,2,2,250,0,0,-1,-1,0,"6, 5, 5, 6",0,"2, 2, 2, 2","0, 0, 0, 0","外:0, 内:0","外:0, 内:0","外:0, 内:0",0,0,0,0,0,0,0,0,"0, 0, 0, 0, 0, 0",0,list2,0,0,50,0,0,0,list3,0,0,-1,-1,"20, 20, 1, 20, 20, 20, 20",0,"0, 0, 0, 0",false,false,"0, 0, 0, 0, 0, 0, 0, 0, 0, 0, 0, 0",0,-1,,0,0,0,"0, 0, 0, 0",36,0,36,-1,-1,false,-1,-1,-2,0,0,0,"0, 0, 0, 0",0,0,0,0,0,list,"0, 0, 0, 0, 0, 0, 0","0, 0, 0, 0, 0, 0, 0",0,0,list2,"0, 0, 0, 0, 0",loopBonusSkillList,0,"0, 1, 2, 3",敌人的「心情」越愉悦或越痛苦，妖心示显的破体、破气就提高越多,敌人的「心情」越愉悦或越痛苦，妖心示显的破体、破气就提高越多
752,百邪,4,邪诡无忌，恶贯满盈……,0,内功,Invalid,1,0,5,-1,false,false,-1,list,1492,1492,0,-1,4,true,2,2,300,0,0,-1,-1,0,"7, 6, 6, 7",0,"0, 0, 0, 0","0, 0, 0, 0","外:2, 内:2","外:2, 内:2","外:0, 内:0",0,0,0,0,0,0,0,0,"0, 0, 0, 0, 0, 0",0,list2,0,0,50,0,0,0,list3,0,0,-1,-1,"20, 20, 1, 20, 20, 20, 20",0,"0, 0, 0, 0",false,false,"0, 0, 0, 0, 0, 0, 0, 0, 0, 0, 0, 0",0,-1,,0,0,0,"0, 0, 0, 0",36,0,36,-1,-1,false,-1,-1,-2,0,0,0,"0, 0, 0, 0",0,0,0,0,0,list,"0, 0, 0, 0, 0, 0, 0","0, 0, 0, 0, 0, 0, 0",0,0,list2,"0, 0, 0, 0, 0",loopBonusSkillList,0,"0, 1, 2, 3",每当敌人施展「正练」的功法时，随机大幅恶化敌人的伤势；每当敌人施展「逆练」的功法时，随机大幅减轻百邪的伤势,每当敌人施展「正练」的功法时，随机大幅恶化敌人的伤势；每当敌人施展「逆练」的功法时，随机大幅减轻百邪的伤势
753,堕心九部众,5,心堕九渊，天道难饶……,0,内功,Invalid,1,0,5,-1,false,false,-1,list,1493,1493,0,-1,5,true,2,2,350,0,0,-1,-1,0,"8, 7, 7, 8",0,"0, 0, 0, 0","2, 2, 2, 2","外:0, 内:0","外:0, 内:0","外:0, 内:0",0,0,0,0,0,0,0,0,"0, 0, 0, 0, 0, 0",0,list2,0,0,50,0,0,0,list3,0,0,-1,-1,"20, 20, 1, 20, 20, 20, 20",0,"0, 0, 0, 0",false,false,"0, 0, 0, 0, 0, 0, 0, 0, 0, 0, 0, 0",0,-1,,0,0,0,"0, 0, 0, 0",36,0,36,-1,-1,false,-1,-1,-2,0,0,0,"0, 0, 0, 0",0,0,0,0,0,list,"0, 0, 0, 0, 0, 0, 0","0, 0, 0, 0, 0, 0, 0",0,0,list2,"0, 0, 0, 0, 0",loopBonusSkillList,0,"0, 1, 2, 3",堕心九部众根据敌人的内力属性持续向敌人施加不同类型的「剧毒」,堕心九部众根据敌人的内力属性持续向敌人施加不同类型的「剧毒」
754,众相生,6,众生怪相，鬼魔踏歌……,0,内功,Invalid,1,0,5,-1,false,false,-1,list,1494,1494,0,-1,6,true,2,3,400,0,0,-1,-1,0,"9, 8, 8, 9",0,"0, 0, 0, 0","0, 0, 0, 0","外:2, 内:2","外:3, 内:3","外:0, 内:0",0,0,0,0,0,0,0,0,"0, 0, 0, 0, 0, 0",0,list2,0,0,50,0,0,0,list3,0,0,-1,-1,"20, 20, 1, 20, 20, 20, 20",0,"0, 0, 0, 0",false,false,"0, 0, 0, 0, 0, 0, 0, 0, 0, 0, 0, 0",0,-1,,0,0,0,"0, 0, 0, 0",36,0,36,-1,-1,false,-1,-1,-2,0,0,0,"0, 0, 0, 0",0,0,0,0,0,list,"0, 0, 0, 0, 0, 0, 0","0, 0, 0, 0, 0, 0, 0",0,0,list2,"0, 0, 0, 0, 0",loopBonusSkillList,0,"0, 1, 2, 3",众相生根据敌人的处世立场：令刚正的敌人的移动速度、步伐稳健大幅下降；令仁善的敌人的武具运用、攻击速度大幅下降；令中庸的敌人的提气恢复、架势恢复大幅下降；令叛逆的敌人的调息吐纳、内功发挥大幅下降；令唯我的敌人的施展速度、引气冲关大幅下降,众相生根据敌人的处世立场：令刚正的敌人的移动速度、步伐稳健大幅下降；令仁善的敌人的武具运用、攻击速度大幅下降；令中庸的敌人的提气恢复、架势恢复大幅下降；令叛逆的敌人的调息吐纳、内功发挥大幅下降；令唯我的敌人的施展速度、引气冲关大幅下降
755,神断护法,7,阎王烧骨，煞神断命……,0,内功,Invalid,1,0,5,-1,false,false,-1,list,1495,1495,0,-1,7,true,2,3,450,0,0,-1,-1,0,"9, 9, 9, 9",0,"0, 0, 0, 0","0, 0, 0, 0","外:3, 内:3","外:2, 内:2","外:0, 内:0",0,0,0,0,0,0,0,0,"0, 0, 0, 0, 0, 0",0,list2,0,0,50,0,0,0,list3,0,0,-1,-1,"20, 20, 1, 20, 20, 20, 20",0,"0, 0, 0, 0",false,false,"0, 0, 0, 0, 0, 0, 0, 0, 0, 0, 0, 0",0,-1,,0,0,0,"0, 0, 0, 0",36,0,36,-1,-1,false,-1,-1,-2,0,0,0,"0, 0, 0, 0",0,0,0,0,0,list,"0, 0, 0, 0, 0, 0, 0","0, 0, 0, 0, 0, 0, 0",0,0,list2,"0, 0, 0, 0, 0",loopBonusSkillList,0,"0, 1, 2, 3",神断护法根据敌人的入魔程度大幅降低敌人的御体、御气、破体、破气,神断护法根据敌人的入魔程度大幅降低敌人的御体、御气、破体、破气
756,玄狱九老,8,玄尸夺魄，地狱收魂……,0,内功,Invalid,1,0,5,-1,false,false,-1,list,1496,1496,0,-1,8,true,2,3,500,0,0,-1,-1,0,"9, 9, 9, 9",0,"1, 1, 1, 1","1, 1, 1, 1","外:2, 内:2","外:2, 内:2","外:0, 内:0",0,0,0,0,0,0,0,0,"0, 0, 0, 0, 0, 0",0,list2,0,0,50,0,0,0,list3,0,0,-1,-1,"20, 20, 1, 20, 20, 20, 20",0,"0, 0, 0, 0",false,false,"0, 0, 0, 0, 0, 0, 0, 0, 0, 0, 0, 0",0,-1,,0,0,0,"0, 0, 0, 0",36,0,36,-1,-1,false,-1,-1,-2,0,0,0,"0, 0, 0, 0",0,0,0,0,0,list,"0, 0, 0, 0, 0, 0, 0","0, 0, 0, 0, 0, 0, 0",0,0,list2,"0, 0, 0, 0, 0",loopBonusSkillList,0,"0, 1, 2, 3",每当玄狱九老以直接伤害对敌人造成伤势或重创标记时，玄狱九老自敌人体内吸取随机类型的真气,每当玄狱九老以直接伤害对敌人造成伤势或重创标记时，玄狱九老自敌人体内吸取随机类型的真气
757,降仙,8,,2,身法,Invalid,3,0,5,-1,false,false,-1,list,1511,1511,0,-1,8,true,"3, 4, 5, 6",3,500,0,0,-1,-1,0,"0, 0, 0, 0",0,"0, 0, 0, 0","0, 0, 0, 0","外:0, 内:0","外:0, 内:0","外:0, 内:0",0,0,0,0,0,0,0,0,"0, 0, 0, 0, 0, 0",4000,6,20,0,50,0,0,0,list3,0,0,-1,-1,"20, 20, 1, 20, 20, 20, 20",0,"0, 0, 0, 0",false,false,"0, 0, 0, 0, 0, 0, 0, 0, 0, 0, 0, 0",0,-1,,0,9,0,"0, 0, 1000, 0",36,0,2800,120,4000,true,-1,-1,-2,0,0,0,"0, 0, 0, 0",0,0,0,0,0,list,"0, 0, 0, 0, 0, 0, 0","0, 0, 0, 0, 0, 0, 0",0,0,list2,"0, 0, 0, 0, 0",loopBonusSkillList,0,"0, 1, 2, 3",以此神力移动时，莫女需积蓄力量，积蓄的力量越多，莫女移动的距离就越远，最多移动12距离,以此神力移动时，莫女需积蓄力量，积蓄的力量越多，莫女移动的距离就越远，最多移动12距离
758,邪逆无生,8,,2,身法,Invalid,3,0,5,-1,false,false,-1,list,1512,1512,0,-1,8,false,"0, 1, 2, 3, 4, 5, 6",3,500,0,0,-1,-1,0,"0, 0, 0, 0",0,"0, 0, 0, 0","0, 0, 0, 0","外:0, 内:0","外:0, 内:0","外:0, 内:0",0,0,0,0,0,0,0,0,"0, 0, 0, 0, 0, 0",8000,6,20,0,0,0,0,0,list3,0,0,-1,-1,"20, 20, 1, 20, 20, 20, 20",0,"0, 0, 0, 0",false,false,"0, 0, 0, 0, 0, 0, 0, 0, 0, 0, 0, 0",0,-1,,60,0,0,"1000, 0, 0, 0",36,0,3600,30,8000,false,-1,-1,-2,0,0,0,"0, 0, 0, 0",0,0,0,0,0,list,"0, 0, 0, 0, 0, 0, 0","0, 0, 0, 0, 0, 0, 0",0,0,list2,"0, 0, 0, 0, 0",loopBonusSkillList,0,"0, 1, 2, 3",以此神力移动时，大岳瑶常需积蓄力量一次性移动3距离，随后完全消除敌人的3个在本场战斗中受到的功法威力持续增强的效果,以此神力移动时，大岳瑶常需积蓄力量一次性移动3距离，随后完全消除敌人的3个在本场战斗中受到的功法威力持续增强的效果
759,坼地冰天,8,,2,身法,Invalid,3,0,5,-1,false,false,-1,list,1513,1513,0,-1,8,true,"0, 1, 5, 6",3,500,0,0,-1,-1,0,"0, 0, 0, 0",0,"0, 0, 0, 0","0, 0, 0, 0","外:0, 内:0","外:0, 内:0","外:0, 内:0",0,0,0,0,0,0,0,0,"0, 0, 0, 0, 0, 0",6000,6,20,0,70,0,0,0,list3,0,0,-1,-1,"20, 20, 1, 20, 20, 20, 20",0,"0, 0, 0, 0",false,false,"0, 0, 0, 0, 0, 0, 0, 0, 0, 0, 0, 0",0,-1,,120,0,-50,"0, 0, 750, 375",36,0,36,-1,-1,false,-1,-1,-2,0,0,0,"0, 0, 0, 0",0,0,0,0,0,list,"0, 0, 0, 0, 0, 0, 0","0, 0, 0, 0, 0, 0, 0",0,0,list2,"0, 0, 0, 0, 0",loopBonusSkillList,0,"0, 1, 2, 3",此神力持续期间，只要敌人在九寒的攻击范围之内，敌人的移动速度、攻击速度与施展速度大幅降低,此神力持续期间，只要敌人在九寒的攻击范围之内，敌人的移动速度、攻击速度与施展速度大幅降低
760,六象,8,,2,身法,Invalid,3,0,5,-1,false,false,-1,list,1514,1514,0,-1,8,false,"3, 4, 5, 6",3,500,0,0,-1,-1,0,"0, 0, 0, 0",0,"0, 0, 0, 0","0, 0, 0, 0","外:0, 内:0","外:0, 内:0","外:0, 内:0",0,0,0,0,0,0,0,0,"0, 0, 0, 0, 0, 0",4000,6,20,0,40,0,0,0,list3,0,0,-1,-1,"20, 20, 1, 20, 20, 20, 20",0,"0, 0, 0, 0",false,false,"0, 0, 0, 0, 0, 0, 0, 0, 0, 0, 0, 0",0,-1,,120,0,-50,"750, 0, 750, 0",36,0,36,-1,-1,false,-1,-1,-2,0,0,0,"0, 0, 0, 0",0,0,0,0,0,list,"0, 0, 0, 0, 0, 0, 0","0, 0, 0, 0, 0, 0, 0",0,0,list2,"0, 0, 0, 0, 0",loopBonusSkillList,0,"0, 1, 2, 3",此神力持续期间，金凰儿免受「击退」、「拉近」、「封禁」、「打断」、「破绽」、「封穴」,此神力持续期间，金凰儿免受「击退」、「拉近」、「封禁」、「打断」、「破绽」、「封穴」
761,忆飞烟,8,,2,身法,Invalid,3,0,5,-1,false,false,-1,list,1515,1515,0,-1,8,true,2,3,500,0,0,-1,-1,0,"0, 0, 0, 0",0,"0, 0, 0, 0","0, 0, 0, 0","外:0, 内:0","外:0, 内:0","外:0, 内:0",0,0,0,0,0,0,0,0,"0, 0, 0, 0, 0, 0",4000,0,20,0,100,0,0,0,list3,0,0,-1,-1,"20, 20, 1, 20, 20, 20, 20",0,"0, 0, 0, 0",false,false,"0, 0, 0, 0, 0, 0, 0, 0, 0, 0, 0, 0",0,-1,,0,9,0,"0, 750, 0, 375",72,0,3600,40,6000,true,-1,-1,-2,0,0,0,"0, 0, 0, 0",0,0,0,0,0,list,"0, 0, 0, 0, 0, 0, 0","0, 0, 0, 0, 0, 0, 0",0,0,list2,"0, 0, 0, 0, 0",loopBonusSkillList,0,"0, 1, 2, 3",以此神力移动时，衣以侯需积蓄力量，积蓄的力量越多，衣以侯移动的距离就越远，最多移动4距离，且衣以侯移动的距离越远，就会使敌人失去越多的式,以此神力移动时，衣以侯需积蓄力量，积蓄的力量越多，衣以侯移动的距离就越远，最多移动4距离，且衣以侯移动的距离越远，就会使敌人失去越多的式
762,败龙潜渊,8,,2,身法,Invalid,3,0,5,-1,false,false,-1,list,1516,1516,0,-1,8,false,"0, 1, 2, 3, 4, 5, 6",3,500,0,0,-1,-1,0,"0, 0, 0, 0",0,"0, 0, 0, 0","0, 0, 0, 0","外:0, 内:0","外:0, 内:0","外:0, 内:0",0,0,0,0,0,0,0,0,"0, 0, 0, 0, 0, 0",6000,6,20,0,40,0,0,0,list3,0,0,-1,-1,"20, 20, 1, 20, 20, 20, 20",0,"0, 0, 0, 0",false,false,"0, 0, 0, 0, 0, 0, 0, 0, 0, 0, 0, 0",0,-1,,120,0,-50,"750, 750, 0, 0",36,0,36,-1,-1,false,-1,-1,-2,0,0,0,"0, 0, 0, 0",0,0,0,0,0,list,"0, 0, 0, 0, 0, 0, 0","0, 0, 0, 0, 0, 0, 0",0,0,list2,"0, 0, 0, 0, 0",loopBonusSkillList,0,"0, 1, 2, 3",以此神力移动时，卫起的战败标记数量越多，脚力消耗就降低越多,以此神力移动时，卫起的战败标记数量越多，脚力消耗就降低越多
763,镜影遁象,8,,2,身法,Invalid,3,0,5,-1,false,false,-1,list,1517,1517,0,-1,8,true,2,3,500,0,0,-1,-1,0,"0, 0, 0, 0",0,"0, 0, 0, 0","0, 0, 0, 0","外:0, 内:0","外:0, 内:0","外:0, 内:0",0,0,0,0,0,0,0,0,"0, 0, 0, 0, 0, 0",4000,0,20,0,100,0,0,0,list3,0,0,-1,-1,"20, 20, 1, 20, 20, 20, 20",0,"0, 0, 0, 0",false,false,"0, 0, 0, 0, 0, 0, 0, 0, 0, 0, 0, 0",0,-1,,0,18,-50,"0, 1000, 0, 0",0,60,36,-1,-1,false,-1,-1,-2,0,0,0,"0, 0, 0, 0",0,0,0,0,0,list,"0, 0, 0, 0, 0, 0, 0","0, 0, 0, 0, 0, 0, 0",0,0,list2,"0, 0, 0, 0, 0",loopBonusSkillList,0,"0, 1, 2, 3",此神力持续期间：以向的脚力持续恢复；以向受到的所有直接伤害均会变化为脚力的损耗,此神力持续期间：以向的脚力持续恢复；以向受到的所有直接伤害均会变化为脚力的损耗
764,血流漂橹,8,,2,身法,Invalid,3,0,5,-1,false,false,-1,list,1518,1518,0,-1,8,false,"3, 4, 5, 6",3,500,0,0,-1,-1,0,"0, 0, 0, 0",0,"0, 0, 0, 0","0, 0, 0, 0","外:0, 内:0","外:0, 内:0","外:0, 内:0",0,0,0,0,0,0,0,0,"0, 0, 0, 0, 0, 0",8000,6,20,0,0,0,0,0,list3,0,0,-1,-1,"20, 20, 1, 20, 20, 20, 20",0,"0, 0, 0, 0",false,false,"0, 0, 0, 0, 0, 0, 0, 0, 0, 0, 0, 0",0,-1,,120,0,-50,"1000, 0, 0, 0",36,0,36,-1,-1,false,-1,-1,-2,0,0,0,"0, 0, 0, 0",0,0,0,0,0,list,"0, 0, 0, 0, 0, 0, 0","0, 0, 0, 0, 0, 0, 0",0,0,list2,"0, 0, 0, 0, 0",loopBonusSkillList,0,"0, 1, 2, 3",此神力的威力会随着血枫的伤势标记数量大幅提高,此神力的威力会随着血枫的伤势标记数量大幅提高
765,乘光披霞,8,,2,身法,Invalid,3,0,5,-1,false,false,-1,list,1519,1519,0,-1,8,true,"0, 1, 2, 3, 4, 5, 6",3,500,0,0,-1,-1,0,"0, 0, 0, 0",0,"0, 0, 0, 0","0, 0, 0, 0","外:0, 内:0","外:0, 内:0","外:0, 内:0",0,0,0,0,0,0,0,0,"0, 0, 0, 0, 0, 0",4000,6,20,0,100,0,0,0,list3,0,0,-1,-1,"20, 20, 1, 20, 20, 20, 20",0,"0, 0, 0, 0",false,false,"0, 0, 0, 0, 0, 0, 0, 0, 0, 0, 0, 0",0,-1,,60,0,0,"0, 0, 0, 500",36,0,5400,10,12000,false,-1,-1,-2,0,0,0,"0, 0, 0, 0",0,0,0,0,0,list,"0, 0, 0, 0, 0, 0, 0","0, 0, 0, 0, 0, 0, 0",0,0,list2,"0, 0, 0, 0, 0",loopBonusSkillList,0,"0, 1, 2, 3",以此神力移动时，术方需积蓄力量，积蓄力量后，术方可以出现在任何距离，且不会引发各类移动效果,以此神力移动时，术方需积蓄力量，积蓄力量后，术方可以出现在任何距离，且不会引发各类移动效果
766,魔我自在,8,,2,身法,Invalid,3,0,5,-1,false,false,-1,list,1520,1520,0,-1,8,true,2,3,500,0,0,-1,-1,0,"0, 0, 0, 0",0,"0, 0, 0, 0","0, 0, 0, 0","外:0, 内:0","外:0, 内:0","外:0, 内:0",0,0,0,0,0,0,0,0,"0, 0, 0, 0, 0, 0",6000,0,20,0,50,0,0,0,list3,0,0,-1,-1,"20, 20, 1, 20, 20, 20, 20",0,"0, 0, 0, 0",false,false,"0, 0, 0, 0, 0, 0, 0, 0, 0, 0, 0, 0",0,-1,,0,0,0,"500, 500, 500, 250",144,0,0,-1,-1,false,-1,-1,-2,0,0,0,"0, 0, 0, 0",0,0,0,0,0,list,"0, 0, 0, 0, 0, 0, 0","0, 0, 0, 0, 0, 0, 0",0,0,list2,"0, 0, 0, 0, 0",loopBonusSkillList,0,"0, 1, 2, 3",施展此神力后，相枢会出现在其所需要的距离，此神力持续期间，敌我距离无法因为任何原因发生变化，且相枢的攻击范围变化为最大,施展此神力后，相枢会出现在其所需要的距离，此神力持续期间，敌我距离无法因为任何原因发生变化，且相枢的攻击范围变化为最大
767,尘染,8,,2,身法,Invalid,3,0,5,-1,false,false,-1,list,1521,1521,0,-1,8,true,"0, 1, 2, 3, 4, 5, 6",3,500,0,0,-1,-1,0,"0, 0, 0, 0",0,"0, 0, 0, 0","0, 0, 0, 0","外:0, 内:0","外:0, 内:0","外:0, 内:0",0,0,0,0,0,0,0,0,"0, 0, 0, 0, 0, 0",6000,6,20,0,50,0,0,0,list3,0,0,-1,-1,"20, 20, 1, 20, 20, 20, 20",0,"0, 0, 0, 0",false,false,"0, 0, 0, 0, 0, 0, 0, 0, 0, 0, 0, 0",0,-1,,0,18,-50,"500, 500, 500, 250",36,0,36,-1,-1,false,-1,-1,-2,0,0,0,"0, 0, 0, 0",0,0,0,0,0,list,"0, 0, 0, 0, 0, 0, 0","0, 0, 0, 0, 0, 0, 0",0,0,list2,"0, 0, 0, 0, 0",loopBonusSkillList,0,"0, 1, 2, 3",此神力持续期间，每当染尘子击中敌人，使敌人的1个未被永久封禁的功法被极短时间「封禁」,此神力持续期间，每当染尘子击中敌人，使敌人的1个未被永久封禁的功法被极短时间「封禁」
768,化剑,8,,2,身法,Invalid,3,0,5,-1,false,false,-1,list,1522,1522,0,-1,8,true,"0, 1, 2, 3, 4, 5, 6",3,500,0,0,-1,-1,0,"0, 0, 0, 0",0,"0, 0, 0, 0","0, 0, 0, 0","外:0, 内:0","外:0, 内:0","外:0, 内:0",0,0,0,0,0,0,0,0,"0, 0, 0, 0, 0, 0",4000,6,20,0,70,0,0,0,list3,0,0,-1,-1,"20, 20, 1, 20, 20, 20, 20",0,"0, 0, 0, 0",false,false,"0, 0, 0, 0, 0, 0, 0, 0, 0, 0, 0, 0",0,-1,,120,0,-50,"500, 500, 500, 250",36,0,36,-1,-1,false,-1,-1,-2,0,0,0,"0, 0, 0, 0",0,0,0,0,0,list,"0, 0, 0, 0, 0, 0, 0","0, 0, 0, 0, 0, 0, 0",0,0,list2,"0, 0, 0, 0, 0",loopBonusSkillList,0,"0, 1, 2, 3",此神力持续期间，焕心每累积移动1距离，就会获得1个「神」式,此神力持续期间，焕心每累积移动1距离，就会获得1个「神」式
769,妖引,8,,2,身法,Invalid,3,0,5,-1,false,false,-1,list,1523,1523,0,-1,8,true,2,3,500,0,0,-1,-1,0,"0, 0, 0, 0",0,"0, 0, 0, 0","0, 0, 0, 0","外:0, 内:0","外:0, 内:0","外:0, 内:0",0,0,0,0,0,0,0,0,"0, 0, 0, 0, 0, 0",4000,0,20,0,100,0,0,0,list3,0,0,-1,-1,"20, 20, 1, 20, 20, 20, 20",0,"0, 0, 0, 0",false,false,"0, 0, 0, 0, 0, 0, 0, 0, 0, 0, 0, 0",0,-1,,0,18,-50,"0, 750, 0, 375",36,0,36,-1,-1,false,-1,-1,-2,0,0,0,"0, 0, 0, 0",0,0,0,0,0,list,"0, 0, 0, 0, 0, 0, 0","0, 0, 0, 0, 0, 0, 0",0,0,list2,"0, 0, 0, 0, 0",loopBonusSkillList,0,"0, 1, 2, 3",此神力持续期间：紫无绡的移动速度不会因为任何原因降低；紫无绡的移动仅作为敌我距离的变化，不会引发各类移动效果，但紫无绡的移动速度仍会影响敌我距离变化的速度,此神力持续期间：紫无绡的移动速度不会因为任何原因降低；紫无绡的移动仅作为敌我距离的变化，不会引发各类移动效果，但紫无绡的移动速度仍会影响敌我距离变化的速度
770,神华九耀,8,,2,身法,Invalid,3,0,5,-1,false,false,-1,list,1524,1524,0,-1,8,false,"0, 1, 5, 6",3,500,0,0,-1,-1,0,"0, 0, 0, 0",0,"0, 0, 0, 0","0, 0, 0, 0","外:0, 内:0","外:0, 内:0","外:0, 内:0",0,0,0,0,0,0,0,0,"0, 0, 0, 0, 0, 0",8000,6,20,0,0,0,0,0,list3,0,0,-1,-1,"20, 20, 1, 20, 20, 20, 20",0,"0, 0, 0, 0",false,false,"0, 0, 0, 0, 0, 0, 0, 0, 0, 0, 0, 0",0,-1,,60,0,0,"750, 0, 750, 0",36,0,2800,10,6000,false,-1,-1,-2,0,0,0,"0, 0, 0, 0",0,0,0,0,0,list,"0, 0, 0, 0, 0, 0, 0","0, 0, 0, 0, 0, 0, 0",0,0,list2,"0, 0, 0, 0, 0",loopBonusSkillList,0,"0, 1, 2, 3",以此神力移动时，龙语茯需积蓄力量一次性移动1距离，每当龙语茯积蓄力量至少移动3次后，龙语茯立即对敌人进行一次无法反击、无法反震、必然进行5次追击的兵器攻击,以此神力移动时，龙语茯需积蓄力量一次性移动1距离，每当龙语茯积蓄力量至少移动3次后，龙语茯立即对敌人进行一次无法反击、无法反震、必然进行5次追击的兵器攻击
771,东来一炁,8,,4,绝技,Invalid,3,0,1,-1,false,false,-1,list,1539,1539,0,-1,8,true,"2, 0, 1, 3, 4, 5, 6",3,500,0,0,-1,-1,0,"0, 0, 0, 0",0,"0, 0, 0, 0","0, 0, 0, 0","外:0, 内:0","外:0, 内:0","外:0, 内:0",0,0,0,0,0,0,0,0,"0, 0, 0, 0, 0, 0",0,list2,0,0,100,0,0,0,list3,0,0,-1,-1,"20, 20, 1, 20, 20, 20, 20",0,"0, 0, 0, 0",false,false,"0, 0, 0, 0, 0, 0, 0, 0, 0, 0, 0, 0",0,-1,,0,0,0,"0, 0, 0, 0",36,0,36,-1,-1,false,-1,-1,-2,0,0,0,"0, 0, 0, 0",0,0,0,0,0,list,"0, 0, 0, 0, 0, 0, 0","0, 0, 0, 0, 0, 0, 0",0,0,list2,"0, 0, 0, 0, 0",loopBonusSkillList,0,"0, 1, 2, 3",莫女对内力属性为「归元」的人物造成的直接伤害大幅提高；内力属性为「金刚」的人物对莫女造成的直接伤害大幅提高,莫女对内力属性为「归元」的人物造成的直接伤害大幅提高；内力属性为「金刚」的人物对莫女造成的直接伤害大幅提高
772,金刚断恶,8,,4,绝技,Invalid,3,0,0,-1,false,false,-1,list,1540,1540,0,-1,8,false,"2, 0, 1, 3, 4, 5, 6",3,500,0,0,-1,-1,0,"0, 0, 0, 0",0,"0, 0, 0, 0","0, 0, 0, 0","外:0, 内:0","外:0, 内:0","外:0, 内:0",0,0,0,0,0,0,0,0,"0, 0, 0, 0, 0, 0",0,list2,0,0,0,0,0,0,list3,0,0,-1,-1,"20, 20, 1, 20, 20, 20, 20",0,"0, 0, 0, 0",false,false,"0, 0, 0, 0, 0, 0, 0, 0, 0, 0, 0, 0",0,-1,,0,0,0,"0, 0, 0, 0",36,0,36,-1,-1,false,-1,-1,-2,0,0,0,"0, 0, 0, 0",0,0,0,0,0,list,"0, 0, 0, 0, 0, 0, 0","0, 0, 0, 0, 0, 0, 0",0,0,list2,"0, 0, 0, 0, 0",loopBonusSkillList,0,"0, 1, 2, 3",大岳瑶常对内力属性为「紫霞」的人物造成的直接伤害大幅提高；内力属性为「纯阳」的人物对大岳瑶常造成的直接伤害大幅提高,大岳瑶常对内力属性为「紫霞」的人物造成的直接伤害大幅提高；内力属性为「纯阳」的人物对大岳瑶常造成的直接伤害大幅提高
773,九阴蚀幽,8,,4,绝技,Invalid,3,0,2,-1,false,false,-1,list,1541,1541,0,-1,8,true,"2, 0, 1, 3, 4, 5, 6",3,500,0,0,-1,-1,0,"0, 0, 0, 0",0,"0, 0, 0, 0","0, 0, 0, 0","外:0, 内:0","外:0, 内:0","外:0, 内:0",0,0,0,0,0,0,0,0,"0, 0, 0, 0, 0, 0",0,list2,0,0,100,0,0,0,list3,0,0,-1,-1,"20, 20, 1, 20, 20, 20, 20",0,"0, 0, 0, 0",false,false,"0, 0, 0, 0, 0, 0, 0, 0, 0, 0, 0, 0",0,-1,,0,0,0,"0, 0, 0, 0",36,0,36,-1,-1,false,-1,-1,-2,0,0,0,"0, 0, 0, 0",0,0,0,0,0,list,"0, 0, 0, 0, 0, 0, 0","0, 0, 0, 0, 0, 0, 0",0,0,list2,"0, 0, 0, 0, 0",loopBonusSkillList,0,"0, 1, 2, 3",九寒对内力属性为「纯阳」的人物造成的直接伤害大幅提高；内力属性为「归元」的人物对九寒造成的直接伤害大幅提高,九寒对内力属性为「纯阳」的人物造成的直接伤害大幅提高；内力属性为「归元」的人物对九寒造成的直接伤害大幅提高
774,天外真火,8,,4,绝技,Invalid,3,0,3,-1,false,false,-1,list,1542,1542,0,-1,8,false,"2, 0, 1, 3, 4, 5, 6",3,500,0,0,-1,-1,0,"0, 0, 0, 0",0,"0, 0, 0, 0","0, 0, 0, 0","外:0, 内:0","外:0, 内:0","外:0, 内:0",0,0,0,0,0,0,0,0,"0, 0, 0, 0, 0, 0",0,list2,0,0,70,0,0,0,list3,0,0,-1,-1,"20, 20, 1, 20, 20, 20, 20",0,"0, 0, 0, 0",false,false,"0, 0, 0, 0, 0, 0, 0, 0, 0, 0, 0, 0",0,-1,,0,0,0,"0, 0, 0, 0",36,0,36,-1,-1,false,-1,-1,-2,0,0,0,"0, 0, 0, 0",0,0,0,0,0,list,"0, 0, 0, 0, 0, 0, 0","0, 0, 0, 0, 0, 0, 0",0,0,list2,"0, 0, 0, 0, 0",loopBonusSkillList,0,"0, 1, 2, 3",金凰儿对内力属性为「金刚」的人物造成的直接伤害大幅提高；内力属性为「玄阴」的人物对金凰儿造成的直接伤害大幅提高,金凰儿对内力属性为「金刚」的人物造成的直接伤害大幅提高；内力属性为「玄阴」的人物对金凰儿造成的直接伤害大幅提高
775,象幻弥真,8,,4,绝技,Invalid,3,0,5,-1,false,false,-1,list,1543,1543,0,-1,8,true,"2, 0, 1, 3, 4, 5, 6",3,500,0,0,-1,-1,0,"0, 0, 0, 0",0,"0, 0, 0, 0","0, 0, 0, 0","外:0, 内:0","外:0, 内:0","外:0, 内:0",0,0,0,0,0,0,0,0,"0, 0, 0, 0, 0, 0",0,list2,0,0,100,0,0,0,list3,0,0,-1,-1,"20, 20, 1, 20, 20, 20, 20",0,"0, 0, 0, 0",false,false,"0, 0, 0, 0, 0, 0, 0, 0, 0, 0, 0, 0",0,-1,,0,0,0,"0, 0, 0, 0",36,0,36,-1,-1,false,-1,-1,-2,0,0,0,"0, 0, 0, 0",0,0,0,0,0,list,"0, 0, 0, 0, 0, 0, 0","0, 0, 0, 0, 0, 0, 0",0,0,list2,"0, 0, 0, 0, 0",loopBonusSkillList,0,"0, 1, 2, 3",衣以侯对动心或守心低于自己的人物造成的直接伤害大幅提高；动心或守心高于衣以侯的人物对衣以侯造成的直接伤害大幅提高,衣以侯对动心或守心低于自己的人物造成的直接伤害大幅提高；动心或守心高于衣以侯的人物对衣以侯造成的直接伤害大幅提高
776,身外求法,8,,4,绝技,Invalid,3,0,5,-1,false,false,-1,list,1544,1544,0,-1,8,true,"2, 0, 1, 3, 4, 5, 6",3,500,0,0,-1,-1,0,"0, 0, 0, 0",0,"0, 0, 0, 0","0, 0, 0, 0","外:0, 内:0","外:0, 内:0","外:0, 内:0",0,0,0,0,0,0,0,0,"0, 0, 0, 0, 0, 0",0,list2,0,0,50,0,0,0,list3,0,0,-1,-1,"20, 20, 1, 20, 20, 20, 20",0,"0, 0, 0, 0",false,false,"0, 0, 0, 0, 0, 0, 0, 0, 0, 0, 0, 0",0,-1,,0,0,0,"0, 0, 0, 0",36,0,36,-1,-1,false,-1,-1,-2,0,0,0,"0, 0, 0, 0",0,0,0,0,0,list,"0, 0, 0, 0, 0, 0, 0","0, 0, 0, 0, 0, 0, 0",0,0,list2,"0, 0, 0, 0, 0",loopBonusSkillList,0,"0, 1, 2, 3",卫起对力道或卸力低于自己的人物造成的直接伤害大幅提高；力道或卸力高于卫起的人物对卫起造成的直接伤害大幅提高,卫起对力道或卸力低于自己的人物造成的直接伤害大幅提高；力道或卸力高于卫起的人物对卫起造成的直接伤害大幅提高
777,戏鬼收神,8,,4,绝技,Invalid,3,0,5,-1,false,false,-1,list,1545,1545,0,-1,8,true,"2, 0, 1, 3, 4, 5, 6",3,500,0,0,-1,-1,0,"0, 0, 0, 0",0,"0, 0, 0, 0","0, 0, 0, 0","外:0, 内:0","外:0, 内:0","外:0, 内:0",0,0,0,0,0,0,0,0,"0, 0, 0, 0, 0, 0",0,list2,0,0,100,0,0,0,list3,0,0,-1,-1,"20, 20, 1, 20, 20, 20, 20",0,"0, 0, 0, 0",false,false,"0, 0, 0, 0, 0, 0, 0, 0, 0, 0, 0, 0",0,-1,,0,0,0,"0, 0, 0, 0",36,0,36,-1,-1,false,-1,-1,-2,0,0,0,"0, 0, 0, 0",0,0,0,0,0,list,"0, 0, 0, 0, 0, 0, 0","0, 0, 0, 0, 0, 0, 0",0,0,list2,"0, 0, 0, 0, 0",loopBonusSkillList,0,"0, 1, 2, 3",以向对迅疾或闪避低于自己的人物造成的直接伤害大幅提高；迅疾或闪避高于以向的人物对以向造成的直接伤害大幅提高,以向对迅疾或闪避低于自己的人物造成的直接伤害大幅提高；迅疾或闪避高于以向的人物对以向造成的直接伤害大幅提高
778,神土伏煞,8,,4,绝技,Invalid,3,0,4,-1,false,false,-1,list,1546,1546,0,-1,8,false,"2, 0, 1, 3, 4, 5, 6",3,500,0,0,-1,-1,0,"0, 0, 0, 0",0,"0, 0, 0, 0","0, 0, 0, 0","外:0, 内:0","外:0, 内:0","外:0, 内:0",0,0,0,0,0,0,0,0,"0, 0, 0, 0, 0, 0",0,list2,0,0,30,0,0,0,list3,0,0,-1,-1,"20, 20, 1, 20, 20, 20, 20",0,"0, 0, 0, 0",false,false,"0, 0, 0, 0, 0, 0, 0, 0, 0, 0, 0, 0",0,-1,,0,0,0,"0, 0, 0, 0",36,0,36,-1,-1,false,-1,-1,-2,0,0,0,"0, 0, 0, 0",0,0,0,0,0,list,"0, 0, 0, 0, 0, 0, 0","0, 0, 0, 0, 0, 0, 0",0,0,list2,"0, 0, 0, 0, 0",loopBonusSkillList,0,"0, 1, 2, 3",血枫对内力属性为「玄阴」的人物造成的直接伤害大幅提高；内力属性为「紫霞」的人物对血枫造成的直接伤害大幅提高,血枫对内力属性为「玄阴」的人物造成的直接伤害大幅提高；内力属性为「紫霞」的人物对血枫造成的直接伤害大幅提高
779,分神境界,8,,4,绝技,Invalid,3,0,5,-1,false,false,-1,list,1547,1547,0,-1,8,true,"2, 0, 1, 3, 4, 5, 6",3,500,0,0,-1,-1,0,"0, 0, 0, 0",0,"0, 0, 0, 0","0, 0, 0, 0","外:0, 内:0","外:0, 内:0","外:0, 内:0",0,0,0,0,0,0,0,0,"0, 0, 0, 0, 0, 0",0,list2,0,0,100,0,0,0,list3,0,0,-1,-1,"20, 20, 1, 20, 20, 20, 20",0,"0, 0, 0, 0",false,false,"0, 0, 0, 0, 0, 0, 0, 0, 0, 0, 0, 0",0,-1,,0,0,0,"0, 0, 0, 0",36,0,36,-1,-1,false,-1,-1,-2,0,0,0,"0, 0, 0, 0",0,0,0,0,0,list,"0, 0, 0, 0, 0, 0, 0","0, 0, 0, 0, 0, 0, 0",0,0,list2,"0, 0, 0, 0, 0",loopBonusSkillList,0,"0, 1, 2, 3",术方对精妙或拆招低于自己的人物造成的直接伤害大幅提高；精妙或拆招高于术方的人物对术方造成的直接伤害大幅提高,术方对精妙或拆招低于自己的人物造成的直接伤害大幅提高；精妙或拆招高于术方的人物对术方造成的直接伤害大幅提高
780,界外吞心,8,,4,绝技,Invalid,3,0,5,-1,false,false,-1,list,1548,1548,0,-1,8,true,"2, 0, 1, 3, 4, 5, 6",3,500,0,0,-1,-1,0,"0, 0, 0, 0",0,"0, 0, 0, 0","0, 0, 0, 0","外:0, 内:0","外:0, 内:0","外:0, 内:0",0,0,0,0,0,0,0,0,"0, 0, 0, 0, 0, 0",0,list2,0,0,50,0,0,0,list3,0,0,-1,-1,"20, 20, 1, 20, 20, 20, 20",0,"0, 0, 0, 0",false,false,"0, 0, 0, 0, 0, 0, 0, 0, 0, 0, 0, 0",0,-1,,0,0,0,"0, 0, 0, 0",36,0,36,-1,-1,false,-1,-1,-2,0,0,0,"0, 0, 0, 0",0,0,0,0,0,list,"0, 0, 0, 0, 0, 0, 0","0, 0, 0, 0, 0, 0, 0",0,0,list2,"0, 0, 0, 0, 0",,0,"0, 1, 2, 3",相枢对入魔值越高的人物造成的直接伤害越高；入魔值越低的人物对相枢造成的直接伤害越高,相枢对入魔值越高的人物造成的直接伤害越高；入魔值越低的人物对相枢造成的直接伤害越高
781,隐尘,8,,4,绝技,Invalid,1,0,5,-1,false,false,-1,list,1549,1549,0,-1,8,true,"5, 6",3,500,0,0,-1,-1,0,"0, 0, 0, 0",0,"0, 0, 0, 0","0, 0, 0, 0","外:0, 内:0","外:0, 内:0","外:0, 内:0",0,0,0,0,0,0,0,0,"0, 0, 0, 0, 0, 0",0,list2,0,0,70,0,0,0,list3,0,0,-1,-1,"20, 20, 1, 20, 20, 20, 20",0,"0, 0, 0, 0",false,false,"0, 0, 0, 0, 0, 0, 0, 0, 0, 0, 0, 0",0,-1,,0,0,0,"0, 0, 0, 0",36,0,36,-1,-1,false,-1,-1,-2,0,0,0,"0, 0, 0, 0",0,0,0,0,0,list,"0, 0, 0, 0, 0, 0, 0","0, 0, 0, 0, 0, 0, 0",0,0,list2,"0, 0, 0, 0, 0",loopBonusSkillList,0,"0, 1, 2, 3",“隐尘”无法被封禁；染尘子唤出神剑“溶尘隐”后，染尘子的移动仅作为敌我距离的变化，不会引发各类移动效果，且染尘子移动时不会消耗脚力，持续直到染尘子唤用其它神剑,“隐尘”无法被封禁；染尘子唤出神剑“溶尘隐”后，染尘子的移动仅作为敌我距离的变化，不会引发各类移动效果，且染尘子移动时不会消耗脚力，持续直到染尘子唤用其它神剑
782,化生莲,8,,4,绝技,Invalid,1,0,5,-1,false,false,-1,list,1550,1550,0,-1,8,true,"2, 0, 1, 3, 4, 5, 6",3,500,0,0,-1,-1,0,"0, 0, 0, 0",0,"0, 0, 0, 0","0, 0, 0, 0","外:0, 内:0","外:0, 内:0","外:0, 内:0",0,0,0,0,0,0,0,0,"0, 0, 0, 0, 0, 0",0,list2,0,0,100,0,0,0,list3,0,0,-1,-1,"20, 20, 1, 20, 20, 20, 20",0,"0, 0, 0, 0",false,false,"0, 0, 0, 0, 0, 0, 0, 0, 0, 0, 0, 0",0,-1,,0,0,0,"0, 0, 0, 0",36,0,36,-1,-1,false,-1,-1,-2,0,0,0,"0, 0, 0, 0",0,0,0,0,0,list,"0, 0, 0, 0, 0, 0, 0","0, 0, 0, 0, 0, 0, 0",0,0,list2,"0, 0, 0, 0, 0",loopBonusSkillList,0,"0, 1, 2, 3",“化生莲”无法被封禁；染尘子唤出神剑“莫女衣”后，免受所有直接毒害，且染尘子一次性受到的直接伤势标记无法超过3个,“化生莲”无法被封禁；染尘子唤出神剑“莫女衣”后，免受所有直接毒害，且染尘子一次性受到的直接伤势标记无法超过3个
783,力断神魔,8,,4,绝技,Invalid,1,0,5,-1,false,false,-1,list,1551,1551,0,-1,8,true,"2, 0, 1, 3, 4, 5, 6",3,500,0,0,-1,-1,0,"0, 0, 0, 0",0,"0, 0, 0, 0","0, 0, 0, 0","外:0, 内:0","外:0, 内:0","外:0, 内:0",0,0,0,0,0,0,0,0,"0, 0, 0, 0, 0, 0",0,list2,0,0,0,0,0,0,list3,0,0,-1,-1,"20, 20, 1, 20, 20, 20, 20",0,"0, 0, 0, 0",false,false,"0, 0, 0, 0, 0, 0, 0, 0, 0, 0, 0, 0",0,-1,,0,0,0,"0, 0, 0, 0",36,0,36,-1,-1,false,-1,-1,-2,0,0,0,"0, 0, 0, 0",0,0,0,0,0,list,"0, 0, 0, 0, 0, 0, 0","0, 0, 0, 0, 0, 0, 0",0,0,list2,"0, 0, 0, 0, 0",loopBonusSkillList,0,"0, 1, 2, 3",“力断神魔”无法被封禁；染尘子唤出神剑“伏邪铁”后，免受「击退」、「拉近」、「封禁」、「打断」、「破绽」、「封穴」，持续直到染尘子唤用其它神剑,“力断神魔”无法被封禁；染尘子唤出神剑“伏邪铁”后，免受「击退」、「拉近」、「封禁」、「打断」、「破绽」、「封穴」，持续直到染尘子唤用其它神剑
784,福天祸兆,8,,4,绝技,Invalid,1,0,5,-1,false,false,-1,list,1552,1552,0,-1,8,true,"3, 4",3,500,0,0,-1,-1,0,"0, 0, 0, 0",0,"0, 0, 0, 0","0, 0, 0, 0","外:0, 内:0","外:0, 内:0","外:0, 内:0",0,0,0,0,0,0,0,0,"0, 0, 0, 0, 0, 0",0,list2,0,0,50,0,0,0,list3,0,0,-1,-1,"20, 20, 1, 20, 20, 20, 20",0,"0, 0, 0, 0",false,false,"0, 0, 0, 0, 0, 0, 0, 0, 0, 0, 0, 0",0,-1,,0,0,0,"0, 0, 0, 0",36,0,36,-1,-1,false,-1,-1,-2,0,0,0,"0, 0, 0, 0",0,0,0,0,0,list,"0, 0, 0, 0, 0, 0, 0","0, 0, 0, 0, 0, 0, 0",0,0,list2,"0, 0, 0, 0, 0",loopBonusSkillList,0,"0, 1, 2, 3",“福天祸兆”无法被封禁；染尘子唤出神剑“大玄凝”与“凤凰茧”时，立即恢复自身所有的提气、架势；此后，染尘子的提气、架势将不会因为任何原因而减少，持续直到染尘子唤用其它神剑,“福天祸兆”无法被封禁；染尘子唤出神剑“大玄凝”与“凤凰茧”时，立即恢复自身所有的提气、架势；此后，染尘子的提气、架势将不会因为任何原因而减少，持续直到染尘子唤用其它神剑
785,痴儿,8,,4,绝技,Invalid,2,0,5,-1,false,false,-1,list,1553,1553,0,-1,8,true,2,3,500,0,0,-1,-1,0,"0, 0, 0, 0",0,"0, 0, 0, 0","0, 0, 0, 0","外:0, 内:0","外:0, 内:0","外:0, 内:0",0,0,0,0,0,0,0,0,"0, 0, 0, 0, 0, 0",0,list2,0,0,50,0,0,0,list3,0,0,-1,-1,"20, 20, 1, 20, 20, 20, 20",0,"0, 0, 0, 0",false,false,"0, 0, 0, 0, 0, 0, 0, 0, 0, 0, 0, 0",0,-1,,0,0,0,"0, 0, 0, 0",36,0,36,-1,-1,false,-1,-1,-2,0,0,0,"0, 0, 0, 0",0,0,0,0,0,list,"0, 0, 0, 0, 0, 0, 0","0, 0, 0, 0, 0, 0, 0",0,0,list2,"0, 0, 0, 0, 0",loopBonusSkillList,0,"0, 1, 2, 3",“痴儿”无法被封禁；染尘子唤出神剑“焚神炼”、“解龙魄”、“囚魔木”时，自身所有的战败标记立即变化为失神标记；此后，染尘子受到的所有战败标记均会变化为失神标记，持续直到染尘子唤用其它神剑,“痴儿”无法被封禁；染尘子唤出神剑“焚神炼”、“解龙魄”、“囚魔木”时，自身所有的战败标记立即变化为失神标记；此后，染尘子受到的所有战败标记均会变化为失神标记，持续直到染尘子唤用其它神剑
786,十世一人,8,,4,绝技,Invalid,3,0,5,-1,false,false,-1,list,1554,1554,0,-1,8,true,"2, 0, 1, 3, 4, 5, 6",3,500,0,0,-1,-1,0,"0, 0, 0, 0",0,"0, 0, 0, 0","0, 0, 0, 0","外:0, 内:0","外:0, 内:0","外:0, 内:0",0,0,0,0,0,0,0,0,"0, 0, 0, 0, 0, 0",0,list2,0,0,50,0,0,0,list3,0,0,-1,-1,"20, 20, 1, 20, 20, 20, 20",0,"0, 0, 0, 0",false,false,"0, 0, 0, 0, 0, 0, 0, 0, 0, 0, 0, 0",0,-1,,0,0,0,"0, 0, 0, 0",36,0,36,-1,-1,false,-1,-1,-2,0,0,0,"0, 0, 0, 0",0,0,0,0,0,list,"0, 0, 0, 0, 0, 0, 0","0, 0, 0, 0, 0, 0, 0",0,0,list2,"0, 0, 0, 0, 0",loopBonusSkillList,0,"0, 1, 2, 3",“十世一人”无法被封禁；染尘子唤出神剑“鬼神霞”后，无法被击败，且会立即无消耗施展神力“九剑·鬼神霞”,“十世一人”无法被封禁；染尘子唤出神剑“鬼神霞”后，无法被击败，且会立即无消耗施展神力“九剑·鬼神霞”
787,死劫,8,,4,绝技,Invalid,3,0,5,-1,false,false,-1,list,1555,1555,0,-1,8,true,"2, 0, 1, 3, 4, 5, 6",3,500,0,0,-1,-1,0,"0, 0, 0, 0",0,"0, 0, 0, 0","0, 0, 0, 0","外:0, 内:0","外:0, 内:0","外:0, 内:0",0,0,0,0,0,0,0,0,"0, 0, 0, 0, 0, 0",0,list2,0,0,50,0,0,0,list3,0,0,-1,-1,"20, 20, 1, 20, 20, 20, 20",0,"0, 0, 0, 0",false,false,"0, 0, 0, 0, 0, 0, 0, 0, 0, 0, 0, 0",0,-1,,0,0,0,"0, 0, 0, 0",36,0,36,-1,-1,false,-1,-1,-2,0,0,0,"0, 0, 0, 0",0,0,0,0,0,list,"0, 0, 0, 0, 0, 0, 0","0, 0, 0, 0, 0, 0, 0",0,0,list2,"0, 0, 0, 0, 0",loopBonusSkillList,0,"0, 1, 2, 3",焕心拥有「神」式时，受到的直接伤害大幅降低，造成的直接伤害大幅提高；焕心未拥有「神」式时，受到的直接伤害大幅提高，造成的直接伤害大幅降低,焕心拥有「神」式时，受到的直接伤害大幅降低，造成的直接伤害大幅提高；焕心未拥有「神」式时，受到的直接伤害大幅提高，造成的直接伤害大幅降低
788,离幽噤梦,8,,4,绝技,Invalid,3,0,5,-1,false,false,-1,list,1556,1556,0,-1,8,true,2,3,500,0,0,-1,-1,0,"0, 0, 0, 0",0,"0, 0, 0, 0","0, 0, 0, 0","外:0, 内:0","外:0, 内:0","外:0, 内:0",0,0,0,0,0,0,0,0,"0, 0, 0, 0, 0, 0",0,list2,0,0,100,0,0,0,list3,0,0,-1,-1,"20, 20, 1, 20, 20, 20, 20",0,"0, 0, 0, 0",false,false,"0, 0, 0, 0, 0, 0, 0, 0, 0, 0, 0, 0",0,-1,,0,0,0,"0, 0, 0, 0",36,0,36,-1,-1,false,-1,-1,-2,0,0,0,"0, 0, 0, 0",0,0,0,0,0,list,"0, 0, 0, 0, 0, 0, 0","0, 0, 0, 0, 0, 0, 0",0,0,list2,"0, 0, 0, 0, 0",loopBonusSkillList,0,"0, 1, 2, 3",紫无绡不会出现破绽，且受到的直接外伤大幅降低，受到的直接内伤大幅提高；紫无绡身上的内伤标记越多，其所有神力的威力就提高越多,紫无绡不会出现破绽，且受到的直接外伤大幅降低，受到的直接内伤大幅提高；紫无绡身上的内伤标记越多，其所有神力的威力就提高越多
789,披血挂焰,8,,4,绝技,Invalid,3,0,5,-1,false,false,-1,list,1557,1557,0,-1,8,false,"2, 0, 1, 3, 4, 5, 6",3,500,0,0,-1,-1,0,"0, 0, 0, 0",0,"0, 0, 0, 0","0, 0, 0, 0","外:0, 内:0","外:0, 内:0","外:0, 内:0",0,0,0,0,0,0,0,0,"0, 0, 0, 0, 0, 0",0,list2,0,0,0,0,0,0,list3,0,0,-1,-1,"20, 20, 1, 20, 20, 20, 20",0,"0, 0, 0, 0",false,false,"0, 0, 0, 0, 0, 0, 0, 0, 0, 0, 0, 0",0,-1,,0,0,0,"0, 0, 0, 0",36,0,36,-1,-1,false,-1,-1,-2,0,0,0,"0, 0, 0, 0",0,0,0,0,0,list,"0, 0, 0, 0, 0, 0, 0","0, 0, 0, 0, 0, 0, 0",0,0,list2,"0, 0, 0, 0, 0",loopBonusSkillList,0,"0, 1, 2, 3",龙语茯不会被封穴，且受到的直接内伤大幅降低，受到的直接外伤大幅提高；龙语茯身上的外伤标记越多，其所有神力的威力就提高越多,龙语茯不会被封穴，且受到的直接内伤大幅降低，受到的直接外伤大幅提高；龙语茯身上的外伤标记越多，其所有神力的威力就提高越多
790,云水化灵衣,8,,3,绝技,Invalid,3,0,5,-1,false,false,-1,list,1525,1525,0,-1,8,true,"0, 1",3,500,0,0,-1,-1,0,"0, 0, 0, 0",0,"0, 0, 0, 0","0, 0, 0, 0","外:0, 内:0","外:0, 内:0","外:0, 内:0",0,0,0,0,0,0,0,0,"0, 0, 0, 0, 0, 0",3000,list2,0,50,50,0,0,0,list3,0,0,-1,-1,"20, 20, 1, 20, 20, 20, 20",0,"0, 0, 0, 0",false,false,"0, 0, 0, 0, 0, 0, 0, 0, 0, 0, 0, 0",0,-1,,0,0,0,"0, 0, 0, 0",36,0,36,-1,-1,false,-1,-1,-2,0,500,500,"0, 0, 750, 0",200,0,0,300,0,list,"0, 0, 0, 0, 0, 0, 0","0, 0, 0, 0, 0, 0, 0",0,0,list2,"0, 0, 0, 0, 0",loopBonusSkillList,0,"0, 1, 2, 3",以此神力进行防御时，敌人的中毒标记越多，莫女就有越高的几率直接化解敌人的攻击,以此神力进行防御时，敌人的中毒标记越多，莫女就有越高的几率直接化解敌人的攻击
791,不败,8,,3,绝技,Invalid,3,0,5,-1,false,false,-1,list,1526,1526,0,-1,8,false,"2, 0, 1, 3, 4, 5, 6",3,500,0,0,-1,-1,0,"0, 0, 0, 0",0,"0, 0, 0, 0","0, 0, 0, 0","外:0, 内:0","外:0, 内:0","外:0, 内:0",0,0,0,0,0,0,0,0,"0, 0, 0, 0, 0, 0",4500,list2,0,50,0,0,0,0,list3,0,0,-1,-1,"20, 20, 1, 20, 20, 20, 20",0,"0, 0, 0, 0",false,false,"0, 0, 0, 0, 0, 0, 0, 0, 0, 0, 0, 0",0,-1,,0,0,0,"0, 0, 0, 0",36,0,36,-1,-1,false,-1,-1,-2,0,750,0,"750, 0, 0, 0",0,150,0,600,60,list,"0, 0, 0, 0, 0, 0, 0","0, 0, 0, 0, 0, 0, 0",0,0,list2,"0, 0, 0, 0, 0",loopBonusSkillList,0,"0, 1, 2, 3",以此神力进行防御时，大岳瑶常免受所有会导致其部位伤势标记达到6个的直接伤害及重创,以此神力进行防御时，大岳瑶常免受所有会导致其部位伤势标记达到6个的直接伤害及重创
792,霜胎冰魄,8,,3,绝技,Invalid,3,0,5,-1,false,false,-1,list,1527,1527,0,-1,8,true,"2, 0, 1",3,500,0,0,-1,-1,0,"0, 0, 0, 0",0,"0, 0, 0, 0","0, 0, 0, 0","外:0, 内:0","外:0, 内:0","外:0, 内:0",0,0,0,0,0,0,0,0,"0, 0, 0, 0, 0, 0",4500,list2,0,50,70,0,0,0,list3,0,0,-1,-1,"20, 20, 1, 20, 20, 20, 20",0,"0, 0, 0, 0",false,false,"0, 0, 0, 0, 0, 0, 0, 0, 0, 0, 0, 0",0,-1,,0,0,0,"0, 0, 0, 0",36,0,36,-1,-1,false,-1,-1,-2,0,500,500,"0, 0, 500, 500",0,120,120,600,50,list,"0, 0, 0, 0, 0, 0, 0","0, 0, 0, 0, 0, 0, 0",0,0,list2,"0, 0, 0, 0, 0",loopBonusSkillList,0,"0, 1, 2, 3",以此神力进行防御时，每当敌人击中九寒，敌人的提气、架势就会减少,以此神力进行防御时，每当敌人击中九寒，敌人的提气、架势就会减少
793,九苞,8,,3,绝技,Invalid,3,0,5,-1,false,false,-1,list,1528,1528,0,-1,8,true,"2, 0, 1, 3, 4, 5, 6",3,500,0,0,-1,-1,0,"0, 0, 0, 0",0,"0, 0, 0, 0","0, 0, 0, 0","外:0, 内:0","外:0, 内:0","外:0, 内:0",0,0,0,0,0,0,0,0,"0, 0, 0, 0, 0, 0",3000,list2,0,50,40,0,0,0,list3,0,0,-1,-1,"20, 20, 1, 20, 20, 20, 20",0,"0, 0, 0, 0",false,false,"0, 0, 0, 0, 0, 0, 0, 0, 0, 0, 0, 0",0,-1,,0,0,0,"0, 0, 0, 0",36,0,36,-1,-1,false,-1,-1,-2,0,750,0,"500, 0, 500, 0",200,0,0,600,0,list,"0, 0, 0, 0, 0, 0, 0","0, 0, 0, 0, 0, 0, 0",0,0,list2,"0, 0, 0, 0, 0",loopBonusSkillList,0,"0, 1, 2, 3",此神力防御结束时，金凰儿身上残毁的部位的伤势减少3层，随后，金凰儿全身的伤势会被随机平均分配,此神力防御结束时，金凰儿身上残毁的部位的伤势减少3层，随后，金凰儿全身的伤势会被随机平均分配
794,心花燎梦,8,,3,绝技,Invalid,3,0,5,-1,false,false,-1,list,1529,1529,0,-1,8,true,2,3,500,0,0,-1,-1,0,"0, 0, 0, 0",0,"0, 0, 0, 0","0, 0, 0, 0","外:0, 内:0","外:0, 内:0","外:0, 内:0",0,0,0,0,0,0,0,0,"0, 0, 0, 0, 0, 0",3000,list2,0,50,100,0,0,0,list3,0,0,-1,-1,"20, 20, 1, 20, 20, 20, 20",0,"0, 0, 0, 0",false,false,"0, 0, 0, 0, 0, 0, 0, 0, 0, 0, 0, 0",0,-1,,0,0,0,"0, 0, 0, 0",36,0,36,-1,-1,false,-1,-1,-2,0,0,750,"0, 500, 0, 500",0,0,150,600,80,list,"0, 0, 0, 0, 0, 0, 0","0, 0, 0, 0, 0, 0, 0",0,0,list2,"0, 0, 0, 0, 0",loopBonusSkillList,0,"0, 1, 2, 3",以此神力进行防御时，衣以侯免受「破绽」、「封穴」，且受到的所有战败标记均会变化为失神标记,以此神力进行防御时，衣以侯免受「破绽」、「封穴」，且受到的所有战败标记均会变化为失神标记
795,骸龙甲,8,,3,绝技,Invalid,3,0,5,-1,false,false,-1,list,1530,1530,0,-1,8,false,"2, 0, 1",3,500,0,0,-1,-1,0,"0, 0, 0, 0",0,"0, 0, 0, 0","0, 0, 0, 0","外:0, 内:0","外:0, 内:0","外:0, 内:0",0,0,0,0,0,0,0,0,"0, 0, 0, 0, 0, 0",6000,list2,0,45,30,0,0,0,list3,0,0,-1,-1,"20, 20, 1, 20, 20, 20, 20",0,"0, 0, 0, 0",false,false,"0, 0, 0, 0, 0, 0, 0, 0, 0, 0, 0, 0",0,-1,,0,0,0,"0, 0, 0, 0",36,0,36,-1,-1,false,-1,-1,-2,0,500,500,"500, 500, 0, 0",0,0,0,900,0,list,"0, 0, 0, 0, 0, 0, 0","0, 0, 0, 0, 0, 0, 0",0,0,list2,"0, 0, 0, 0, 0",loopBonusSkillList,0,"0, 1, 2, 3",以此神力进行防御时，卫起受到的所有直接伤害均会变化为防御持续时间的损耗,以此神力进行防御时，卫起受到的所有直接伤害均会变化为防御持续时间的损耗
796,息土噬灵,8,,3,绝技,Invalid,3,0,5,-1,false,false,-1,list,1531,1531,0,-1,8,true,"2, 0, 1, 3, 4, 5, 6",3,500,0,0,-1,-1,0,"0, 0, 0, 0",0,"0, 0, 0, 0","0, 0, 0, 0","外:0, 内:0","外:0, 内:0","外:0, 内:0",0,0,0,0,0,0,0,0,"0, 0, 0, 0, 0, 0",3000,list2,0,50,100,0,0,0,list3,0,0,-1,-1,"20, 20, 1, 20, 20, 20, 20",0,"0, 0, 0, 0",false,false,"0, 0, 0, 0, 0, 0, 0, 0, 0, 0, 0, 0",0,-1,,0,0,0,"0, 0, 0, 0",36,0,36,-1,-1,false,-1,-1,-2,0,0,750,"0, 750, 0, 0",200,0,0,600,0,list,"0, 0, 0, 0, 0, 0, 0","0, 0, 0, 0, 0, 0, 0",0,0,list2,"0, 0, 0, 0, 0",loopBonusSkillList,0,"0, 1, 2, 3",以此神力进行防御时，每当敌人击中以向，以向自敌人体内吸取3点随机类型的真气,以此神力进行防御时，每当敌人击中以向，以向自敌人体内吸取3点随机类型的真气
797,枫神召命,8,,3,绝技,Invalid,3,0,5,-1,false,false,-1,list,1532,1532,0,-1,8,true,2,3,500,0,0,-1,-1,0,"0, 0, 0, 0",0,"0, 0, 0, 0","0, 0, 0, 0","外:0, 内:0","外:0, 内:0","外:0, 内:0",0,0,0,0,0,0,0,0,"0, 0, 0, 0, 0, 0",4500,list2,0,45,50,0,0,0,list3,0,0,-1,-1,"20, 20, 1, 20, 20, 20, 20",0,"0, 0, 0, 0",false,false,"0, 0, 0, 0, 0, 0, 0, 0, 0, 0, 0, 0",0,-1,,0,0,0,"0, 0, 0, 0",36,0,36,-1,-1,false,-1,-1,-2,0,750,0,"750, 0, 0, 0",0,0,0,600,0,list,"0, 0, 0, 0, 0, 0, 0","0, 0, 0, 0, 0, 0, 0",0,0,list2,"0, 0, 0, 0, 0",loopBonusSkillList,0,"0, 1, 2, 3",以此神力进行防御时：每当血枫受到直接伤害，会先将血枫已有的新增伤势变化为旧时伤势，只有血枫所有的伤势均为旧时伤势时，才会再受到新的伤势,以此神力进行防御时：每当血枫受到直接伤害，会先将血枫已有的新增伤势变化为旧时伤势，只有血枫所有的伤势均为旧时伤势时，才会再受到新的伤势
798,三元九遁天地变,8,,3,绝技,Invalid,3,0,5,-1,false,false,-1,list,1533,1533,0,-1,8,true,"2, 0, 1, 3, 4, 5, 6",3,500,0,0,-1,-1,0,"0, 0, 0, 0",0,"0, 0, 0, 0","0, 0, 0, 0","外:0, 内:0","外:0, 内:0","外:0, 内:0",0,0,0,0,0,0,0,0,"0, 0, 0, 0, 0, 0",3000,list2,0,45,100,0,0,0,list3,0,0,-1,-1,"20, 20, 1, 20, 20, 20, 20",0,"0, 0, 0, 0",false,false,"0, 0, 0, 0, 0, 0, 0, 0, 0, 0, 0, 0",0,-1,,0,0,0,"0, 0, 0, 0",36,0,36,-1,-1,false,-1,-1,-2,0,0,750,"0, 0, 0, 750",0,0,0,600,0,list,"0, 0, 0, 0, 0, 0, 0","0, 0, 0, 0, 0, 0, 0",0,0,list2,"0, 0, 0, 0, 0",loopBonusSkillList,0,"0, 1, 2, 3",以此神力进行防御时，术方持续将自身的随机战败标记转换为架势与提气,以此神力进行防御时，术方持续将自身的随机战败标记转换为架势与提气
799,玄狱绝神,8,,3,绝技,Invalid,3,0,5,-1,false,false,-1,list,1534,1534,0,-1,8,true,"2, 0, 1, 3, 4, 5, 6",3,500,0,0,-1,-1,0,"0, 0, 0, 0",0,"0, 0, 0, 0","0, 0, 0, 0","外:0, 内:0","外:0, 内:0","外:0, 内:0",0,0,0,0,0,0,0,0,"0, 0, 0, 0, 0, 0",4500,list2,0,45,50,0,0,0,list3,0,0,-1,-1,"20, 20, 1, 20, 20, 20, 20",0,"0, 0, 0, 0",false,false,"0, 0, 0, 0, 0, 0, 0, 0, 0, 0, 0, 0",0,-1,,0,0,0,"0, 0, 0, 0",36,0,36,-1,-1,false,-1,-1,-2,0,500,500,"350, 350, 350, 350",0,0,0,300,0,list,"0, 0, 0, 0, 0, 0, 0","0, 0, 0, 0, 0, 0, 0",0,0,list2,"0, 0, 0, 0, 0",loopBonusSkillList,0,"0, 1, 2, 3",以此神力进行防御时，相枢根据敌人的处世立场：令刚正的敌人持续受到外伤；令仁善的敌人持续受到内伤；令中庸的敌人持续受到毒害；令叛逆的敌人持续受到封穴；令唯我的敌人持续受到破绽,以此神力进行防御时，相枢根据敌人的处世立场：令刚正的敌人持续受到外伤；令仁善的敌人持续受到内伤；令中庸的敌人持续受到毒害；令叛逆的敌人持续受到封穴；令唯我的敌人持续受到破绽
800,无灭石心,8,,3,绝技,Invalid,3,0,5,-1,false,false,-1,list,1535,1535,0,-1,8,true,"2, 0, 1, 3, 4, 5, 6",3,500,0,0,-1,-1,0,"0, 0, 0, 0",0,"0, 0, 0, 0","0, 0, 0, 0","外:0, 内:0","外:0, 内:0","外:0, 内:0",0,0,0,0,0,0,0,0,"0, 0, 0, 0, 0, 0",6000,list2,0,45,50,0,0,0,list3,0,0,-1,-1,"20, 20, 1, 20, 20, 20, 20",0,"0, 0, 0, 0",false,false,"0, 0, 0, 0, 0, 0, 0, 0, 0, 0, 0, 0",0,-1,,0,0,0,"0, 0, 0, 0",36,0,36,-1,-1,false,-1,-1,-2,0,500,500,"350, 350, 350, 350",0,0,0,600,0,list,"0, 0, 0, 0, 0, 0, 0","0, 0, 0, 0, 0, 0, 0",0,0,list2,"0, 0, 0, 0, 0",loopBonusSkillList,0,"0, 1, 2, 3",以此神力进行防御时，染尘子免受重创，且染尘子所有会随时间逐渐消失的战败标记的消失速度均会加倍,以此神力进行防御时，染尘子免受重创，且染尘子所有会随时间逐渐消失的战败标记的消失速度均会加倍
801,幻心,8,,3,绝技,Invalid,3,0,5,-1,false,false,-1,list,1536,1536,0,-1,8,true,2,3,500,0,0,-1,-1,0,"0, 0, 0, 0",0,"0, 0, 0, 0","0, 0, 0, 0","外:0, 内:0","外:0, 内:0","外:0, 内:0",0,0,0,0,0,0,0,0,"0, 0, 0, 0, 0, 0",3000,list2,0,45,50,0,0,0,list3,0,0,-1,-1,"20, 20, 1, 20, 20, 20, 20",0,"0, 0, 0, 0",false,false,"0, 0, 0, 0, 0, 0, 0, 0, 0, 0, 0, 0",0,-1,,0,0,0,"0, 0, 0, 0",36,0,36,-1,-1,false,-1,-1,-2,0,500,500,"350, 350, 350, 350",0,0,0,600,0,list,"0, 0, 0, 0, 0, 0, 0","0, 0, 0, 0, 0, 0, 0",0,0,list2,"0, 0, 0, 0, 0",loopBonusSkillList,0,"0, 1, 2, 3",以此神力进行防御时，焕心每有1个增益状态，受到的所有直接伤害减少15%,以此神力进行防御时，焕心每有1个增益状态，受到的所有直接伤害减少15%
802,虚华摄月,8,,3,绝技,Invalid,3,0,5,-1,false,false,-1,list,1537,1537,0,-1,8,true,2,3,500,0,0,-1,-1,0,"0, 0, 0, 0",0,"0, 0, 0, 0","0, 0, 0, 0","外:0, 内:0","外:0, 内:0","外:0, 内:0",0,0,0,0,0,0,0,0,"0, 0, 0, 0, 0, 0",3000,list2,0,50,100,0,0,0,list3,0,0,-1,-1,"20, 20, 1, 20, 20, 20, 20",0,"0, 0, 0, 0",false,false,"0, 0, 0, 0, 0, 0, 0, 0, 0, 0, 0, 0",0,-1,,0,0,0,"0, 0, 0, 0",36,0,36,-1,-1,false,-1,-1,-2,0,0,750,"0, 500, 0, 500",200,0,0,600,0,list,"0, 0, 0, 0, 0, 0, 0","0, 0, 0, 0, 0, 0, 0",0,0,list2,"0, 0, 0, 0, 0",loopBonusSkillList,0,"0, 1, 2, 3",以此神力进行防御时：敌人对紫无绡造成的直接伤害根据敌人的必死标记数量降低；紫无绡对敌人造成的反击伤害根据敌人的必死标记数量提高,以此神力进行防御时：敌人对紫无绡造成的直接伤害根据敌人的必死标记数量降低；紫无绡对敌人造成的反击伤害根据敌人的必死标记数量提高
803,帝昭玄火印,8,,3,绝技,Invalid,3,0,5,-1,false,false,-1,list,1538,1538,0,-1,8,false,"2, 0, 1, 3, 4, 5, 6",3,500,0,0,-1,-1,0,"0, 0, 0, 0",0,"0, 0, 0, 0","0, 0, 0, 0","外:0, 内:0","外:0, 内:0","外:0, 内:0",0,0,0,0,0,0,0,0,"0, 0, 0, 0, 0, 0",4500,list2,0,50,0,0,0,0,list3,0,0,-1,-1,"20, 20, 1, 20, 20, 20, 20",0,"0, 0, 0, 0",false,false,"0, 0, 0, 0, 0, 0, 0, 0, 0, 0, 0, 0",0,-1,,0,0,0,"0, 0, 0, 0",36,0,36,-1,-1,false,-1,-1,-2,0,750,0,"500, 0, 500, 0",0,120,120,600,90,list,"0, 0, 0, 0, 0, 0, 0","0, 0, 0, 0, 0, 0, 0",0,0,list2,"0, 0, 0, 0, 0",loopBonusSkillList,0,"0, 1, 2, 3",以此神力进行防御时，龙语茯对敌人造成的反震伤害根据龙语茯被攻击部位的伤势标记数量提高,以此神力进行防御时，龙语茯对敌人造成的反震伤害根据龙语茯被攻击部位的伤势标记数量提高
804,寸心入梦,6,,1,奇门,Invalid,2,0,1,-1,false,false,-1,属性106=10,1558,1558,0,-1,6,false,"3, 4",2,350,0,0,-1,-1,0,"0, 0, 0, 0",0,"0, 0, 0, 0","0, 0, 0, 0","外:0, 内:0","外:0, 内:0","外:0, 内:0",0,0,0,0,0,0,0,0,"0, 0, 0, 0, 0, 0",18000,4,0,60,50,0,680,15,式4=3,0,0,840,-1,"0, 0, 10, 50, 50, 10, 10",230,"0, 30, 70, 0",true,false,"0, 0, 0, 0, 0, 0, 0, 0, 0, 0, 0, 0",100,-1,,0,0,0,"0, 0, 0, 0",36,0,36,-1,-1,false,-1,-1,-2,0,0,0,"0, 0, 0, 0",0,0,0,0,0,list,"0, 0, 0, 0, 0, 0, 0","0, 0, 0, 0, 0, 0, 0",0,0,list2,"0, 0, 0, 0, 0",loopBonusSkillList,0,"0, 1, 2, 3",此神力发挥$0$成威力后，莫女获得3层此效果：每当敌人累积移动2距离，敌人失去所有的脚力、提气、架势,此神力发挥$0$成威力后，莫女获得3层此效果：每当敌人累积移动2距离，敌人失去所有的脚力、提气、架势
805,幽潭七水,7,,1,暗器,Invalid,2,0,1,-1,false,false,-1,属性107=10,1559,1559,0,-1,7,true,2,2,350,0,0,-1,-1,0,"0, 0, 0, 0",0,"0, 0, 0, 0","0, 0, 0, 0","外:0, 内:0","外:0, 内:0","外:0, 内:0",0,0,0,0,0,0,0,0,"0, 0, 0, 0, 0, 0",27000,0,0,80,100,0,800,20,式13=3,0,0,852,-1,"0, 0, 10, 50, 50, 10, 10",230,"0, 40, 60, 0",false,false,"300, 2, 300, 2, 300, 2, 300, 2, 300, 2, 300, 2",100,-1,,0,0,0,"0, 0, 0, 0",36,0,36,-1,-1,false,-1,-1,-2,0,0,0,"0, 0, 0, 0",0,0,0,0,0,list,"0, 0, 0, 0, 0, 0, 0","0, 0, 0, 0, 0, 0, 0",0,0,list2,"0, 0, 0, 0, 0",loopBonusSkillList,0,"0, 1, 2, 3",施展此神力的过程中，如果敌人在莫女的攻击范围内：莫女使敌人持续受到3种随机类型的毒害,施展此神力的过程中，如果敌人在莫女的攻击范围内：莫女使敌人持续受到3种随机类型的毒害
806,五色莺,8,,1,御射,Invalid,2,0,1,-1,false,false,-1,list,1560,1560,0,-1,8,true,"2, 0, 1, 3, 4, 5, 6",2,350,0,0,-1,-1,0,"0, 0, 0, 0",0,"0, 0, 0, 0","0, 0, 0, 0","外:0, 内:0","外:0, 内:0","外:0, 内:0",0,0,0,0,0,0,0,0,"0, 0, 0, 0, 0, 0",21000,list2,0,100,0,0,760,25,式21=3,0,0,864,-1,"0, 0, 10, 50, 50, 10, 10",230,"0, 0, 100, 0",true,true,"0, 0, 0, 0, 0, 0, 0, 0, 0, 0, 0, 0",100,-1,,0,0,0,"0, 0, 0, 0",36,0,36,-1,-1,false,-1,-1,-2,0,0,0,"0, 0, 0, 0",0,0,0,0,0,list,"0, 0, 0, 0, 0, 0, 0","0, 0, 0, 0, 0, 0, 0",0,0,list2,"0, 0, 0, 0, 0",loopBonusSkillList,0,"0, 1, 2, 3",开始施展此神力时，莫女获得6层此效果：每当敌人以兵器攻击莫女，莫女立即对敌人进行2次兵器攻击；以此神力攻击敌人时，莫女消耗所有此效果的剩余层数，提高此神力的威力,开始施展此神力时，莫女获得6层此效果：每当敌人以兵器攻击莫女，莫女立即对敌人进行2次兵器攻击；以此神力攻击敌人时，莫女消耗所有此效果的剩余层数，提高此神力的威力
807,寸心断梦,6,,1,奇门,Invalid,3,0,1,-1,false,false,-1,属性106=10,1561,1561,0,-1,6,false,"3, 4",3,500,0,0,-1,-1,0,"0, 0, 0, 0",0,"0, 0, 0, 0","0, 0, 0, 0","外:0, 内:0","外:0, 内:0","外:0, 内:0",0,0,0,0,0,0,0,0,"0, 0, 0, 0, 0, 0",18000,4,0,60,50,0,680,15,式4=3,0,0,840,-1,"0, 0, 10, 50, 50, 10, 10",230,"0, 30, 70, 0",true,false,"0, 0, 0, 0, 0, 0, 0, 0, 0, 0, 0, 0",100,-1,,0,0,0,"0, 0, 0, 0",36,0,36,-1,-1,false,-1,-1,-2,0,0,0,"0, 0, 0, 0",0,0,0,0,0,list,"0, 0, 0, 0, 0, 0, 0","0, 0, 0, 0, 0, 0, 0",0,0,list2,"0, 0, 0, 0, 0",loopBonusSkillList,0,"0, 1, 2, 3",此神力发挥$0$成威力后，莫女获得6层此效果：每当敌人累积移动2距离，敌人失去所有的脚力、身法、提气、架势,此神力发挥$0$成威力后，莫女获得6层此效果：每当敌人累积移动2距离，敌人失去所有的脚力、身法、提气、架势
808,玄潭鬼毒,7,,1,暗器,Invalid,3,0,1,-1,false,false,-1,属性107=10,1562,1562,0,-1,7,true,2,3,500,0,0,-1,-1,0,"0, 0, 0, 0",0,"0, 0, 0, 0","0, 0, 0, 0","外:0, 内:0","外:0, 内:0","外:0, 内:0",0,0,0,0,0,0,0,0,"0, 0, 0, 0, 0, 0",27000,0,0,80,100,0,800,20,式13=3,0,0,852,-1,"0, 0, 10, 50, 50, 10, 10",230,"0, 40, 60, 0",false,false,"450, 3, 450, 3, 450, 3, 450, 3, 450, 3, 450, 3",100,-1,,0,0,0,"0, 0, 0, 0",36,0,36,-1,-1,false,-1,-1,-2,0,0,0,"0, 0, 0, 0",0,0,0,0,0,list,"0, 0, 0, 0, 0, 0, 0","0, 0, 0, 0, 0, 0, 0",0,0,list2,"0, 0, 0, 0, 0",loopBonusSkillList,0,"0, 1, 2, 3",施展此神力的过程中，如果敌人在莫女的攻击范围内：莫女使敌人持续受到6种不同类型的毒害,施展此神力的过程中，如果敌人在莫女的攻击范围内：莫女使敌人持续受到6种不同类型的毒害
809,乱彩莺,8,,1,御射,Invalid,3,0,1,-1,false,false,-1,list,1563,1563,0,-1,8,true,"2, 0, 1, 3, 4, 5, 6",3,500,0,0,-1,-1,0,"0, 0, 0, 0",0,"0, 0, 0, 0","0, 0, 0, 0","外:0, 内:0","外:0, 内:0","外:0, 内:0",0,0,0,0,0,0,0,0,"0, 0, 0, 0, 0, 0",21000,list2,0,100,0,0,760,25,式21=3,0,0,864,-1,"0, 0, 10, 50, 50, 10, 10",230,"0, 0, 100, 0",true,true,"0, 0, 0, 0, 0, 0, 0, 0, 0, 0, 0, 0",100,-1,,0,0,0,"0, 0, 0, 0",36,0,36,-1,-1,false,-1,-1,-2,0,0,0,"0, 0, 0, 0",0,0,0,0,0,list,"0, 0, 0, 0, 0, 0, 0","0, 0, 0, 0, 0, 0, 0",0,0,list2,"0, 0, 0, 0, 0",loopBonusSkillList,0,"0, 1, 2, 3",开始施展此神力时，莫女获得6层此效果：每当敌人以兵器攻击莫女，莫女立即对敌人进行4次兵器攻击；以此神力攻击敌人时，莫女消耗所有此效果的剩余层数，大幅提高此神力的威力,开始施展此神力时，莫女获得6层此效果：每当敌人以兵器攻击莫女，莫女立即对敌人进行4次兵器攻击；以此神力攻击敌人时，莫女消耗所有此效果的剩余层数，大幅提高此神力的威力
810,破妖秽,6,,1,剑法,Invalid,2,0,0,-1,false,false,-1,属性106=10,1564,1564,0,-1,6,false,"0, 1, 3, 4",2,350,0,0,-1,-1,0,"0, 0, 0, 0",0,"0, 0, 0, 0","0, 0, 0, 0","外:0, 内:0","外:0, 内:0","外:0, 内:0",0,0,0,0,0,0,0,0,"0, 0, 0, 0, 0, 0",27000,4,0,60,0,0,1120,15,式3=3,0,0,865,-1,"50, 50, 10, 10, 10, 0, 0",170,"60, 40, 0, 0",false,true,"0, 0, 0, 0, 0, 0, 0, 0, 0, 0, 0, 0",100,-1,,0,0,0,"0, 0, 0, 0",36,0,36,-1,-1,false,-1,-1,-2,0,0,0,"0, 0, 0, 0",0,0,0,0,0,list,"0, 0, 0, 0, 0, 0, 0","0, 0, 0, 0, 0, 0, 0",0,0,list2,"0, 0, 0, 0, 0",loopBonusSkillList,0,"0, 1, 2, 3",施展此神力的过程中，如果敌人在大岳瑶常的攻击范围之内，不断损耗敌人的脚力、提气、架势,施展此神力的过程中，如果敌人在大岳瑶常的攻击范围之内，不断损耗敌人的脚力、提气、架势
811,灭杀三斩,7,,1,剑法,Invalid,2,0,0,-1,false,false,-1,属性107=10,1565,1565,0,-1,7,false,"2, 0, 1, 3, 4",2,350,0,0,-1,-1,0,"0, 0, 0, 0",0,"0, 0, 0, 0","0, 0, 0, 0","外:0, 内:0","外:0, 内:0","外:0, 内:0",0,0,0,0,0,0,0,0,"0, 0, 0, 0, 0, 0",30000,4,0,80,0,0,1200,20,式3=3,0,0,853,-1,"50, 50, 10, 10, 10, 0, 0",170,"70, 30, 0, 0",false,true,"0, 0, 0, 0, 0, 0, 0, 0, 0, 0, 0, 0",100,-1,,0,0,0,"0, 0, 0, 0",36,0,36,-1,-1,false,-1,-1,-2,0,0,0,"0, 0, 0, 0",0,0,0,0,0,list,"0, 0, 0, 0, 0, 0, 0","0, 0, 0, 0, 0, 0, 0",0,0,list2,"0, 0, 0, 0, 0",loopBonusSkillList,0,"0, 1, 2, 3",此神力施展结束时，此神力的威力累积增加，持续直到战斗结束，且大岳瑶常能够重复2次，以40%的威力从施展进度50%开始无消耗施展此神力攻击敌人,此神力施展结束时，此神力的威力累积增加，持续直到战斗结束，且大岳瑶常能够重复2次，以40%的威力从施展进度50%开始无消耗施展此神力攻击敌人
812,天魔降伏,8,,1,剑法,Invalid,2,0,0,-1,false,false,-1,list,1566,1566,0,-1,8,false,"2, 0, 1, 3, 4, 5, 6",2,350,0,0,-1,-1,0,"0, 0, 0, 0",0,"0, 0, 0, 0","0, 0, 0, 0","外:0, 内:0","外:0, 内:0","外:0, 内:0",0,0,0,0,0,0,0,0,"0, 0, 0, 0, 0, 0",36000,list2,0,100,0,0,1280,25,式21=3,0,0,841,-1,"50, 50, 10, 10, 10, 0, 0",170,"100, 0, 0, 0",false,false,"0, 0, 0, 0, 0, 0, 0, 0, 0, 0, 0, 0",100,-1,,0,0,0,"0, 0, 0, 0",36,0,36,-1,-1,false,-1,-1,-2,0,0,0,"0, 0, 0, 0",0,0,0,0,0,list,"0, 0, 0, 0, 0, 0, 0","0, 0, 0, 0, 0, 0, 0",0,0,list2,"0, 0, 0, 0, 0",loopBonusSkillList,0,"0, 1, 2, 3",以此神力攻击敌人时：如果敌人正在施展逆练功法，此神力的威力大幅提高；如果敌人未在施展「摧破」功法，此神力的威力大幅提高；如果敌人未在此神力的攻击范围之内，敌人随机出现3个破绽,以此神力攻击敌人时：如果敌人正在施展逆练功法，此神力的威力大幅提高；如果敌人未在施展「摧破」功法，此神力的威力大幅提高；如果敌人未在此神力的攻击范围之内，敌人随机出现3个破绽
813,斩恶龙,6,,1,剑法,Invalid,3,0,0,-1,false,false,-1,属性106=10,1567,1567,0,-1,6,false,"0, 1, 3, 4",3,500,0,0,-1,-1,0,"0, 0, 0, 0",0,"0, 0, 0, 0","0, 0, 0, 0","外:0, 内:0","外:0, 内:0","外:0, 内:0",0,0,0,0,0,0,0,0,"0, 0, 0, 0, 0, 0",27000,4,0,60,0,0,1120,15,式3=3,0,0,865,-1,"50, 50, 10, 10, 10, 0, 0",170,"60, 40, 0, 0",false,true,"0, 0, 0, 0, 0, 0, 0, 0, 0, 0, 0, 0",100,-1,,0,0,0,"0, 0, 0, 0",36,0,36,-1,-1,false,-1,-1,-2,0,0,0,"0, 0, 0, 0",0,0,0,0,0,list,"0, 0, 0, 0, 0, 0, 0","0, 0, 0, 0, 0, 0, 0",0,0,list2,"0, 0, 0, 0, 0",loopBonusSkillList,0,"0, 1, 2, 3",施展此神力的过程中，如果敌人在大岳瑶常的攻击范围之内，不断损耗敌人的脚力、提气、架势,施展此神力的过程中，如果敌人在大岳瑶常的攻击范围之内，不断损耗敌人的脚力、提气、架势
814,舍断三斩,7,,1,剑法,Invalid,3,0,0,-1,false,false,-1,属性107=10,1568,1568,0,-1,7,false,"2, 0, 1, 3, 4",3,500,0,0,-1,-1,0,"0, 0, 0, 0",0,"0, 0, 0, 0","0, 0, 0, 0","外:0, 内:0","外:0, 内:0","外:0, 内:0",0,0,0,0,0,0,0,0,"0, 0, 0, 0, 0, 0",30000,4,0,80,0,0,1200,20,式3=3,0,0,853,-1,"50, 50, 10, 10, 10, 0, 0",170,"70, 30, 0, 0",false,true,"0, 0, 0, 0, 0, 0, 0, 0, 0, 0, 0, 0",100,-1,,0,0,0,"0, 0, 0, 0",36,0,36,-1,-1,false,-1,-1,-2,0,0,0,"0, 0, 0, 0",0,0,0,0,0,list,"0, 0, 0, 0, 0, 0, 0","0, 0, 0, 0, 0, 0, 0",0,0,list2,"0, 0, 0, 0, 0",loopBonusSkillList,0,"0, 1, 2, 3",此神力施展结束时，此神力的威力累积增加，持续直到战斗结束，且大岳瑶常能够重复2次，以80%的威力从施展进度50%开始无消耗施展此神力攻击敌人,此神力施展结束时，此神力的威力累积增加，持续直到战斗结束，且大岳瑶常能够重复2次，以80%的威力从施展进度50%开始无消耗施展此神力攻击敌人
815,天魔破尽,8,,1,剑法,Invalid,3,0,0,-1,false,false,-1,list,1569,1569,0,-1,8,false,"2, 0, 1, 3, 4, 5, 6",3,500,0,0,-1,-1,0,"0, 0, 0, 0",0,"0, 0, 0, 0","0, 0, 0, 0","外:0, 内:0","外:0, 内:0","外:0, 内:0",0,0,0,0,0,0,0,0,"0, 0, 0, 0, 0, 0",36000,list2,0,100,0,0,1280,25,式21=3,0,0,841,-1,"50, 50, 10, 10, 10, 0, 0",170,"100, 0, 0, 0",false,false,"0, 0, 0, 0, 0, 0, 0, 0, 0, 0, 0, 0",100,-1,,0,0,0,"0, 0, 0, 0",36,0,36,-1,-1,false,-1,-1,-2,0,0,0,"0, 0, 0, 0",0,0,0,0,0,list,"0, 0, 0, 0, 0, 0, 0","0, 0, 0, 0, 0, 0, 0",0,0,list2,"0, 0, 0, 0, 0",loopBonusSkillList,0,"0, 1, 2, 3",以此神力攻击敌人时：如果敌人正在施展逆练功法，此神力的威力大幅提高；如果敌人未在施展「摧破」功法，此神力的威力大幅提高；如果敌人未在此神力的攻击范围之内，敌人随机出现6个破绽,以此神力攻击敌人时：如果敌人正在施展逆练功法，此神力的威力大幅提高；如果敌人未在施展「摧破」功法，此神力的威力大幅提高；如果敌人未在此神力的攻击范围之内，敌人随机出现6个破绽
816,塑雪,6,,1,指法,Invalid,2,0,2,-1,false,false,-1,属性106=10,1570,1570,0,-1,6,true,"3, 4",2,350,0,0,-1,-1,0,"0, 0, 0, 0",0,"0, 0, 0, 0","0, 0, 0, 0","外:0, 内:0","外:0, 内:0","外:0, 内:0",0,0,0,0,0,0,0,0,"0, 0, 0, 0, 0, 0",24000,4,0,60,50,0,1080,15,式8=3,0,0,842,-1,"0, 0, 10, 20, 20, 40, 40",170,"0, 40, 60, 0",false,true,"0, 0, 0, 0, 600, 2, 0, 0, 0, 0, 0, 0",100,-1,,0,0,0,"0, 0, 0, 0",36,0,36,-1,-1,false,-1,-1,-2,0,0,0,"0, 0, 0, 0",0,0,0,0,0,list,"0, 0, 0, 0, 0, 0, 0","0, 0, 0, 0, 0, 0, 0",0,0,list2,"0, 0, 0, 0, 0",loopBonusSkillList,0,"0, 1, 2, 3",此神力发挥$0$成威力时，九寒获得30层此效果：以每0.1距离消耗1层此效果为代价，抵消敌人移动的距离，此效果存在时，降低敌人的脚力恢复速度,此神力发挥$0$成威力时，九寒获得30层此效果：以每0.1距离消耗1层此效果为代价，抵消敌人移动的距离，此效果存在时，降低敌人的脚力恢复速度
817,青神悠舞,8,,1,拳掌,Invalid,2,0,2,-1,false,false,-1,list,1571,1571,0,-1,8,true,"2, 0, 1, 3, 4, 5, 6",2,350,0,0,-1,-1,0,"0, 0, 0, 0",0,"0, 0, 0, 0","0, 0, 0, 0","外:0, 内:0","外:0, 内:0","外:0, 内:0",0,0,0,0,0,0,0,0,"0, 0, 0, 0, 0, 0",27000,list2,0,100,0,0,880,25,式21=3,0,0,854,-1,"0, 0, 10, 20, 20, 40, 40",240,"0, 30, 70, 0",true,false,"0, 0, 0, 0, 800, 2, 0, 0, 0, 0, 0, 0",100,-1,,0,0,0,"0, 0, 0, 0",36,0,36,-1,-1,false,-1,-1,-2,0,0,0,"0, 0, 0, 0",0,0,0,0,0,list,"0, 0, 0, 0, 0, 0, 0","0, 0, 0, 0, 0, 0, 0",0,0,list2,"0, 0, 0, 0, 0",loopBonusSkillList,0,"0, 1, 2, 3",此神力施展结束时，九寒获得9层此效果：敌人持续出现1个封穴；敌人每因此效果出现封穴，此效果层数减少1层,此神力施展结束时，九寒获得9层此效果：敌人持续出现1个封穴；敌人每因此效果出现封穴，此效果层数减少1层
818,祈悲曲,7,,1,乐器,Invalid,2,0,2,-1,false,false,-1,属性107=10,1572,1572,0,-1,7,true,2,2,350,0,0,-1,-1,0,"0, 0, 0, 0",0,"0, 0, 0, 0","0, 0, 0, 0","外:0, 内:0","外:0, 内:0","外:0, 内:0",0,0,0,0,0,0,0,0,"0, 0, 0, 0, 0, 0",33000,"0, 3",0,80,100,0,0,20,式9=3,0,0,866,-1,"0, 0, 10, 20, 20, 40, 40",1000,"0, 0, 0, 100",false,false,"0, 0, 0, 0, 0, 0, 0, 0, 0, 0, 0, 0",100,-1,,0,0,0,"0, 0, 0, 0",36,0,36,-1,-1,false,-1,-1,-2,0,0,0,"0, 0, 0, 0",0,0,0,0,0,list,"0, 0, 0, 0, 0, 0, 0","0, 0, 0, 0, 0, 0, 0",0,0,list2,"0, 0, 0, 0, 0",loopBonusSkillList,0,"0, 1, 2, 3",以此神力攻击敌人时，九寒获得12层此效果：敌人兵器攻击需要的准备时间大幅上升，且命中率大幅下降，此效果层数会随时间自动减少,以此神力攻击敌人时，九寒获得12层此效果：敌人兵器攻击需要的准备时间大幅上升，且命中率大幅下降，此效果层数会随时间自动减少
819,凝洪,6,,1,指法,Invalid,3,0,2,-1,false,false,-1,属性106=10,1573,1573,0,-1,6,true,"3, 4",3,500,0,0,-1,-1,0,"0, 0, 0, 0",0,"0, 0, 0, 0","0, 0, 0, 0","外:0, 内:0","外:0, 内:0","外:0, 内:0",0,0,0,0,0,0,0,0,"0, 0, 0, 0, 0, 0",24000,4,0,60,50,0,1080,15,式8=3,0,0,842,-1,"0, 0, 10, 20, 20, 40, 40",170,"0, 40, 60, 0",false,true,"0, 0, 0, 0, 600, 3, 0, 0, 0, 0, 0, 0",100,-1,,0,0,0,"0, 0, 0, 0",36,0,36,-1,-1,false,-1,-1,-2,0,0,0,"0, 0, 0, 0",0,0,0,0,0,list,"0, 0, 0, 0, 0, 0, 0","0, 0, 0, 0, 0, 0, 0",0,0,list2,"0, 0, 0, 0, 0",loopBonusSkillList,0,"0, 1, 2, 3",此神力发挥$0$成威力时，九寒获得60层此效果：以每0.1距离消耗1层此效果为代价，抵消敌人移动的距离，此效果存在时，降低敌人的脚力恢复速度,此神力发挥$0$成威力时，九寒获得60层此效果：以每0.1距离消耗1层此效果为代价，抵消敌人移动的距离，此效果存在时，降低敌人的脚力恢复速度
820,青神肆舞,8,,1,拳掌,Invalid,3,0,2,-1,false,false,-1,list,1574,1574,0,-1,8,true,"2, 0, 1, 3, 4, 5, 6",3,500,0,0,-1,-1,0,"0, 0, 0, 0",0,"0, 0, 0, 0","0, 0, 0, 0","外:0, 内:0","外:0, 内:0","外:0, 内:0",0,0,0,0,0,0,0,0,"0, 0, 0, 0, 0, 0",27000,list2,0,100,0,0,880,25,式21=3,0,0,854,-1,"0, 0, 10, 20, 20, 40, 40",240,"0, 30, 70, 0",true,false,"0, 0, 0, 0, 800, 3, 0, 0, 0, 0, 0, 0",100,-1,,0,0,0,"0, 0, 0, 0",36,0,36,-1,-1,false,-1,-1,-2,0,0,0,"0, 0, 0, 0",0,0,0,0,0,list,"0, 0, 0, 0, 0, 0, 0","0, 0, 0, 0, 0, 0, 0",0,0,list2,"0, 0, 0, 0, 0",loopBonusSkillList,0,"0, 1, 2, 3",此神力施展结束时，九寒获得9层此效果：敌人持续出现2个封穴；敌人每因此效果出现封穴，此效果层数减少1层,此神力施展结束时，九寒获得9层此效果：敌人持续出现2个封穴；敌人每因此效果出现封穴，此效果层数减少1层
821,诉死歌,7,,1,乐器,Invalid,3,0,2,-1,false,false,-1,属性107=10,1575,1575,0,-1,7,true,2,3,500,0,0,-1,-1,0,"0, 0, 0, 0",0,"0, 0, 0, 0","0, 0, 0, 0","外:0, 内:0","外:0, 内:0","外:0, 内:0",0,0,0,0,0,0,0,0,"0, 0, 0, 0, 0, 0",33000,"0, 3",0,80,100,0,0,20,式9=3,0,0,866,-1,"0, 0, 10, 20, 20, 40, 40",1000,"0, 0, 0, 100",false,false,"0, 0, 0, 0, 0, 0, 0, 0, 0, 0, 0, 0",100,-1,,0,0,0,"0, 0, 0, 0",36,0,36,-1,-1,false,-1,-1,-2,0,0,0,"0, 0, 0, 0",0,0,0,0,0,list,"0, 0, 0, 0, 0, 0, 0","0, 0, 0, 0, 0, 0, 0",0,0,list2,"0, 0, 0, 0, 0",loopBonusSkillList,0,"0, 1, 2, 3",以此神力攻击敌人时，九寒获得24层此效果：敌人兵器攻击需要的准备时间大幅上升，且命中率大幅下降，此效果层数会随时间自动减少,以此神力攻击敌人时，九寒获得24层此效果：敌人兵器攻击需要的准备时间大幅上升，且命中率大幅下降，此效果层数会随时间自动减少
822,归嬉提扶,6,,1,刀法,Invalid,2,0,3,-1,false,false,-1,属性106=10,1576,1576,0,-1,6,false,"3, 4, 5, 6",2,350,0,0,-1,-1,0,"0, 0, 0, 0",0,"0, 0, 0, 0","0, 0, 0, 0","外:0, 内:0","外:0, 内:0","外:0, 内:0",0,0,0,0,0,0,0,0,"0, 0, 0, 0, 0, 0",21000,6,0,60,0,0,840,15,式4=3,0,0,843,-1,"10, 10, 10, 50, 50, 0, 0",210,"40, 0, 60, 0",true,false,"0, 0, 0, 0, 0, 0, 0, 0, 0, 0, 0, 0",100,-1,,0,0,0,"0, 0, 0, 0",36,0,36,-1,-1,false,-1,-1,-2,0,0,0,"0, 0, 0, 0",0,0,0,0,0,list,"0, 0, 0, 0, 0, 0, 0","0, 0, 0, 0, 0, 0, 0",0,0,list2,"0, 0, 0, 0, 0",loopBonusSkillList,0,"0, 1, 2, 3",此神力施展结束时，金凰儿获得6层此效果：金凰儿的兵器攻击会重复2次,此神力施展结束时，金凰儿获得6层此效果：金凰儿的兵器攻击会重复2次
823,火炙八风,8,,1,刀法,Invalid,2,0,3,-1,false,false,-1,list,1577,1577,0,-1,8,false,"2, 0, 1, 3, 4, 5, 6",2,350,0,0,-1,-1,0,"0, 0, 0, 0",0,"0, 0, 0, 0","0, 0, 0, 0","外:0, 内:0","外:0, 内:0","外:0, 内:0",0,0,0,0,0,0,0,0,"0, 0, 0, 0, 0, 0",24000,list2,0,100,0,0,960,25,式21=3,0,0,855,-1,"10, 10, 10, 50, 50, 0, 0",190,"50, 0, 50, 0",false,true,"0, 0, 0, 0, 0, 0, 0, 0, 0, 0, 0, 0",100,-1,,0,0,0,"0, 0, 0, 0",36,0,36,-1,-1,false,-1,-1,-2,0,0,0,"0, 0, 0, 0",0,0,0,0,0,list,"0, 0, 0, 0, 0, 0, 0","0, 0, 0, 0, 0, 0, 0",0,0,list2,"0, 0, 0, 0, 0",loopBonusSkillList,0,"0, 1, 2, 3",此神力施展结束时，金凰儿获得18层此效果：敌人持续出现1个破绽；敌人每因此效果出现破绽，此效果层数减少1层,此神力施展结束时，金凰儿获得18层此效果：敌人持续出现1个破绽；敌人每因此效果出现破绽，此效果层数减少1层
824,赤羽破空,7,,1,刀法,Invalid,2,0,3,-1,false,false,-1,属性107=10,1578,1578,0,-1,7,false,"3, 4, 5, 6",2,350,0,0,-1,-1,0,"0, 0, 0, 0",0,"0, 0, 0, 0","0, 0, 0, 0","外:0, 内:0","外:0, 内:0","外:0, 内:0",0,0,0,0,0,0,0,0,"0, 0, 0, 0, 0, 0",30000,6,0,80,0,0,1080,20,式3=3,0,0,867,-1,"10, 10, 10, 50, 50, 0, 0",170,"60, 0, 40, 0",false,true,"0, 0, 0, 0, 0, 0, 0, 0, 0, 0, 0, 0",100,-1,,0,0,0,"0, 0, 0, 0",36,0,36,-1,-1,false,-1,-1,-2,0,0,0,"0, 0, 0, 0",0,0,0,0,0,list,"0, 0, 0, 0, 0, 0, 0","0, 0, 0, 0, 0, 0, 0",0,0,list2,"0, 0, 0, 0, 0",loopBonusSkillList,0,"0, 1, 2, 3",此神力发挥$0$成威力时，金凰儿将敌人击退6距离，如果击退后敌人与敌我最大距离之间的距离小于6，损耗敌人所有的脚力，并根据此功法的威力对敌人施加随机部位的更难恢复的旧时伤害,此神力发挥$0$成威力时，金凰儿将敌人击退6距离，如果击退后敌人与敌我最大距离之间的距离小于6，损耗敌人所有的脚力，并根据此功法的威力对敌人施加随机部位的更难恢复的旧时伤害
825,善哉贺世,6,,1,刀法,Invalid,3,0,3,-1,false,false,-1,属性106=10,1579,1579,0,-1,6,false,"3, 4, 5, 6",3,500,0,0,-1,-1,0,"0, 0, 0, 0",0,"0, 0, 0, 0","0, 0, 0, 0","外:0, 内:0","外:0, 内:0","外:0, 内:0",0,0,0,0,0,0,0,0,"0, 0, 0, 0, 0, 0",21000,6,0,60,0,0,840,15,式4=3,0,0,843,-1,"10, 10, 10, 50, 50, 0, 0",210,"40, 0, 60, 0",true,false,"0, 0, 0, 0, 0, 0, 0, 0, 0, 0, 0, 0",100,-1,,0,0,0,"0, 0, 0, 0",36,0,36,-1,-1,false,-1,-1,-2,0,0,0,"0, 0, 0, 0",0,0,0,0,0,list,"0, 0, 0, 0, 0, 0, 0","0, 0, 0, 0, 0, 0, 0",0,0,list2,"0, 0, 0, 0, 0",loopBonusSkillList,0,"0, 1, 2, 3",此神力施展结束时，金凰儿获得6层此效果：金凰儿的兵器攻击会重复4次,此神力施展结束时，金凰儿获得6层此效果：金凰儿的兵器攻击会重复4次
826,凤引九雏,8,,1,刀法,Invalid,3,0,3,-1,false,false,-1,list,1580,1580,0,-1,8,false,"2, 0, 1, 3, 4, 5, 6",3,500,0,0,-1,-1,0,"0, 0, 0, 0",0,"0, 0, 0, 0","0, 0, 0, 0","外:0, 内:0","外:0, 内:0","外:0, 内:0",0,0,0,0,0,0,0,0,"0, 0, 0, 0, 0, 0",24000,list2,0,100,0,0,960,25,式21=3,0,0,855,-1,"10, 10, 10, 50, 50, 0, 0",190,"50, 0, 50, 0",false,true,"0, 0, 0, 0, 0, 0, 0, 0, 0, 0, 0, 0",100,-1,,0,0,0,"0, 0, 0, 0",36,0,36,-1,-1,false,-1,-1,-2,0,0,0,"0, 0, 0, 0",0,0,0,0,0,list,"0, 0, 0, 0, 0, 0, 0","0, 0, 0, 0, 0, 0, 0",0,0,list2,"0, 0, 0, 0, 0",loopBonusSkillList,0,"0, 1, 2, 3",此神力施展结束时，金凰儿获得18层此效果：敌人持续出现2个破绽；敌人每因此效果出现破绽，此效果层数减少1层,此神力施展结束时，金凰儿获得18层此效果：敌人持续出现2个破绽；敌人每因此效果出现破绽，此效果层数减少1层
827,金翎破空,7,,1,刀法,Invalid,3,0,3,-1,false,false,-1,属性107=10,1581,1581,0,-1,7,false,"3, 4, 5, 6",3,500,0,0,-1,-1,0,"0, 0, 0, 0",0,"0, 0, 0, 0","0, 0, 0, 0","外:0, 内:0","外:0, 内:0","外:0, 内:0",0,0,0,0,0,0,0,0,"0, 0, 0, 0, 0, 0",30000,6,0,80,0,0,1080,20,式3=3,0,0,867,-1,"10, 10, 10, 50, 50, 0, 0",170,"60, 0, 40, 0",false,true,"0, 0, 0, 0, 0, 0, 0, 0, 0, 0, 0, 0",100,-1,,0,0,0,"0, 0, 0, 0",36,0,36,-1,-1,false,-1,-1,-2,0,0,0,"0, 0, 0, 0",0,0,0,0,0,list,"0, 0, 0, 0, 0, 0, 0","0, 0, 0, 0, 0, 0, 0",0,0,list2,"0, 0, 0, 0, 0",loopBonusSkillList,0,"0, 1, 2, 3",此神力发挥$0$成威力时，金凰儿将敌人击退6距离，如果击退后敌人与敌我最大距离之间的距离小于6，损耗敌人所有的脚力，并根据此功法的威力对敌人施加大量随机部位的更难恢复的旧时伤害,此神力发挥$0$成威力时，金凰儿将敌人击退6距离，如果击退后敌人与敌我最大距离之间的距离小于6，损耗敌人所有的脚力，并根据此功法的威力对敌人施加大量随机部位的更难恢复的旧时伤害
828,寻狐,6,,1,指法,Invalid,2,0,5,-1,false,false,-1,属性106=10,1582,1582,0,-1,6,true,"2, 0, 1, 3, 4, 5, 6",2,350,0,0,-1,-1,0,"0, 0, 0, 0",0,"0, 0, 0, 0","0, 0, 0, 0","外:0, 内:0","外:0, 内:0","外:0, 内:0",0,0,0,0,0,0,0,0,"0, 0, 0, 0, 0, 0",24000,0,0,60,100,0,840,15,式7=3,0,0,856,-1,"0, 0, 10, 40, 40, 20, 20",240,"0, 70, 30, 0",true,false,"0, 0, 0, 0, 0, 0, 0, 0, 0, 0, 600, 2",100,-1,,0,0,0,"0, 0, 0, 0",36,0,36,-1,-1,false,-1,-1,-2,0,0,0,"0, 0, 0, 0",0,0,0,0,0,list,"0, 0, 0, 0, 0, 0, 0","0, 0, 0, 0, 0, 0, 0",0,0,list2,"0, 0, 0, 0, 0",loopBonusSkillList,0,"0, 1, 2, 3",施展此神力的过程中，衣以侯可以移动；开始施展此神力时，如果敌人有相互爱慕或相互仇恨的人物，衣以侯向敌人添加3个「无」式；此神力发挥$0$成威力时，衣以侯向敌人添加3个「无」式,施展此神力的过程中，衣以侯可以移动；开始施展此神力时，如果敌人有相互爱慕或相互仇恨的人物，衣以侯向敌人添加3个「无」式；此神力发挥$0$成威力时，衣以侯向敌人添加3个「无」式
829,残狐啼,7,,1,乐器,Invalid,2,0,5,-1,false,false,-1,属性107=10,1583,1583,0,-1,7,true,2,2,350,0,0,-1,-1,0,"0, 0, 0, 0",0,"0, 0, 0, 0","0, 0, 0, 0","外:0, 内:0","外:0, 内:0","外:0, 内:0",0,0,0,0,0,0,0,0,"0, 0, 0, 0, 0, 0",27000,0,0,80,100,0,0,20,式9=3,0,0,868,-1,"0, 0, 10, 40, 40, 20, 20",1200,"0, 0, 0, 100",true,false,"0, 0, 0, 0, 0, 0, 0, 0, 0, 0, 800, 2",100,-1,,0,0,0,"0, 0, 0, 0",36,0,36,-1,-1,false,-1,-1,-2,0,0,0,"0, 0, 0, 0",0,0,0,0,0,list,"0, 0, 0, 0, 0, 0, 0","0, 0, 0, 0, 0, 0, 0",0,0,list2,"0, 0, 0, 0, 0",loopBonusSkillList,0,"0, 1, 2, 3",施展此神力的过程中，如果敌人在衣以侯的攻击范围内：根据此功法的威力持续对敌人施加失神标记；持续减少敌人的式,施展此神力的过程中，如果敌人在衣以侯的攻击范围内：根据此功法的威力持续对敌人施加失神标记；持续减少敌人的式
830,四象血火术,8,,1,奇门,Invalid,2,0,5,-1,false,false,-1,list,1584,1584,0,-1,8,true,"2, 0, 1, 3, 4, 5, 6",2,350,0,0,-1,-1,0,"0, 0, 0, 0",0,"0, 0, 0, 0","0, 0, 0, 0","外:0, 内:0","外:0, 内:0","外:0, 内:0",0,0,0,0,0,0,0,0,"0, 0, 0, 0, 0, 0",33000,list2,0,100,100,0,1200,25,式21=3,0,0,844,-1,"0, 0, 10, 40, 40, 20, 20",170,"0, 60, 40, 0",false,false,"0, 0, 0, 0, 0, 0, 0, 0, 0, 0, 0, 0",100,-1,,0,0,0,"0, 0, 0, 0",36,0,36,-1,-1,false,-1,-1,-2,0,0,0,"0, 0, 0, 0",0,0,0,0,0,list,"0, 0, 0, 0, 0, 0, 0","0, 0, 0, 0, 0, 0, 0",0,0,list2,"0, 0, 0, 0, 0",loopBonusSkillList,0,"0, 1, 2, 3",此神力发挥$0$成威力时，衣以侯对敌人造成的伤害会同时作用于敌人的2个部位,此神力发挥$0$成威力时，衣以侯对敌人造成的伤害会同时作用于敌人的2个部位
831,归狐,6,,1,指法,Invalid,3,0,5,-1,false,false,-1,属性106=10,1585,1585,0,-1,6,true,"2, 0, 1, 3, 4, 5, 6",3,500,0,0,-1,-1,0,"0, 0, 0, 0",0,"0, 0, 0, 0","0, 0, 0, 0","外:0, 内:0","外:0, 内:0","外:0, 内:0",0,0,0,0,0,0,0,0,"0, 0, 0, 0, 0, 0",24000,0,0,60,100,0,840,15,式7=3,0,0,856,-1,"0, 0, 10, 40, 40, 20, 20",240,"0, 70, 30, 0",true,false,"0, 0, 0, 0, 0, 0, 0, 0, 0, 0, 600, 3",100,-1,,0,0,0,"0, 0, 0, 0",36,0,36,-1,-1,false,-1,-1,-2,0,0,0,"0, 0, 0, 0",0,0,0,0,0,list,"0, 0, 0, 0, 0, 0, 0","0, 0, 0, 0, 0, 0, 0",0,0,list2,"0, 0, 0, 0, 0",loopBonusSkillList,0,"0, 1, 2, 3",施展此神力的过程中，衣以侯可以移动；开始施展此神力时，如果敌人有相互爱慕或相互仇恨的人物，衣以侯向敌人添加6个「无」式；此神力发挥$0$成威力时，衣以侯向敌人添加6个「无」式,施展此神力的过程中，衣以侯可以移动；开始施展此神力时，如果敌人有相互爱慕或相互仇恨的人物，衣以侯向敌人添加6个「无」式；此神力发挥$0$成威力时，衣以侯向敌人添加6个「无」式
832,残狐恸,7,,1,乐器,Invalid,3,0,5,-1,false,false,-1,属性107=10,1586,1586,0,-1,7,true,2,3,500,0,0,-1,-1,0,"0, 0, 0, 0",0,"0, 0, 0, 0","0, 0, 0, 0","外:0, 内:0","外:0, 内:0","外:0, 内:0",0,0,0,0,0,0,0,0,"0, 0, 0, 0, 0, 0",27000,0,0,80,100,0,0,20,式9=3,0,0,868,-1,"0, 0, 10, 40, 40, 20, 20",1200,"0, 0, 0, 100",true,false,"0, 0, 0, 0, 0, 0, 0, 0, 0, 0, 800, 3",100,-1,,0,0,0,"0, 0, 0, 0",36,0,36,-1,-1,false,-1,-1,-2,0,0,0,"0, 0, 0, 0",0,0,0,0,0,list,"0, 0, 0, 0, 0, 0, 0","0, 0, 0, 0, 0, 0, 0",0,0,list2,"0, 0, 0, 0, 0",loopBonusSkillList,0,"0, 1, 2, 3",施展此神力的过程中，如果敌人在衣以侯的攻击范围内：根据此功法的威力持续对敌人施加大量失神标记；持续减少敌人的式,施展此神力的过程中，如果敌人在衣以侯的攻击范围内：根据此功法的威力持续对敌人施加大量失神标记；持续减少敌人的式
833,焚神血火术,8,,1,奇门,Invalid,3,0,5,-1,false,false,-1,list,1587,1587,0,-1,8,true,"2, 0, 1, 3, 4, 5, 6",3,500,0,0,-1,-1,0,"0, 0, 0, 0",0,"0, 0, 0, 0","0, 0, 0, 0","外:0, 内:0","外:0, 内:0","外:0, 内:0",0,0,0,0,0,0,0,0,"0, 0, 0, 0, 0, 0",33000,list2,0,100,100,0,1200,25,式21=3,0,0,844,-1,"0, 0, 10, 40, 40, 20, 20",170,"0, 60, 40, 0",false,false,"0, 0, 0, 0, 0, 0, 0, 0, 0, 0, 0, 0",100,-1,,0,0,0,"0, 0, 0, 0",36,0,36,-1,-1,false,-1,-1,-2,0,0,0,"0, 0, 0, 0",0,0,0,0,0,list,"0, 0, 0, 0, 0, 0, 0","0, 0, 0, 0, 0, 0, 0",0,0,list2,"0, 0, 0, 0, 0",loopBonusSkillList,0,"0, 1, 2, 3",此神力发挥$0$成威力时，衣以侯对敌人造成的伤害会同时作用于敌人的4个部位,此神力发挥$0$成威力时，衣以侯对敌人造成的伤害会同时作用于敌人的4个部位
834,龙吞式,6,,1,长兵,Invalid,2,0,5,-1,false,false,-1,属性107=10,1588,1588,0,-1,6,false,"3, 4, 5, 6",2,350,0,0,-1,-1,0,"0, 0, 0, 0",0,"0, 0, 0, 0","0, 0, 0, 0","外:0, 内:0","外:0, 内:0","外:0, 内:0",0,0,0,0,0,0,0,0,"0, 0, 0, 0, 0, 0",30000,4,0,60,50,0,1080,15,式3=3,0,0,845,-1,"30, 10, 10, 20, 20, 20, 20",200,"60, 40, 0, 0",false,true,"0, 0, 0, 0, 0, 0, 0, 0, 600, 2, 0, 0",100,-1,,0,0,0,"0, 0, 0, 0",36,0,36,-1,-1,false,-1,-1,-2,0,0,0,"0, 0, 0, 0",0,0,0,0,0,list,"0, 0, 0, 0, 0, 0, 0","0, 0, 0, 0, 0, 0, 0",0,0,list2,"0, 0, 0, 0, 0",loopBonusSkillList,0,"0, 1, 2, 3",此神力发挥$0$成威力时，卫起将敌人随机类型的18点真气变化为1层此效果：如果卫起某个部位的伤势标记达到6个，消耗此效果，消除卫起该部位所有的伤势,此神力发挥$0$成威力时，卫起将敌人随机类型的18点真气变化为1层此效果：如果卫起某个部位的伤势标记达到6个，消耗此效果，消除卫起该部位所有的伤势
835,龙衔式,7,,1,长兵,Invalid,2,0,5,-1,false,false,-1,属性106=10,1589,1589,0,-1,7,false,"0, 1, 3, 4",2,350,0,0,-1,-1,0,"0, 0, 0, 0",0,"0, 0, 0, 0","0, 0, 0, 0","外:0, 内:0","外:0, 内:0","外:0, 内:0",0,0,0,0,0,0,0,0,"0, 0, 0, 0, 0, 0",27000,4,0,80,50,0,840,20,式5=3,0,0,857,-1,"30, 10, 10, 20, 20, 20, 20",240,"40, 60, 0, 0",false,true,"0, 0, 0, 0, 0, 0, 0, 0, 800, 2, 0, 0",100,-1,,0,0,0,"0, 0, 0, 0",36,0,36,-1,-1,false,-1,-1,-2,0,0,0,"0, 0, 0, 0",0,0,0,0,0,list,"0, 0, 0, 0, 0, 0, 0","0, 0, 0, 0, 0, 0, 0",0,0,list2,"0, 0, 0, 0, 0",loopBonusSkillList,0,"0, 1, 2, 3",此神力发挥$0$成威力时，卫起将敌人的最多3个妨害标记变化为最多6层此效果：此效果的每个层数可抵消1个卫起受到的妨害标记,此神力发挥$0$成威力时，卫起将敌人的最多3个妨害标记变化为最多6层此效果：此效果的每个层数可抵消1个卫起受到的妨害标记
836,龙逐式,8,,1,长兵,Invalid,2,0,5,-1,false,false,-1,list,1590,1590,0,-1,8,false,"0, 1, 5, 6",2,350,0,0,-1,-1,0,"0, 0, 0, 0",0,"0, 0, 0, 0","0, 0, 0, 0","外:0, 内:0","外:0, 内:0","外:0, 内:0",0,0,0,0,0,0,0,0,"0, 0, 0, 0, 0, 0",36000,list2,0,100,50,0,1200,25,式21=3,0,0,869,-1,"30, 10, 10, 20, 20, 20, 20",190,"50, 50, 0, 0",false,false,"0, 0, 0, 0, 0, 0, 0, 0, 0, 0, 0, 0",100,-1,,0,0,0,"0, 0, 0, 0",36,0,36,-1,-1,false,-1,-1,-2,0,0,0,"0, 0, 0, 0",0,0,0,0,0,list,"0, 0, 0, 0, 0, 0, 0","0, 0, 0, 0, 0, 0, 0",0,0,list2,"0, 0, 0, 0, 0",loopBonusSkillList,0,"0, 1, 2, 3",此神力发挥$0$成威力时，卫起将敌人的最多3个可用的式变化为最多3层此效果：每当敌人施展功法，卫起消耗此效果的层数，累积大幅降低敌人所施展的功法的威力，持续直到卫起再次施展此神力,此神力发挥$0$成威力时，卫起将敌人的最多3个可用的式变化为最多3层此效果：每当敌人施展功法，卫起消耗此效果的层数，累积大幅降低敌人所施展的功法的威力，持续直到卫起再次施展此神力
837,舍身式,6,,1,长兵,Invalid,3,0,5,-1,false,false,-1,属性107=10,1591,1591,0,-1,6,false,"3, 4, 5, 6",3,500,0,0,-1,-1,0,"0, 0, 0, 0",0,"0, 0, 0, 0","0, 0, 0, 0","外:0, 内:0","外:0, 内:0","外:0, 内:0",0,0,0,0,0,0,0,0,"0, 0, 0, 0, 0, 0",30000,4,0,60,50,0,1080,15,式3=3,0,0,845,-1,"30, 10, 10, 20, 20, 20, 20",200,"60, 40, 0, 0",false,true,"0, 0, 0, 0, 0, 0, 0, 0, 600, 3, 0, 0",100,-1,,0,0,0,"0, 0, 0, 0",36,0,36,-1,-1,false,-1,-1,-2,0,0,0,"0, 0, 0, 0",0,0,0,0,0,list,"0, 0, 0, 0, 0, 0, 0","0, 0, 0, 0, 0, 0, 0",0,0,list2,"0, 0, 0, 0, 0",loopBonusSkillList,0,"0, 1, 2, 3",此神力施展结束后，卫起将自身随机类型的18点真气变化为1层此效果：如果敌人某个部位的伤势标记达到6个，消耗此效果，卫起所有类型的真气增加18点,此神力施展结束后，卫起将自身随机类型的18点真气变化为1层此效果：如果敌人某个部位的伤势标记达到6个，消耗此效果，卫起所有类型的真气增加18点
838,舍命式,7,,1,长兵,Invalid,3,0,5,-1,false,false,-1,属性106=10,1592,1592,0,-1,7,false,"0, 1, 3, 4",3,500,0,0,-1,-1,0,"0, 0, 0, 0",0,"0, 0, 0, 0","0, 0, 0, 0","外:0, 内:0","外:0, 内:0","外:0, 内:0",0,0,0,0,0,0,0,0,"0, 0, 0, 0, 0, 0",27000,4,0,80,50,0,840,20,式5=3,0,0,857,-1,"30, 10, 10, 20, 20, 20, 20",240,"40, 60, 0, 0",false,true,"0, 0, 0, 0, 0, 0, 0, 0, 800, 3, 0, 0",100,-1,,0,0,0,"0, 0, 0, 0",36,0,36,-1,-1,false,-1,-1,-2,0,0,0,"0, 0, 0, 0",0,0,0,0,0,list,"0, 0, 0, 0, 0, 0, 0","0, 0, 0, 0, 0, 0, 0",0,0,list2,"0, 0, 0, 0, 0",loopBonusSkillList,0,"0, 1, 2, 3",此神力施展结束后，卫起将自身的最多3个妨害标记变化为最多6层此效果：此效果的层数可每次增加1个敌人受到的妨害标记,此神力施展结束后，卫起将自身的最多3个妨害标记变化为最多6层此效果：此效果的层数可每次增加1个敌人受到的妨害标记
839,舍心式,8,,1,长兵,Invalid,3,0,5,-1,false,false,-1,list,1593,1593,0,-1,8,false,"0, 1, 5, 6",3,500,0,0,-1,-1,0,"0, 0, 0, 0",0,"0, 0, 0, 0","0, 0, 0, 0","外:0, 内:0","外:0, 内:0","外:0, 内:0",0,0,0,0,0,0,0,0,"0, 0, 0, 0, 0, 0",36000,list2,0,100,50,0,1200,25,式21=3,0,0,869,-1,"30, 10, 10, 20, 20, 20, 20",190,"50, 50, 0, 0",false,false,"0, 0, 0, 0, 0, 0, 0, 0, 0, 0, 0, 0",100,-1,,0,0,0,"0, 0, 0, 0",36,0,36,-1,-1,false,-1,-1,-2,0,0,0,"0, 0, 0, 0",0,0,0,0,0,list,"0, 0, 0, 0, 0, 0, 0","0, 0, 0, 0, 0, 0, 0",0,0,list2,"0, 0, 0, 0, 0",loopBonusSkillList,0,"0, 1, 2, 3",此神力施展结束后，卫起将自身的最多3个随机的式变化为最多3层此效果：每当卫起施展神力，卫起消耗此效果的层数，累积大幅提高自己所施展的神力的威力，持续直到此效果层数耗尽,此神力施展结束后，卫起将自身的最多3个随机的式变化为最多3层此效果：每当卫起施展神力，卫起消耗此效果的层数，累积大幅提高自己所施展的神力的威力，持续直到此效果层数耗尽
840,无心化心,6,,1,剑法,Invalid,2,0,5,-1,false,false,-1,属性107=10,1594,1594,0,-1,6,true,"5, 6",2,350,0,0,-1,-1,0,"0, 0, 0, 0",0,"0, 0, 0, 0","0, 0, 0, 0","外:0, 内:0","外:0, 内:0","外:0, 内:0",0,0,0,0,0,0,0,0,"0, 0, 0, 0, 0, 0",18000,0,0,80,100,0,720,20,式5=3,0,0,846,-1,"0, 0, 10, 10, 10, 50, 50",230,"0, 70, 30, 0",false,true,"0, 0, 0, 0, 0, 0, 0, 0, 0, 0, 0, 0",100,-1,,0,0,0,"0, 0, 0, 0",36,0,36,-1,-1,false,-1,-1,-2,0,0,0,"0, 0, 0, 0",0,0,0,0,0,list,"0, 0, 0, 0, 0, 0, 0","0, 0, 0, 0, 0, 0, 0",0,0,list2,"0, 0, 0, 0, 0",,0,"0, 1, 2, 3",施展此神力的过程中，敌人击中以向的几率减半，每当敌人未能击中以向，敌人随机出现2个封穴,施展此神力的过程中，敌人击中以向的几率减半，每当敌人未能击中以向，敌人随机出现2个封穴
841,无剑化剑,7,,1,剑法,Invalid,2,0,5,-1,false,false,-1,属性106=10,1595,1595,0,-1,7,true,"3, 4, 5, 6",2,350,0,0,-1,-1,0,"0, 0, 0, 0",0,"0, 0, 0, 0","0, 0, 0, 0","外:0, 内:0","外:0, 内:0","外:0, 内:0",0,0,0,0,0,0,0,0,"0, 0, 0, 0, 0, 0",15000,0,0,60,100,0,920,15,式4=3,0,0,870,-1,"0, 0, 10, 10, 10, 50, 50",170,"0, 60, 40, 0",true,false,"0, 0, 0, 0, 0, 0, 0, 0, 0, 0, 0, 0",100,-1,,0,0,0,"0, 0, 0, 0",36,0,36,-1,-1,false,-1,-1,-2,0,0,0,"0, 0, 0, 0",0,0,0,0,0,list,"0, 0, 0, 0, 0, 0, 0","0, 0, 0, 0, 0, 0, 0",0,0,list2,"0, 0, 0, 0, 0",loopBonusSkillList,0,"0, 1, 2, 3",此神力发挥$0$成威力时，以向恢复所有的脚力；以此神力攻击敌人时，以向剩余的脚力越多，此神力的威力就提高越多,此神力发挥$0$成威力时，以向恢复所有的脚力；以此神力攻击敌人时，以向剩余的脚力越多，此神力的威力就提高越多
842,无魂化魂,8,,1,剑法,Invalid,2,0,5,-1,false,false,-1,list,1596,1596,0,-1,8,true,"2, 0, 1, 3, 4, 5, 6",2,350,0,0,-1,-1,0,"0, 0, 0, 0",0,"0, 0, 0, 0","0, 0, 0, 0","外:0, 内:0","外:0, 内:0","外:0, 内:0",0,0,0,0,0,0,0,0,"0, 0, 0, 0, 0, 0",24000,list2,0,100,100,0,880,25,式21=3,0,0,858,-1,"0, 0, 10, 10, 10, 50, 50",200,"0, 100, 0, 0",true,false,"0, 0, 0, 0, 0, 0, 0, 0, 0, 0, 0, 0",100,-1,,0,0,0,"0, 0, 0, 0",36,0,36,-1,-1,false,-1,-1,-2,0,0,0,"0, 0, 0, 0",0,0,0,0,0,list,"0, 0, 0, 0, 0, 0, 0","0, 0, 0, 0, 0, 0, 0",0,0,list2,"0, 0, 0, 0, 0",loopBonusSkillList,0,"0, 1, 2, 3",开始施展此神力时，以向立即同时无需施展过程、无需消耗地施展「护体」、「轻灵」神力，且这些神力的威力大幅提高，持续直到这些神力结束,开始施展此神力时，以向立即同时无需施展过程、无需消耗地施展「护体」、「轻灵」神力，且这些神力的威力大幅提高，持续直到这些神力结束
843,心化无心,6,,1,剑法,Invalid,3,0,5,-1,false,false,-1,属性107=10,1597,1597,0,-1,6,true,"5, 6",3,500,0,0,-1,-1,0,"0, 0, 0, 0",0,"0, 0, 0, 0","0, 0, 0, 0","外:0, 内:0","外:0, 内:0","外:0, 内:0",0,0,0,0,0,0,0,0,"0, 0, 0, 0, 0, 0",18000,0,0,80,100,0,720,20,式5=3,0,0,846,-1,"0, 0, 10, 10, 10, 50, 50",230,"0, 70, 30, 0",false,true,"0, 0, 0, 0, 0, 0, 0, 0, 0, 0, 0, 0",100,-1,,0,0,0,"0, 0, 0, 0",36,0,36,-1,-1,false,-1,-1,-2,0,0,0,"0, 0, 0, 0",0,0,0,0,0,list,"0, 0, 0, 0, 0, 0, 0","0, 0, 0, 0, 0, 0, 0",0,0,list2,"0, 0, 0, 0, 0",loopBonusSkillList,0,"0, 1, 2, 3",施展此神力的过程中，敌人击中以向的几率减半，每当敌人未能击中以向，敌人随机出现4个封穴,施展此神力的过程中，敌人击中以向的几率减半，每当敌人未能击中以向，敌人随机出现4个封穴
844,剑化无剑,7,,1,剑法,Invalid,3,0,5,-1,false,false,-1,属性106=10,1598,1598,0,-1,7,true,"3, 4, 5, 6",3,500,0,0,-1,-1,0,"0, 0, 0, 0",0,"0, 0, 0, 0","0, 0, 0, 0","外:0, 内:0","外:0, 内:0","外:0, 内:0",0,0,0,0,0,0,0,0,"0, 0, 0, 0, 0, 0",15000,0,0,60,100,0,920,15,式4=3,0,0,870,-1,"0, 0, 10, 10, 10, 50, 50",170,"0, 60, 40, 0",true,false,"0, 0, 0, 0, 0, 0, 0, 0, 0, 0, 0, 0",100,-1,,0,0,0,"0, 0, 0, 0",36,0,36,-1,-1,false,-1,-1,-2,0,0,0,"0, 0, 0, 0",0,0,0,0,0,list,"0, 0, 0, 0, 0, 0, 0","0, 0, 0, 0, 0, 0, 0",0,0,list2,"0, 0, 0, 0, 0",loopBonusSkillList,0,"0, 1, 2, 3",此神力发挥$0$成威力时，以向恢复所有的脚力；以此神力攻击敌人时，以向剩余的脚力越多，此神力的威力就提高越多,此神力发挥$0$成威力时，以向恢复所有的脚力；以此神力攻击敌人时，以向剩余的脚力越多，此神力的威力就提高越多
845,魂化无魂,8,,1,剑法,Invalid,3,0,5,-1,false,false,-1,list,1599,1599,0,-1,8,true,"2, 0, 1, 3, 4, 5, 6",3,500,0,0,-1,-1,0,"0, 0, 0, 0",0,"0, 0, 0, 0","0, 0, 0, 0","外:0, 内:0","外:0, 内:0","外:0, 内:0",0,0,0,0,0,0,0,0,"0, 0, 0, 0, 0, 0",24000,list2,0,100,100,0,880,25,式21=3,0,0,858,-1,"0, 0, 10, 10, 10, 50, 50",200,"0, 100, 0, 0",true,false,"0, 0, 0, 0, 0, 0, 0, 0, 0, 0, 0, 0",100,-1,,0,0,0,"0, 0, 0, 0",36,0,36,-1,-1,false,-1,-1,-2,0,0,0,"0, 0, 0, 0",0,0,0,0,0,list,"0, 0, 0, 0, 0, 0, 0","0, 0, 0, 0, 0, 0, 0",0,0,list2,"0, 0, 0, 0, 0",loopBonusSkillList,0,"0, 1, 2, 3",开始施展此神力时，以向立即同时无需施展过程、无需消耗地施展「护体」、「轻灵」神力，且这些神力的威力大幅提高，持续直到这些神力结束,开始施展此神力时，以向立即同时无需施展过程、无需消耗地施展「护体」、「轻灵」神力，且这些神力的威力大幅提高，持续直到这些神力结束
846,战无恕,6,,1,刀法,Invalid,2,0,4,-1,false,false,-1,属性107=10,1600,1600,0,-1,6,false,"0, 1, 3, 4",2,350,0,0,-1,-1,0,"0, 0, 0, 0",0,"0, 0, 0, 0","0, 0, 0, 0","外:0, 内:0","外:0, 内:0","外:0, 内:0",0,0,0,0,0,0,0,0,"0, 0, 0, 0, 0, 0",21000,4,0,60,0,0,1120,15,式3=3,0,0,847,-1,"60, 20, 10, 10, 10, 10, 10",170,"60, 0, 40, 0",false,true,"0, 0, 0, 0, 0, 0, 600, 2, 0, 0, 0, 0",100,-1,,0,0,0,"0, 0, 0, 0",36,0,36,-1,-1,false,-1,-1,-2,0,0,0,"0, 0, 0, 0",0,0,0,0,0,list,"0, 0, 0, 0, 0, 0, 0","0, 0, 0, 0, 0, 0, 0",0,0,list2,"0, 0, 0, 0, 0",loopBonusSkillList,0,"0, 1, 2, 3",以此神力攻击敌人时，血枫对敌人造成的伤势会变化为更难恢复的旧时伤势,以此神力攻击敌人时，血枫对敌人造成的伤势会变化为更难恢复的旧时伤势
847,凶兵闯三阵,7,,1,刀法,Invalid,2,0,4,-1,false,false,-1,属性106=10,1601,1601,0,-1,7,false,"2, 0, 1, 3, 4, 5, 6",2,350,0,0,-1,-1,0,"0, 0, 0, 0",0,"0, 0, 0, 0","0, 0, 0, 0","外:0, 内:0","外:0, 内:0","外:0, 内:0",0,0,0,0,0,0,0,0,"0, 0, 0, 0, 0, 0",24000,4,0,80,0,0,1200,20,式3=3,0,0,871,-1,"60, 20, 10, 10, 10, 10, 10",170,"70, 0, 30, 0",false,true,"0, 0, 0, 0, 0, 0, 0, 0, 0, 0, 0, 0",100,-1,,0,0,0,"0, 0, 0, 0",36,0,36,-1,-1,false,-1,-1,-2,0,0,0,"0, 0, 0, 0",0,0,0,0,0,list,"0, 0, 0, 0, 0, 0, 0","0, 0, 0, 0, 0, 0, 0",0,0,list2,"0, 0, 0, 0, 0",loopBonusSkillList,0,"0, 1, 2, 3",施展此神力的过程中，血枫可以移动、攻击，且移动速度、攻击速度提高,施展此神力的过程中，血枫可以移动、攻击，且移动速度、攻击速度提高
848,腥风扫四野,8,,1,刀法,Invalid,2,0,4,-1,false,false,-1,list,1602,1602,0,-1,8,false,"2, 0, 1, 3, 4, 5, 6",2,350,0,0,-1,-1,0,"0, 0, 0, 0",0,"0, 0, 0, 0","0, 0, 0, 0","外:0, 内:0","外:0, 内:0","外:0, 内:0",0,0,0,0,0,0,0,0,"0, 0, 0, 0, 0, 0",30000,list2,0,100,0,0,1280,25,式21=3,0,0,859,-1,"60, 20, 10, 10, 10, 10, 10",170,"100, 0, 0, 0",false,true,"0, 0, 0, 0, 0, 0, 800, 2, 0, 0, 0, 0",100,-1,,0,0,0,"0, 0, 0, 0",36,0,36,-1,-1,false,-1,-1,-2,0,0,0,"0, 0, 0, 0",0,0,0,0,0,list,"0, 0, 0, 0, 0, 0, 0","0, 0, 0, 0, 0, 0, 0",0,0,list2,"0, 0, 0, 0, 0",loopBonusSkillList,0,"0, 1, 2, 3",开始施展此神力时，血枫身上的旧时伤势越多，此神力的威力就提高越多,开始施展此神力时，血枫身上的旧时伤势越多，此神力的威力就提高越多
849,杀无赦,6,,1,刀法,Invalid,3,0,4,-1,false,false,-1,属性107=10,1603,1603,0,-1,6,false,"0, 1, 3, 4",3,500,0,0,-1,-1,0,"0, 0, 0, 0",0,"0, 0, 0, 0","0, 0, 0, 0","外:0, 内:0","外:0, 内:0","外:0, 内:0",0,0,0,0,0,0,0,0,"0, 0, 0, 0, 0, 0",21000,4,0,60,0,0,1120,15,式3=3,0,0,847,-1,"60, 20, 10, 10, 10, 10, 10",170,"60, 0, 40, 0",false,true,"0, 0, 0, 0, 0, 0, 600, 3, 0, 0, 0, 0",100,-1,,0,0,0,"0, 0, 0, 0",36,0,36,-1,-1,false,-1,-1,-2,0,0,0,"0, 0, 0, 0",0,0,0,0,0,list,"0, 0, 0, 0, 0, 0, 0","0, 0, 0, 0, 0, 0, 0",0,0,list2,"0, 0, 0, 0, 0",loopBonusSkillList,0,"0, 1, 2, 3",以此神力攻击敌人时，血枫对敌人造成的伤势会变化为更难恢复的旧时伤势；如果此神力使敌人的部位伤势标记达到6个，血枫从施展进度75%开始立即无消耗再次施展此神力攻击敌人,以此神力攻击敌人时，血枫对敌人造成的伤势会变化为更难恢复的旧时伤势；如果此神力使敌人的部位伤势标记达到6个，血枫从施展进度75%开始立即无消耗再次施展此神力攻击敌人
850,兵主战六合,7,,1,刀法,Invalid,3,0,4,-1,false,false,-1,属性106=10,1604,1604,0,-1,7,false,"2, 0, 1, 3, 4, 5, 6",3,500,0,0,-1,-1,0,"0, 0, 0, 0",0,"0, 0, 0, 0","0, 0, 0, 0","外:0, 内:0","外:0, 内:0","外:0, 内:0",0,0,0,0,0,0,0,0,"0, 0, 0, 0, 0, 0",24000,4,0,80,0,0,1200,20,式3=3,0,0,871,-1,"60, 20, 10, 10, 10, 10, 10",170,"70, 0, 30, 0",false,true,"0, 0, 0, 0, 0, 0, 0, 0, 0, 0, 0, 0",100,-1,,0,0,0,"0, 0, 0, 0",36,0,36,-1,-1,false,-1,-1,-2,0,0,0,"0, 0, 0, 0",0,0,0,0,0,list,"0, 0, 0, 0, 0, 0, 0","0, 0, 0, 0, 0, 0, 0",0,0,list2,"0, 0, 0, 0, 0",loopBonusSkillList,0,"0, 1, 2, 3",施展此神力的过程中：血枫可以移动、攻击，且移动速度、攻击速度提高；血枫对敌人造成的直接伤害提高60%，敌人对血枫造成的直接伤害降低60%,施展此神力的过程中：血枫可以移动、攻击，且移动速度、攻击速度提高；血枫对敌人造成的直接伤害提高60%，敌人对血枫造成的直接伤害降低60%
851,血雨浴八荒,8,,1,刀法,Invalid,3,0,4,-1,false,false,-1,list,1605,1605,0,-1,8,false,"2, 0, 1, 3, 4, 5, 6",3,500,0,0,-1,-1,0,"0, 0, 0, 0",0,"0, 0, 0, 0","0, 0, 0, 0","外:0, 内:0","外:0, 内:0","外:0, 内:0",0,0,0,0,0,0,0,0,"0, 0, 0, 0, 0, 0",30000,list2,0,100,0,0,1280,25,式21=3,0,0,859,-1,"60, 20, 10, 10, 10, 10, 10",170,"100, 0, 0, 0",false,true,"0, 0, 0, 0, 0, 0, 800, 3, 0, 0, 0, 0",100,-1,,0,0,0,"0, 0, 0, 0",36,0,36,-1,-1,false,-1,-1,-2,0,0,0,"0, 0, 0, 0",0,0,0,0,0,list,"0, 0, 0, 0, 0, 0, 0","0, 0, 0, 0, 0, 0, 0",0,0,list2,"0, 0, 0, 0, 0",loopBonusSkillList,0,"0, 1, 2, 3",开始施展此神力时，血枫身上的旧时伤势越多，此神力的威力就提高越多；此神力发挥$0$成威力时，血枫将自身的最多8个旧时伤势随机分别转移给敌人或其助战的同道,开始施展此神力时，血枫身上的旧时伤势越多，此神力的威力就提高越多；此神力发挥$0$成威力时，血枫将自身的最多8个旧时伤势随机分别转移给敌人或其助战的同道
852,昆仑十二上仙令,6,,1,奇门,Invalid,2,0,5,-1,false,false,-1,属性106=10,1606,1606,0,-1,6,true,"2, 3, 4",2,350,0,0,-1,-1,0,"0, 0, 0, 0",0,"0, 0, 0, 0","0, 0, 0, 0","外:0, 内:0","外:0, 内:0","外:0, 内:0",0,0,0,0,0,0,0,0,"0, 0, 0, 0, 0, 0",27000,4,0,60,100,0,0,15,式11=3,0,0,848,-1,"10, 10, 10, 10, 10, 10, 10",800,"0, 0, 0, 100",false,false,"0, 0, 0, 0, 0, 0, 0, 0, 0, 0, 0, 0",100,-1,,0,0,0,"0, 0, 0, 0",36,0,36,-1,-1,false,-1,-1,-2,0,0,0,"0, 0, 0, 0",0,0,0,0,0,list,"0, 0, 0, 0, 0, 0, 0","0, 0, 0, 0, 0, 0, 0",0,0,list2,"0, 0, 0, 0, 0",loopBonusSkillList,0,"0, 1, 2, 3",开始施展此神力时，术方获得12层此效果：敌人对术方造成的直接伤害无法被任何效果增加，每当敌人对术方造成至少3个失神标记时，此效果层数减少1层,开始施展此神力时，术方获得12层此效果：敌人对术方造成的直接伤害无法被任何效果增加，每当敌人对术方造成至少3个失神标记时，此效果层数减少1层
853,天眼术,7,,1,奇门,Invalid,2,0,5,-1,false,false,-1,属性107=10,1607,1607,0,-1,7,true,2,2,350,0,0,-1,-1,0,"0, 0, 0, 0",0,"0, 0, 0, 0","0, 0, 0, 0","外:0, 内:0","外:0, 内:0","外:0, 内:0",0,0,0,0,0,0,0,0,"0, 0, 0, 0, 0, 0",24000,0,0,80,100,0,0,20,式11=3,0,0,860,-1,"10, 10, 10, 10, 10, 10, 10",1000,"0, 0, 0, 100",true,false,"0, 0, 0, 0, 0, 0, 0, 0, 0, 0, 0, 0",100,-1,,0,0,0,"0, 0, 0, 0",36,0,36,-1,-1,false,-1,-1,-2,0,0,0,"0, 0, 0, 0",0,0,0,0,0,list,"0, 0, 0, 0, 0, 0, 0","0, 0, 0, 0, 0, 0, 0",0,0,list2,"0, 0, 0, 0, 0",loopBonusSkillList,0,"0, 1, 2, 3",开始施展此神力时，术方累积增加自己2个功法的威力，持续直到战斗结束,开始施展此神力时，术方累积增加自己2个功法的威力，持续直到战斗结束
854,天地玄一令,8,,1,奇门,Invalid,2,0,5,-1,false,false,-1,list,1608,1608,0,-1,8,true,"2, 0, 1, 3, 4, 5, 6",2,350,0,0,-1,-1,0,"0, 0, 0, 0",0,"0, 0, 0, 0","0, 0, 0, 0","外:0, 内:0","外:0, 内:0","外:0, 内:0",0,0,0,0,0,0,0,0,"0, 0, 0, 0, 0, 0",33000,list2,0,100,100,0,0,25,式21=3,0,0,872,-1,"10, 10, 10, 10, 10, 10, 10",1200,"0, 0, 0, 100",false,false,"0, 0, 0, 0, 0, 0, 0, 0, 0, 0, 0, 0",100,-1,,0,0,0,"0, 0, 0, 0",36,0,36,-1,-1,false,-1,-1,-2,0,0,0,"0, 0, 0, 0",0,0,0,0,0,list,"0, 0, 0, 0, 0, 0, 0","0, 0, 0, 0, 0, 0, 0",0,0,list2,"0, 0, 0, 0, 0",loopBonusSkillList,0,"0, 1, 2, 3",开始施展此神力时，术方消除敌人运起的「护体」、「轻灵」功法，且使敌人的共计3个「护体」、「轻灵」、「奇窍」功法被长时间「封禁」；此神力施展结束前，敌人所有的次要属性变化为最小,开始施展此神力时，术方消除敌人运起的「护体」、「轻灵」功法，且使敌人的共计3个「护体」、「轻灵」、「奇窍」功法被长时间「封禁」；此神力施展结束前，敌人所有的次要属性变化为最小
855,昆仑十二邪仙令,6,,1,奇门,Invalid,3,0,5,-1,false,false,-1,属性106=10,1609,1609,0,-1,6,true,"2, 3, 4",3,500,0,0,-1,-1,0,"0, 0, 0, 0",0,"0, 0, 0, 0","0, 0, 0, 0","外:0, 内:0","外:0, 内:0","外:0, 内:0",0,0,0,0,0,0,0,0,"0, 0, 0, 0, 0, 0",27000,4,0,60,100,0,0,15,式11=3,0,0,848,-1,"10, 10, 10, 10, 10, 10, 10",800,"0, 0, 0, 100",false,false,"0, 0, 0, 0, 0, 0, 0, 0, 0, 0, 0, 0",100,-1,,0,0,0,"0, 0, 0, 0",36,0,36,-1,-1,false,-1,-1,-2,0,0,0,"0, 0, 0, 0",0,0,0,0,0,list,"0, 0, 0, 0, 0, 0, 0","0, 0, 0, 0, 0, 0, 0",0,0,list2,"0, 0, 0, 0, 0",loopBonusSkillList,0,"0, 1, 2, 3",开始施展此神力时，术方获得12层此效果：术方对敌人造成的直接伤害无法被任何效果减少，每当术方对敌人造成至少3个失神标记时，此效果层数减少1层,开始施展此神力时，术方获得12层此效果：术方对敌人造成的直接伤害无法被任何效果减少，每当术方对敌人造成至少3个失神标记时，此效果层数减少1层
856,魔瞳术,7,,1,奇门,Invalid,3,0,5,-1,false,false,-1,属性107=10,1610,1610,0,-1,7,true,2,3,500,0,0,-1,-1,0,"0, 0, 0, 0",0,"0, 0, 0, 0","0, 0, 0, 0","外:0, 内:0","外:0, 内:0","外:0, 内:0",0,0,0,0,0,0,0,0,"0, 0, 0, 0, 0, 0",24000,0,0,80,100,0,0,20,式11=3,0,0,860,-1,"10, 10, 10, 10, 10, 10, 10",1000,"0, 0, 0, 100",true,false,"0, 0, 0, 0, 0, 0, 0, 0, 0, 0, 0, 0",100,-1,,0,0,0,"0, 0, 0, 0",36,0,36,-1,-1,false,-1,-1,-2,0,0,0,"0, 0, 0, 0",0,0,0,0,0,list,"0, 0, 0, 0, 0, 0, 0","0, 0, 0, 0, 0, 0, 0",0,0,list2,"0, 0, 0, 0, 0",loopBonusSkillList,0,"0, 1, 2, 3",开始施展此神力时，术方累积降低敌人4个功法的威力，持续直到战斗结束,开始施展此神力时，术方累积降低敌人4个功法的威力，持续直到战斗结束
857,鬼神玄一令,8,,1,奇门,Invalid,3,0,5,-1,false,false,-1,list,1611,1611,0,-1,8,true,"2, 0, 1, 3, 4, 5, 6",3,500,0,0,-1,-1,0,"0, 0, 0, 0",0,"0, 0, 0, 0","0, 0, 0, 0","外:0, 内:0","外:0, 内:0","外:0, 内:0",0,0,0,0,0,0,0,0,"0, 0, 0, 0, 0, 0",33000,list2,0,100,100,0,0,25,式21=3,0,0,872,-1,"10, 10, 10, 10, 10, 10, 10",1200,"0, 0, 0, 100",false,false,"0, 0, 0, 0, 0, 0, 0, 0, 0, 0, 0, 0",100,-1,,0,0,0,"0, 0, 0, 0",36,0,36,-1,-1,false,-1,-1,-2,0,0,0,"0, 0, 0, 0",0,0,0,0,0,list,"0, 0, 0, 0, 0, 0, 0","0, 0, 0, 0, 0, 0, 0",0,0,list2,"0, 0, 0, 0, 0",loopBonusSkillList,0,"0, 1, 2, 3",开始施展此神力时，术方消除敌人运起的「护体」、「轻灵」功法，且使敌人的共计6个「护体」、「轻灵」、「奇窍」功法被长时间「封禁」；此神力施展结束前，敌人所有的次要属性变化为最小,开始施展此神力时，术方消除敌人运起的「护体」、「轻灵」功法，且使敌人的共计6个「护体」、「轻灵」、「奇窍」功法被长时间「封禁」；此神力施展结束前，敌人所有的次要属性变化为最小
858,入心缘相,8,,1,乐器,Invalid,2,0,5,-1,false,false,-1,list,1612,1612,0,-1,8,true,2,2,350,0,0,-1,-1,0,"0, 0, 0, 0",0,"0, 0, 0, 0","0, 0, 0, 0","外:0, 内:0","外:0, 内:0","外:0, 内:0",0,0,0,0,0,0,0,0,"0, 0, 0, 0, 0, 0",36000,list2,0,100,50,0,0,25,式21=3,0,0,849,-1,"10, 10, 10, 10, 10, 10, 10",1000,"0, 0, 0, 100",true,false,"0, 0, 0, 0, 0, 0, 0, 0, 0, 0, 0, 0",100,-1,,0,0,0,"0, 0, 0, 0",36,0,36,-1,-1,false,-1,-1,-2,0,0,0,"0, 0, 0, 0",0,0,0,0,0,list,"0, 0, 0, 0, 0, 0, 0","0, 0, 0, 0, 0, 0, 0",0,0,list2,"0, 0, 0, 0, 0",loopBonusSkillList,0,"0, 1, 2, 3",开始施展此神力时，相枢获得3层此效果：每当敌人施展「摧破」功法，敌人立即受到该「摧破」功法的大量反噬伤害,开始施展此神力时，相枢获得3层此效果：每当敌人施展「摧破」功法，敌人立即受到该「摧破」功法的大量反噬伤害
859,入虚言相,8,,1,乐器,Invalid,2,0,5,-1,false,false,-1,list,1613,1613,0,-1,8,true,2,2,350,0,0,-1,-1,0,"0, 0, 0, 0",0,"0, 0, 0, 0","0, 0, 0, 0","外:0, 内:0","外:0, 内:0","外:0, 内:0",0,0,0,0,0,0,0,0,"0, 0, 0, 0, 0, 0",36000,list2,0,100,50,0,0,25,式21=3,0,0,861,-1,"10, 10, 10, 10, 10, 10, 10",1000,"0, 0, 0, 100",true,false,"0, 0, 0, 0, 0, 0, 0, 0, 0, 0, 0, 0",100,-1,,0,0,0,"0, 0, 0, 0",36,0,36,-1,-1,false,-1,-1,-2,0,0,0,"0, 0, 0, 0",0,0,0,0,0,list,"0, 0, 0, 0, 0, 0, 0","0, 0, 0, 0, 0, 0, 0",0,0,list2,"0, 0, 0, 0, 0",loopBonusSkillList,0,"0, 1, 2, 3",此神力发挥$0$成威力时，相枢获得3层此效果：敌人的所有功法，均需要消耗大量与功法品级、类型相对应的真气，否则无法施展,此神力发挥$0$成威力时，相枢获得3层此效果：敌人的所有功法，均需要消耗大量与功法品级、类型相对应的真气，否则无法施展
860,入妄名相,8,,1,乐器,Invalid,2,0,5,-1,false,false,-1,list,1614,1614,0,-1,8,true,2,2,350,0,0,-1,-1,0,"0, 0, 0, 0",0,"0, 0, 0, 0","0, 0, 0, 0","外:0, 内:0","外:0, 内:0","外:0, 内:0",0,0,0,0,0,0,0,0,"0, 0, 0, 0, 0, 0",36000,list2,0,100,50,0,0,25,式21=3,0,0,873,-1,"10, 10, 10, 10, 10, 10, 10",1000,"0, 0, 0, 100",true,false,"0, 0, 0, 0, 0, 0, 0, 0, 0, 0, 0, 0",100,-1,,0,0,0,"0, 0, 0, 0",36,0,36,-1,-1,false,-1,-1,-2,0,0,0,"0, 0, 0, 0",0,0,0,0,0,list,"0, 0, 0, 0, 0, 0, 0","0, 0, 0, 0, 0, 0, 0",0,0,list2,"0, 0, 0, 0, 0",loopBonusSkillList,0,"0, 1, 2, 3",施展此神力的过程中，如果敌人在相枢的攻击范围内：相枢根据敌人战斗开始时的入魔程度，持续增加敌人的入魔程度,施展此神力的过程中，如果敌人在相枢的攻击范围内：相枢根据敌人战斗开始时的入魔程度，持续增加敌人的入魔程度
861,心迷无觉,8,,1,乐器,Invalid,3,0,5,-1,false,false,-1,list,1615,1615,0,-1,8,true,2,3,500,0,0,-1,-1,0,"0, 0, 0, 0",0,"0, 0, 0, 0","0, 0, 0, 0","外:0, 内:0","外:0, 内:0","外:0, 内:0",0,0,0,0,0,0,0,0,"0, 0, 0, 0, 0, 0",36000,list2,0,100,50,0,1200,25,式21=3,0,0,849,-1,"10, 10, 10, 10, 10, 10, 10",170,"0, 0, 100, 0",false,true,"0, 0, 0, 0, 0, 0, 0, 0, 0, 0, 0, 0",100,-1,,0,0,0,"0, 0, 0, 0",36,0,36,-1,-1,false,-1,-1,-2,0,0,0,"0, 0, 0, 0",0,0,0,0,0,list,"0, 0, 0, 0, 0, 0, 0","0, 0, 0, 0, 0, 0, 0",0,0,list2,"0, 0, 0, 0, 0",loopBonusSkillList,0,"0, 1, 2, 3",开始施展此神力时，相枢获得3层此效果：每当敌人施展「摧破」功法，敌人立即受到该「摧破」功法的大量反噬伤害，且如果敌人施展的「摧破」功法未能发挥$0$成威力，该「摧破」功法将不可避免地被永久「封禁」,开始施展此神力时，相枢获得3层此效果：每当敌人施展「摧破」功法，敌人立即受到该「摧破」功法的大量反噬伤害，且如果敌人施展的「摧破」功法未能发挥$0$成威力，该「摧破」功法将不可避免地被永久「封禁」
862,邪妄无正,8,,1,乐器,Invalid,3,0,5,-1,false,false,-1,list,1616,1616,0,-1,8,true,2,3,500,0,0,-1,-1,0,"0, 0, 0, 0",0,"0, 0, 0, 0","0, 0, 0, 0","外:0, 内:0","外:0, 内:0","外:0, 内:0",0,0,0,0,0,0,0,0,"0, 0, 0, 0, 0, 0",36000,list2,0,100,50,0,1200,25,式21=3,0,0,861,-1,"10, 10, 10, 10, 10, 10, 10",170,"100, 0, 0, 0",false,true,"0, 0, 0, 0, 0, 0, 0, 0, 0, 0, 0, 0",100,-1,,0,0,0,"0, 0, 0, 0",36,0,36,-1,-1,false,-1,-1,-2,0,0,0,"0, 0, 0, 0",0,0,0,0,0,list,"0, 0, 0, 0, 0, 0, 0","0, 0, 0, 0, 0, 0, 0",0,0,list2,"0, 0, 0, 0, 0",loopBonusSkillList,0,"0, 1, 2, 3",此神力发挥$0$成威力时，相枢获得3层此效果：敌人的所有功法，均需要消耗大量与功法品级、类型相对应的真气，否则无法施展,此神力发挥$0$成威力时，相枢获得3层此效果：敌人的所有功法，均需要消耗大量与功法品级、类型相对应的真气，否则无法施展
863,遍染无净,8,,1,乐器,Invalid,3,0,5,-1,false,false,-1,list,1617,1617,0,-1,8,true,2,3,500,0,0,-1,-1,0,"0, 0, 0, 0",0,"0, 0, 0, 0","0, 0, 0, 0","外:0, 内:0","外:0, 内:0","外:0, 内:0",0,0,0,0,0,0,0,0,"0, 0, 0, 0, 0, 0",36000,list2,0,100,50,0,1200,25,式21=3,0,0,873,-1,"10, 10, 10, 10, 10, 10, 10",170,"0, 100, 0, 0",false,true,"0, 0, 0, 0, 0, 0, 0, 0, 0, 0, 0, 0",100,-1,,0,0,0,"0, 0, 0, 0",36,0,36,-1,-1,false,-1,-1,-2,0,0,0,"0, 0, 0, 0",0,0,0,0,0,list,"0, 0, 0, 0, 0, 0, 0","0, 0, 0, 0, 0, 0, 0",0,0,list2,"0, 0, 0, 0, 0",loopBonusSkillList,0,"0, 1, 2, 3",施展此神力的过程中，如果敌人在相枢的攻击范围内：相枢根据敌人战斗开始时的入魔程度，持续提高敌人的入魔程度；此神力发挥$0$成威力时，如果敌人的入魔程度达到最大，此神力将必然击败敌人,施展此神力的过程中，如果敌人在相枢的攻击范围内：相枢根据敌人战斗开始时的入魔程度，持续提高敌人的入魔程度；此神力发挥$0$成威力时，如果敌人的入魔程度达到最大，此神力将必然击败敌人
864,一剑·溶尘隐,8,,1,剑法,Invalid,2,0,5,-1,false,false,-1,list,1636,1636,0,-1,8,true,"5, 6",2,350,0,0,-1,-1,0,"0, 0, 0, 0",0,"0, 0, 0, 0","0, 0, 0, 0","外:0, 内:0","外:0, 内:0","外:0, 内:0",0,0,0,0,0,0,0,0,"0, 0, 0, 0, 0, 0",18000,list2,0,100,50,0,680,25,式21=3,0,0,876,-1,"0, 0, 20, 10, 10, 50, 50",230,"0, 100, 0, 0",true,false,"0, 0, 0, 0, 0, 0, 0, 0, 0, 0, 0, 0",100,-1,,0,0,0,"0, 0, 0, 0",36,0,36,-1,-1,false,-1,-1,-2,0,0,0,"0, 0, 0, 0",0,0,0,0,0,list,"0, 0, 0, 0, 0, 0, 0","0, 0, 0, 0, 0, 0, 0",0,0,list2,"0, 0, 0, 0, 0",loopBonusSkillList,0,"0, 1, 2, 3",开始施展此神力时，染尘子获得9层此效果：敌人击中染尘子的几率减半；染尘子击中敌人的几率加倍,开始施展此神力时，染尘子获得9层此效果：敌人击中染尘子的几率减半；染尘子击中敌人的几率加倍
865,二剑·莫女衣,8,,1,剑法,Invalid,2,0,1,-1,false,false,-1,list,1637,1637,0,-1,8,true,"2, 0, 1",2,350,0,0,-1,-1,0,"0, 0, 0, 0",0,"0, 0, 0, 0","0, 0, 0, 0","外:0, 内:0","外:0, 内:0","外:0, 内:0",0,0,0,0,0,0,0,0,"0, 0, 0, 0, 0, 0",24000,list2,0,100,50,0,1000,25,式21=3,0,0,877,-1,"0, 0, 20, 50, 50, 10, 10",170,"0, 0, 100, 0",true,false,"0, 0, 0, 0, 0, 0, 0, 0, 0, 0, 0, 0",100,-1,,0,0,0,"0, 0, 0, 0",36,0,36,-1,-1,false,-1,-1,-2,0,0,0,"0, 0, 0, 0",0,0,0,0,0,list,"0, 0, 0, 0, 0, 0, 0","0, 0, 0, 0, 0, 0, 0",0,0,list2,"0, 0, 0, 0, 0",loopBonusSkillList,0,"0, 1, 2, 3",开始施展此神力时，染尘子获得9层此效果：每当染尘子受到1个伤势标记，就会消除自身1个妨害标记；每当染尘子受到1个妨害标记，就会消除自身1个伤势标记,开始施展此神力时，染尘子获得9层此效果：每当染尘子受到1个伤势标记，就会消除自身1个妨害标记；每当染尘子受到1个妨害标记，就会消除自身1个伤势标记
866,三剑·伏邪铁,8,,1,剑法,Invalid,2,0,0,-1,false,false,-1,list,1638,1638,0,-1,8,false,"2, 0, 1, 3, 4, 5, 6",2,350,0,0,-1,-1,0,"0, 0, 0, 0",0,"0, 0, 0, 0","0, 0, 0, 0","外:0, 内:0","外:0, 内:0","外:0, 内:0",0,0,0,0,0,0,0,0,"0, 0, 0, 0, 0, 0",30000,list2,0,100,50,0,1280,25,式21=3,0,0,878,-1,"50, 50, 20, 10, 10, 0, 0",170,"100, 0, 0, 0",false,true,"0, 0, 0, 0, 0, 0, 0, 0, 0, 0, 0, 0",100,-1,,0,0,0,"0, 0, 0, 0",36,0,36,-1,-1,false,-1,-1,-2,0,0,0,"0, 0, 0, 0",0,0,0,0,0,list,"0, 0, 0, 0, 0, 0, 0","0, 0, 0, 0, 0, 0, 0",0,0,list2,"0, 0, 0, 0, 0",loopBonusSkillList,0,"0, 1, 2, 3",此神力发挥$0$成威力时，损耗敌人所有的脚力、提气、架势,此神力发挥$0$成威力时，损耗敌人所有的脚力、提气、架势
867,四·五剑,8,,1,剑法,Invalid,3,0,5,-1,false,false,-1,list,1639,1639,0,-1,8,true,"3, 4, 5, 6",3,500,0,0,-1,-1,0,"0, 0, 0, 0",0,"0, 0, 0, 0","0, 0, 0, 0","外:0, 内:0","外:0, 内:0","外:0, 内:0",0,0,0,0,0,0,0,0,"0, 0, 0, 0, 0, 0",36000,list2,0,100,50,0,840,25,式21=3,0,0,879,-1,"0, 0, 20, 30, 30, 30, 30",230,"0, 50, 50, 0",false,true,"0, 0, 0, 0, 0, 0, 0, 0, 0, 0, 0, 0",100,-1,,0,0,0,"0, 0, 0, 0",36,0,36,-1,-1,false,-1,-1,-2,0,0,0,"0, 0, 0, 0",0,0,0,0,0,list,"0, 0, 0, 0, 0, 0, 0","0, 0, 0, 0, 0, 0, 0",0,0,list2,"0, 0, 0, 0, 0",loopBonusSkillList,0,"0, 1, 2, 3",染尘子每施展一次此神力，此神力就能从更高的施展进度开始施展，且此神力的威力也会随之不断大幅提高，持续直到染尘子唤用其它神剑,染尘子每施展一次此神力，此神力就能从更高的施展进度开始施展，且此神力的威力也会随之不断大幅提高，持续直到染尘子唤用其它神剑
868,六·七·八剑,8,,1,剑法,Invalid,3,0,5,-1,false,false,-1,list,1640,1640,0,-1,8,true,"2, 0, 1",3,500,0,0,-1,-1,0,"0, 0, 0, 0",0,"0, 0, 0, 0","0, 0, 0, 0","外:0, 内:0","外:0, 内:0","外:0, 内:0",0,0,0,0,0,0,0,0,"0, 0, 0, 0, 0, 0",42000,list2,0,100,50,0,1000,25,式21=3,0,0,880,-1,"20, 20, 20, 20, 20, 20, 20",210,"50, 50, 0, 0",true,true,"0, 0, 0, 0, 0, 0, 0, 0, 0, 0, 0, 0",100,-1,,0,0,0,"0, 0, 0, 0",36,0,36,-1,-1,false,-1,-1,-2,0,0,0,"0, 0, 0, 0",0,0,0,0,0,list,"0, 0, 0, 0, 0, 0, 0","0, 0, 0, 0, 0, 0, 0",0,0,list2,"0, 0, 0, 0, 0",loopBonusSkillList,0,"0, 1, 2, 3",开始施展此神力时，染尘子的失神标记越多，此神力的威力就提高越多；此神力发挥$0$成威力时，染尘子将自身最多6个失神标记转移给敌人,开始施展此神力时，染尘子的失神标记越多，此神力的威力就提高越多；此神力发挥$0$成威力时，染尘子将自身最多6个失神标记转移给敌人
869,九剑·鬼神霞,8,,1,剑法,Invalid,3,0,5,-1,false,false,-1,list,1641,1641,0,-1,8,true,2,3,500,0,0,-1,-1,0,"0, 0, 0, 0",0,"0, 0, 0, 0","0, 0, 0, 0","外:0, 内:0","外:0, 内:0","外:0, 内:0",0,0,0,0,0,0,0,0,"0, 0, 0, 0, 0, 0",450000,list2,0,100,50,0,0,25,式21=3,0,0,881,-1,"10, 10, 10, 10, 10, 10, 10",1200,"0, 0, 0, 100",false,false,"0, 0, 0, 0, 0, 0, 0, 0, 0, 0, 0, 0",100,-1,,0,0,0,"0, 0, 0, 0",36,0,36,-1,-1,false,-1,-1,-2,0,0,0,"0, 0, 0, 0",0,0,0,0,0,list,"0, 0, 0, 0, 0, 0, 0","0, 0, 0, 0, 0, 0, 0",0,0,list2,"0, 0, 0, 0, 0",loopBonusSkillList,0,"0, 1, 2, 3",此神力无法被封禁、打断；此神力的攻击范围始终为最大；施展此神力的过程中，染尘子可以移动、攻击；此神力施展结束时，如果敌人未被击败，染尘子将会战败,此神力无法被封禁、打断；此神力的攻击范围始终为最大；施展此神力的过程中，染尘子可以移动、攻击；此神力施展结束时，如果敌人未被击败，染尘子将会战败
870,解封,8,,1,剑法,Invalid,2,0,5,-1,false,false,-1,list,1618,1618,0,-1,8,false,"2, 0, 1, 3, 4, 5, 6",2,350,0,0,-1,-1,0,"0, 0, 0, 0",0,"0, 0, 0, 0","0, 0, 0, 0","外:0, 内:0","外:0, 内:0","外:0, 内:0",0,0,0,0,0,0,0,0,"0, 0, 0, 0, 0, 0",24000,list2,0,100,50,0,960,25,式21=3,0,0,849,-1,"20, 20, 10, 20, 20, 20, 20",200,"0, 60, 40, 0",false,false,"0, 0, 0, 0, 0, 0, 0, 0, 0, 0, 0, 0",100,-1,,0,0,0,"0, 0, 0, 0",36,0,36,-1,-1,false,-1,-1,-2,0,0,0,"0, 0, 0, 0",0,0,0,0,0,list,"0, 0, 0, 0, 0, 0, 0","0, 0, 0, 0, 0, 0, 0",0,0,list2,"0, 0, 0, 0, 0",loopBonusSkillList,0,"0, 1, 2, 3",开始施展此神力时，向焕心施加1个增加随机次要属性的增益状态,开始施展此神力时，向焕心施加1个增加随机次要属性的增益状态
871,出鞘,8,,1,剑法,Invalid,2,0,5,-1,false,false,-1,list,1619,1619,0,-1,8,false,"3, 4",2,350,0,0,-1,-1,0,"0, 0, 0, 0",0,"0, 0, 0, 0","0, 0, 0, 0","外:0, 内:0","外:0, 内:0","外:0, 内:0",0,0,0,0,0,0,0,0,"0, 0, 0, 0, 0, 0",21000,list2,0,100,50,0,760,25,式21=3,0,0,861,-1,"20, 20, 10, 20, 20, 20, 20",230,"40, 0, 60, 0",false,true,"0, 0, 0, 0, 0, 0, 0, 0, 0, 0, 0, 0",100,-1,,0,0,0,"0, 0, 0, 0",36,0,36,-1,-1,false,-1,-1,-2,0,0,0,"0, 0, 0, 0",0,0,0,0,0,list,"0, 0, 0, 0, 0, 0, 0","0, 0, 0, 0, 0, 0, 0",0,0,list2,"0, 0, 0, 0, 0",loopBonusSkillList,0,"0, 1, 2, 3",开始施展此神力时，焕心身上的2个损害状态会变化为增益状态,开始施展此神力时，焕心身上的2个损害状态会变化为增益状态
872,试锋,8,,1,剑法,Invalid,2,0,5,-1,false,false,-1,list,1620,1620,0,-1,8,false,"0, 1, 3, 4",2,350,0,0,-1,-1,0,"0, 0, 0, 0",0,"0, 0, 0, 0","0, 0, 0, 0","外:0, 内:0","外:0, 内:0","外:0, 内:0",0,0,0,0,0,0,0,0,"0, 0, 0, 0, 0, 0",30000,list2,0,100,50,0,1160,25,式21=3,0,0,873,-1,"20, 20, 10, 20, 20, 20, 20",170,"60, 40, 0, 0",true,false,"0, 0, 0, 0, 0, 0, 0, 0, 0, 0, 0, 0",100,-1,,0,0,0,"0, 0, 0, 0",36,0,36,-1,-1,false,-1,-1,-2,0,0,0,"0, 0, 0, 0",0,0,0,0,0,list,"0, 0, 0, 0, 0, 0, 0","0, 0, 0, 0, 0, 0, 0",0,0,list2,"0, 0, 0, 0, 0",loopBonusSkillList,0,"0, 1, 2, 3",开始施展此神力时，向焕心施加一个提高破体、破气的增益状态,开始施展此神力时，向焕心施加一个提高破体、破气的增益状态
873,拆刃,8,,1,剑法,Invalid,3,0,5,-1,false,false,-1,list,1621,1621,0,-1,8,true,"2, 0, 1, 3, 4, 5, 6",3,500,0,0,-1,-1,0,"0, 0, 0, 0",0,"0, 0, 0, 0","0, 0, 0, 0","外:0, 内:0","外:0, 内:0","外:0, 内:0",0,0,0,0,0,0,0,0,"0, 0, 0, 0, 0, 0",24000,list2,0,100,50,0,960,25,式21=3,0,0,849,-1,"20, 20, 10, 20, 20, 20, 20",200,"0, 60, 40, 0",false,false,"0, 0, 0, 0, 0, 0, 0, 0, 0, 0, 0, 0",100,-1,,0,0,0,"0, 0, 0, 0",36,0,36,-1,-1,false,-1,-1,-2,0,0,0,"0, 0, 0, 0",0,0,0,0,0,list,"0, 0, 0, 0, 0, 0, 0","0, 0, 0, 0, 0, 0, 0",0,0,list2,"0, 0, 0, 0, 0",loopBonusSkillList,0,"0, 1, 2, 3",开始施展此神力时：向焕心施加1个提高随机次要属性的增益状态；向敌人施加一个降低随机次要属性的损害状态；此神力发挥$0$成威力时，短时间「封禁」敌人所有未被永久封禁的「摧破」功法,开始施展此神力时：向焕心施加1个提高随机次要属性的增益状态；向敌人施加一个降低随机次要属性的损害状态；此神力发挥$0$成威力时，短时间「封禁」敌人所有未被永久封禁的「摧破」功法
874,蔽光,8,,1,剑法,Invalid,3,0,5,-1,false,false,-1,list,1622,1622,0,-1,8,true,"3, 4",3,500,0,0,-1,-1,0,"0, 0, 0, 0",0,"0, 0, 0, 0","0, 0, 0, 0","外:0, 内:0","外:0, 内:0","外:0, 内:0",0,0,0,0,0,0,0,0,"0, 0, 0, 0, 0, 0",21000,list2,0,100,50,0,760,25,式21=3,0,0,861,-1,"20, 20, 10, 20, 20, 20, 20",230,"40, 0, 60, 0",false,true,"0, 0, 0, 0, 0, 0, 0, 0, 0, 0, 0, 0",100,-1,,0,0,0,"0, 0, 0, 0",36,0,36,-1,-1,false,-1,-1,-2,0,0,0,"0, 0, 0, 0",0,0,0,0,0,list,"0, 0, 0, 0, 0, 0, 0","0, 0, 0, 0, 0, 0, 0",0,0,list2,"0, 0, 0, 0, 0",loopBonusSkillList,0,"0, 1, 2, 3",开始施展此神力时：焕心身上的2个损害状态会变化为增益状态；敌人身上的2个增益状态会变化为损害状态；此神力发挥$0$成威力时，短时间「封禁」敌人所有未被永久封禁的「护体」功法,开始施展此神力时：焕心身上的2个损害状态会变化为增益状态；敌人身上的2个增益状态会变化为损害状态；此神力发挥$0$成威力时，短时间「封禁」敌人所有未被永久封禁的「护体」功法
875,夺神,8,,1,剑法,Invalid,3,0,5,-1,false,false,-1,list,1623,1623,0,-1,8,true,"0, 1, 3, 4",3,500,0,0,-1,-1,0,"0, 0, 0, 0",0,"0, 0, 0, 0","0, 0, 0, 0","外:0, 内:0","外:0, 内:0","外:0, 内:0",0,0,0,0,0,0,0,0,"0, 0, 0, 0, 0, 0",30000,list2,0,100,50,0,1160,25,式21=3,0,0,873,-1,"20, 20, 10, 20, 20, 20, 20",170,"60, 40, 0, 0",true,false,"0, 0, 0, 0, 0, 0, 0, 0, 0, 0, 0, 0",100,-1,,0,0,0,"0, 0, 0, 0",36,0,36,-1,-1,false,-1,-1,-2,0,0,0,"0, 0, 0, 0",0,0,0,0,0,list,"0, 0, 0, 0, 0, 0, 0","0, 0, 0, 0, 0, 0, 0",0,0,list2,"0, 0, 0, 0, 0",loopBonusSkillList,0,"0, 1, 2, 3",开始施展此神力时：向焕心施加一个提高破体、破气的增益状态；向敌人施加一个降低破体、破气的损害状态；此神力发挥$0$成威力时，短时间「封禁」敌人所有未被永久封禁的「轻灵」功法,开始施展此神力时：向焕心施加一个提高破体、破气的增益状态；向敌人施加一个降低破体、破气的损害状态；此神力发挥$0$成威力时，短时间「封禁」敌人所有未被永久封禁的「轻灵」功法
876,丹凤啄蕊,8,,1,拳掌,Invalid,2,0,5,-1,false,false,-1,list,1630,1630,0,-1,8,false,"3, 4",2,350,0,0,-1,-1,0,"0, 0, 0, 0",0,"0, 0, 0, 0","0, 0, 0, 0","外:0, 内:0","外:0, 内:0","外:0, 内:0",0,0,0,0,0,0,0,0,"0, 0, 0, 0, 0, 0",21000,3,0,60,0,0,720,15,式7=3,0,0,850,-1,"60, 60, 10, 0, 0, 0, 0",230,"40, 0, 60, 0",true,false,"0, 0, 0, 0, 0, 0, 0, 0, 0, 0, 0, 0",100,-1,,0,0,0,"0, 0, 0, 0",36,0,36,-1,-1,false,-1,-1,-2,0,0,0,"0, 0, 0, 0",0,0,0,0,0,list,"0, 0, 0, 0, 0, 0, 0","0, 0, 0, 0, 0, 0, 0",0,0,list2,"0, 0, 0, 0, 0",loopBonusSkillList,0,"0, 1, 2, 3",开始施展此神力时，龙语茯分别对自己的外伤标记低于4的手臂部位造成1个外伤伤势标记，并据此：增加此神力的施展进度；恢复施展此神力所消耗的提气、架势,开始施展此神力时，龙语茯分别对自己的外伤标记低于4的手臂部位造成1个外伤伤势标记，并据此：增加此神力的施展进度；恢复施展此神力所消耗的提气、架势
877,赤猊争衣,8,,1,拳掌,Invalid,2,0,5,-1,false,false,-1,list,1631,1631,0,-1,8,false,"5, 6",2,350,0,0,-1,-1,0,"0, 0, 0, 0",0,"0, 0, 0, 0","0, 0, 0, 0","外:0, 内:0","外:0, 内:0","外:0, 内:0",0,0,0,0,0,0,0,0,"0, 0, 0, 0, 0, 0",24000,5,0,80,0,0,960,20,式8=3,0,0,862,-1,"60, 60, 10, 0, 0, 0, 0",200,"0, 60, 40, 0",false,true,"0, 0, 0, 0, 0, 0, 0, 0, 0, 0, 0, 0",100,-1,,0,0,0,"0, 0, 0, 0",36,0,36,-1,-1,false,-1,-1,-2,0,0,0,"0, 0, 0, 0",0,0,0,0,0,list,"0, 0, 0, 0, 0, 0, 0","0, 0, 0, 0, 0, 0, 0",0,0,list2,"0, 0, 0, 0, 0",loopBonusSkillList,0,"0, 1, 2, 3",开始施展此神力时，龙语茯分别对自己的外伤标记低于4的腿足部位造成1个外伤伤势标记，并据此：将敌人的多个功法受到的持续增强的威力转移为此神力的威力增强，持续直到战斗结束,开始施展此神力时，龙语茯分别对自己的外伤标记低于4的腿足部位造成1个外伤伤势标记，并据此：将敌人的多个功法受到的持续增强的威力转移为此神力的威力增强，持续直到战斗结束
878,火龙焚心,8,,1,拳掌,Invalid,2,0,5,-1,false,false,-1,list,1632,1632,0,-1,8,false,2,2,350,0,0,-1,-1,0,"0, 0, 0, 0",0,"0, 0, 0, 0","0, 0, 0, 0","外:0, 内:0","外:0, 内:0","外:0, 内:0",0,0,0,0,0,0,0,0,"0, 0, 0, 0, 0, 0",30000,0,0,100,0,0,1160,25,式6=3,0,0,874,-1,"60, 60, 10, 0, 0, 0, 0",170,"60, 40, 0, 0",false,true,"0, 0, 0, 0, 0, 0, 0, 0, 0, 0, 0, 0",100,-1,,0,0,0,"0, 0, 0, 0",36,0,36,-1,-1,false,-1,-1,-2,0,0,0,"0, 0, 0, 0",0,0,0,0,0,list,"0, 0, 0, 0, 0, 0, 0","0, 0, 0, 0, 0, 0, 0",0,0,list2,"0, 0, 0, 0, 0",loopBonusSkillList,0,"0, 1, 2, 3",开始施展此神力时，龙语茯对自己的外伤标记低于4的颈项部位造成1个外伤伤势标记，随机使敌人的3个「摧破」功法的持续效果的层数变化至下限，且令敌人受到这些「摧破」功法的反噬伤害,开始施展此神力时，龙语茯对自己的外伤标记低于4的颈项部位造成1个外伤伤势标记，随机使敌人的3个「摧破」功法的持续效果的层数变化至下限，且令敌人受到这些「摧破」功法的反噬伤害
879,火蕊杀骄凤,8,,1,拳掌,Invalid,3,0,5,-1,false,false,-1,list,1633,1633,0,-1,8,false,"3, 4",3,500,0,0,-1,-1,0,"0, 0, 0, 0",0,"0, 0, 0, 0","0, 0, 0, 0","外:0, 内:0","外:0, 内:0","外:0, 内:0",0,0,0,0,0,0,0,0,"0, 0, 0, 0, 0, 0",21000,3,0,60,0,0,720,15,式7=3,0,0,850,-1,"60, 60, 10, 0, 0, 0, 0",230,"40, 0, 60, 0",true,false,"0, 0, 0, 0, 0, 0, 0, 0, 0, 0, 0, 0",100,-1,,0,0,0,"0, 0, 0, 0",36,0,36,-1,-1,false,-1,-1,-2,0,0,0,"0, 0, 0, 0",0,0,0,0,0,list,"0, 0, 0, 0, 0, 0, 0","0, 0, 0, 0, 0, 0, 0",0,0,list2,"0, 0, 0, 0, 0",loopBonusSkillList,0,"0, 1, 2, 3",此神力的施展不受部位残毁的限制；如果龙语茯任意手臂部位的外伤标记达到4个：开始施展此神力时，此神力从100%进度开始施展，且恢复所有施展此神力所消耗的提气、架势；施展此神力的过程中，敌人的双臂如同残毁,此神力的施展不受部位残毁的限制；如果龙语茯任意手臂部位的外伤标记达到4个：开始施展此神力时，此神力从100%进度开始施展，且恢复所有施展此神力所消耗的提气、架势；施展此神力的过程中，敌人的双臂如同残毁
880,赤衣降恶猊,8,,1,拳掌,Invalid,3,0,5,-1,false,false,-1,list,1634,1634,0,-1,8,false,"5, 6",3,500,0,0,-1,-1,0,"0, 0, 0, 0",0,"0, 0, 0, 0","0, 0, 0, 0","外:0, 内:0","外:0, 内:0","外:0, 内:0",0,0,0,0,0,0,0,0,"0, 0, 0, 0, 0, 0",24000,5,0,80,0,0,960,20,式8=3,0,0,862,-1,"60, 60, 10, 0, 0, 0, 0",200,"0, 60, 40, 0",false,true,"0, 0, 0, 0, 0, 0, 0, 0, 0, 0, 0, 0",100,-1,,0,0,0,"0, 0, 0, 0",36,0,36,-1,-1,false,-1,-1,-2,0,0,0,"0, 0, 0, 0",0,0,0,0,0,list,"0, 0, 0, 0, 0, 0, 0","0, 0, 0, 0, 0, 0, 0",0,0,list2,"0, 0, 0, 0, 0",loopBonusSkillList,0,"0, 1, 2, 3",此神力的施展不受部位残毁的限制；如果龙语茯任意腿足部位的外伤标记达到4个：开始施展此神力时，将敌人所有功法受到的持续增强的威力转移为此神力的威力增强，持续直到战斗结束；施展此神力的过程中，敌人的双腿如同残毁,此神力的施展不受部位残毁的限制；如果龙语茯任意腿足部位的外伤标记达到4个：开始施展此神力时，将敌人所有功法受到的持续增强的威力转移为此神力的威力增强，持续直到战斗结束；施展此神力的过程中，敌人的双腿如同残毁
881,丹心慑妖龙,8,,1,拳掌,Invalid,3,0,5,-1,false,false,-1,list,1635,1635,0,-1,8,false,2,3,500,0,0,-1,-1,0,"0, 0, 0, 0",0,"0, 0, 0, 0","0, 0, 0, 0","外:0, 内:0","外:0, 内:0","外:0, 内:0",0,0,0,0,0,0,0,0,"0, 0, 0, 0, 0, 0",30000,0,0,100,0,0,1160,25,式6=3,0,0,874,-1,"60, 60, 10, 0, 0, 0, 0",170,"60, 40, 0, 0",false,true,"0, 0, 0, 0, 0, 0, 0, 0, 0, 0, 0, 0",100,-1,,0,0,0,"0, 0, 0, 0",36,0,36,-1,-1,false,-1,-1,-2,0,0,0,"0, 0, 0, 0",0,0,0,0,0,list,"0, 0, 0, 0, 0, 0, 0","0, 0, 0, 0, 0, 0, 0",0,0,list2,"0, 0, 0, 0, 0",loopBonusSkillList,0,"0, 1, 2, 3",此神力的施展不受部位残毁的限制；如果龙语茯颈项部位的外伤标记达到4个：开始施展此神力时，随机使敌人的6个「摧破」功法的持续效果的层数变化至下限，且令敌人受到这些「摧破」功法的反噬伤害；施展此神力的过程中，敌人的颈项如同残毁,此神力的施展不受部位残毁的限制；如果龙语茯颈项部位的外伤标记达到4个：开始施展此神力时，随机使敌人的6个「摧破」功法的持续效果的层数变化至下限，且令敌人受到这些「摧破」功法的反噬伤害；施展此神力的过程中，敌人的颈项如同残毁
882,三三化灵,8,,1,奇门,Invalid,2,0,5,-1,false,false,-1,list,1624,1624,0,-1,8,true,2,2,350,0,0,-1,-1,0,"0, 0, 0, 0",0,"0, 0, 0, 0","0, 0, 0, 0","外:0, 内:0","外:0, 内:0","外:0, 内:0",0,0,0,0,0,0,0,0,"0, 0, 0, 0, 0, 0",27000,0,0,60,100,0,1080,15,式0=3,0,0,851,-1,"0, 0, 10, 30, 30, 30, 30",200,"60, 0, 40, 0",true,false,"0, 0, 0, 0, 0, 0, 0, 0, 0, 0, 0, 0",100,-1,,0,0,0,"0, 0, 0, 0",36,0,36,-1,-1,false,-1,-1,-2,0,0,0,"0, 0, 0, 0",0,0,0,0,0,list,"0, 0, 0, 0, 0, 0, 0","0, 0, 0, 0, 0, 0, 0",0,0,list2,"0, 0, 0, 0, 0",loopBonusSkillList,0,"0, 1, 2, 3",开始施展此神力时，如果紫无绡没有“三三化灵”的效果层数，紫无绡获得3层此效果：敌人将要获得或失去真气时，紫无绡均会加倍获得相应的真气，此效果的层数会在紫无绡失去真气时减少,开始施展此神力时，如果紫无绡没有“三三化灵”的效果层数，紫无绡获得3层此效果：敌人将要获得或失去真气时，紫无绡均会加倍获得相应的真气，此效果的层数会在紫无绡失去真气时减少
883,七七生慧,8,,1,奇门,Invalid,2,0,5,-1,false,false,-1,list,1625,1625,0,-1,8,true,2,2,350,0,0,-1,-1,0,"0, 0, 0, 0",0,"0, 0, 0, 0","0, 0, 0, 0","外:0, 内:0","外:0, 内:0","外:0, 内:0",0,0,0,0,0,0,0,0,"0, 0, 0, 0, 0, 0",30000,0,0,80,100,0,960,20,式1=3,0,0,863,-1,"0, 0, 10, 30, 30, 30, 30",250,"0, 40, 60, 0",true,false,"0, 0, 0, 0, 0, 0, 0, 0, 0, 0, 0, 0",100,-1,,0,0,0,"0, 0, 0, 0",36,0,36,-1,-1,false,-1,-1,-2,0,0,0,"0, 0, 0, 0",0,0,0,0,0,list,"0, 0, 0, 0, 0, 0, 0","0, 0, 0, 0, 0, 0, 0",0,0,list2,"0, 0, 0, 0, 0",loopBonusSkillList,0,"0, 1, 2, 3",开始施展此神力时，如果紫无绡没有“七七生慧”的效果层数，紫无绡获得7层此效果：敌人将要获得或失去式时，紫无绡均会同时获得相同数量的随机可用的式，此效果的层数会在紫无绡获得不可用的式时减少,开始施展此神力时，如果紫无绡没有“七七生慧”的效果层数，紫无绡获得7层此效果：敌人将要获得或失去式时，紫无绡均会同时获得相同数量的随机可用的式，此效果的层数会在紫无绡获得不可用的式时减少
884,九九造命,8,,1,奇门,Invalid,2,0,5,-1,false,false,-1,list,1626,1626,0,-1,8,true,2,2,350,0,0,-1,-1,0,"0, 0, 0, 0",0,"0, 0, 0, 0","0, 0, 0, 0","外:0, 内:0","外:0, 内:0","外:0, 内:0",0,0,0,0,0,0,0,0,"0, 0, 0, 0, 0, 0",36000,0,0,100,100,0,840,25,式2=3,0,0,875,-1,"0, 0, 10, 30, 30, 30, 30",300,"40, 60, 0, 0",false,false,"0, 0, 0, 0, 0, 0, 0, 0, 0, 0, 0, 0",100,-1,,0,0,0,"0, 0, 0, 0",36,0,36,-1,-1,false,-1,-1,-2,0,0,0,"0, 0, 0, 0",0,0,0,0,0,list,"0, 0, 0, 0, 0, 0, 0","0, 0, 0, 0, 0, 0, 0",0,0,list2,"0, 0, 0, 0, 0",loopBonusSkillList,0,"0, 1, 2, 3",开始施展此神力时，如果紫无绡没有“九九造命”的效果层数，紫无绡获得9层此效果：敌人将要消除或受到伤势标记时，紫无绡对应部位的伤势标记就会同时被消除，此效果的层数会在紫无绡出现中毒标记时减少,开始施展此神力时，如果紫无绡没有“九九造命”的效果层数，紫无绡获得9层此效果：敌人将要消除或受到伤势标记时，紫无绡对应部位的伤势标记就会同时被消除，此效果的层数会在紫无绡出现中毒标记时减少
885,灵散·天地人,8,,1,奇门,Invalid,3,0,5,-1,false,false,-1,list,1627,1627,0,-1,8,true,2,3,500,0,0,-1,-1,0,"0, 0, 0, 0",0,"0, 0, 0, 0","0, 0, 0, 0","外:0, 内:0","外:0, 内:0","外:0, 内:0",0,0,0,0,0,0,0,0,"0, 0, 0, 0, 0, 0",27000,0,0,60,100,0,1080,15,式0=3,0,0,851,-1,"0, 0, 10, 30, 30, 30, 30",200,"60, 0, 40, 0",true,false,"0, 0, 0, 0, 0, 0, 0, 0, 0, 0, 0, 0",100,-1,,0,0,0,"0, 0, 0, 0",36,0,36,-1,-1,false,-1,-1,-2,0,0,0,"0, 0, 0, 0",0,0,0,0,0,list,"0, 0, 0, 0, 0, 0, 0","0, 0, 0, 0, 0, 0, 0",0,0,list2,"0, 0, 0, 0, 0",loopBonusSkillList,0,"0, 1, 2, 3",以此神力攻击敌人时，紫无绡消耗所有“三三化灵”的效果层数，大幅提高此神力的威力；此神力发挥$0$成威力时，如果紫无绡拥有“七七生慧”的效果层数，紫无绡立即无消耗施展“慧亡·七觉支”攻击敌人，否则敌人所有类型的真气减半,以此神力攻击敌人时，紫无绡消耗所有“三三化灵”的效果层数，大幅提高此神力的威力；此神力发挥$0$成威力时，如果紫无绡拥有“七七生慧”的效果层数，紫无绡立即无消耗施展“慧亡·七觉支”攻击敌人，否则敌人所有类型的真气减半
886,慧亡·七觉支,8,,1,奇门,Invalid,3,0,5,-1,false,false,-1,list,1628,1628,0,-1,8,true,2,3,500,0,0,-1,-1,0,"0, 0, 0, 0",0,"0, 0, 0, 0","0, 0, 0, 0","外:0, 内:0","外:0, 内:0","外:0, 内:0",0,0,0,0,0,0,0,0,"0, 0, 0, 0, 0, 0",30000,0,0,80,100,0,960,20,式1=3,0,0,863,-1,"0, 0, 10, 30, 30, 30, 30",250,"0, 40, 60, 0",true,false,"0, 0, 0, 0, 0, 0, 0, 0, 0, 0, 0, 0",100,-1,,0,0,0,"0, 0, 0, 0",36,0,36,-1,-1,false,-1,-1,-2,0,0,0,"0, 0, 0, 0",0,0,0,0,0,list,"0, 0, 0, 0, 0, 0, 0","0, 0, 0, 0, 0, 0, 0",0,0,list2,"0, 0, 0, 0, 0",loopBonusSkillList,0,"0, 1, 2, 3",以此神力攻击敌人时，紫无绡消耗所有“七七生慧”的效果层数，大幅提高此神力的威力；此神力发挥$0$成威力时，如果紫无绡拥有“九九造命”的效果层数，紫无绡立即无消耗施展“命陨·无间狱”攻击敌人，否则敌人失去所有可用的式,以此神力攻击敌人时，紫无绡消耗所有“七七生慧”的效果层数，大幅提高此神力的威力；此神力发挥$0$成威力时，如果紫无绡拥有“九九造命”的效果层数，紫无绡立即无消耗施展“命陨·无间狱”攻击敌人，否则敌人失去所有可用的式
887,命陨·无间狱,8,,1,奇门,Invalid,3,0,5,-1,false,false,-1,list,1629,1629,0,-1,8,true,2,3,500,0,0,-1,-1,0,"0, 0, 0, 0",0,"0, 0, 0, 0","0, 0, 0, 0","外:0, 内:0","外:0, 内:0","外:0, 内:0",0,0,0,0,0,0,0,0,"0, 0, 0, 0, 0, 0",36000,0,0,100,100,0,840,25,式2=3,0,0,875,-1,"0, 0, 10, 30, 30, 30, 30",300,"40, 60, 0, 0",false,false,"0, 0, 0, 0, 0, 0, 0, 0, 0, 0, 0, 0",100,-1,,0,0,0,"0, 0, 0, 0",36,0,36,-1,-1,false,-1,-1,-2,0,0,0,"0, 0, 0, 0",0,0,0,0,0,list,"0, 0, 0, 0, 0, 0, 0","0, 0, 0, 0, 0, 0, 0",0,0,list2,"0, 0, 0, 0, 0",loopBonusSkillList,0,"0, 1, 2, 3",以此神力攻击敌人时，紫无绡消耗所有“九九造命”的效果层数，大幅提高此神力的威力；此神力发挥$0$成威力时，如果紫无绡拥有“三三化灵”的效果层数，紫无绡立即无消耗施展“灵散·天地人”攻击敌人，否则大幅恶化敌人所有的伤势,以此神力攻击敌人时，紫无绡消耗所有“九九造命”的效果层数，大幅提高此神力的威力；此神力发挥$0$成威力时，如果紫无绡拥有“三三化灵”的效果层数，紫无绡立即无消耗施展“灵散·天地人”攻击敌人，否则大幅恶化敌人所有的伤势
888,灵心慧性,0,,0,内功,Invalid,1,0,5,-1,false,false,-1,list,1663,1663,0,-1,0,false,"2, 0, 1, 3, 4, 5, 6",1,100,0,0,-1,-1,0,"9, 9, 9, 9",0,"0, 1, 0, 0","0, 1, 0, 0","外:0, 内:0","外:0, 内:0","外:0, 内:0",0,0,0,0,0,0,0,0,"0, 0, 0, 0, 0, 0",0,list2,0,0,100,0,0,0,list3,0,0,-1,-1,"20, 20, 1, 20, 20, 20, 20",0,"0, 0, 0, 0",false,false,"0, 0, 0, 0, 0, 0, 0, 0, 0, 0, 0, 0",0,-1,,0,0,0,"0, 0, 0, 0",36,0,36,-1,-1,false,-1,-1,-2,0,0,0,"0, 0, 0, 0",0,0,0,0,0,list,"0, 0, 0, 0, 0, 0, 0","0, 0, 0, 0, 0, 0, 0",0,0,list2,"0, 0, 0, 0, 0",loopBonusSkillList,0,"0, 1, 2, 3",此天赋无法被封禁；此生灵受到敌人的摧破功法攻击后，敌人的摧破功法的威力会根据此生灵的精纯累积降低，持续直到战斗结束,此天赋无法被封禁；此生灵受到敌人的摧破功法攻击后，敌人的摧破功法的威力会根据此生灵的精纯累积降低，持续直到战斗结束
889,鹰击长空,1,,0,内功,Invalid,1,0,5,-1,false,false,-1,list,1664,1664,0,-1,1,false,"2, 0, 1, 3, 4, 5, 6",1,150,0,0,-1,-1,0,"9, 9, 9, 9",0,"0, 0, 1, 0","0, 0, 1, 0","外:0, 内:0","外:0, 内:0","外:0, 内:0",0,0,0,0,0,0,0,0,"0, 0, 0, 0, 0, 0",0,list2,0,0,100,0,0,0,list3,0,0,-1,-1,"20, 20, 1, 20, 20, 20, 20",0,"0, 0, 0, 0",false,false,"0, 0, 0, 0, 0, 0, 0, 0, 0, 0, 0, 0",0,-1,,0,0,0,"0, 0, 0, 0",36,0,36,-1,-1,false,-1,-1,-2,0,0,0,"0, 0, 0, 0",0,0,0,0,0,list,"0, 0, 0, 0, 0, 0, 0","0, 0, 0, 0, 0, 0, 0",0,0,list2,"0, 0, 0, 0, 0",loopBonusSkillList,0,"0, 1, 2, 3",此天赋无法被封禁；此生灵的攻击范围会根据此生灵的精纯，随着危机感逐渐增加，且敌我距离越远，此生灵命中敌人要害的几率就提高越多,此天赋无法被封禁；此生灵的攻击范围会根据此生灵的精纯，随着危机感逐渐增加，且敌我距离越远，此生灵命中敌人要害的几率就提高越多
890,猪突豨勇,2,,0,内功,Invalid,1,0,5,-1,false,false,-1,list,1665,1665,0,-1,2,false,"2, 0, 1, 3, 4, 5, 6",1,200,0,0,-1,-1,0,"9, 9, 9, 9",0,"1, 0, 0, 0","1, 0, 0, 0","外:0, 内:0","外:0, 内:0","外:0, 内:0",0,0,0,0,0,0,0,0,"0, 0, 0, 0, 0, 0",0,list2,0,0,100,0,0,0,list3,0,0,-1,-1,"20, 20, 1, 20, 20, 20, 20",0,"0, 0, 0, 0",false,false,"0, 0, 0, 0, 0, 0, 0, 0, 0, 0, 0, 0",0,-1,,0,0,0,"0, 0, 0, 0",36,0,36,10,6000,false,-1,-1,-2,0,0,0,"0, 0, 0, 0",0,0,0,0,0,list,"0, 0, 0, 0, 0, 0, 0","0, 0, 0, 0, 0, 0, 0",0,0,list2,"0, 0, 0, 0, 0",loopBonusSkillList,0,"0, 1, 2, 3",此天赋无法被封禁；敌人不在此生灵的攻击范围内时，此生灵能够积蓄力量一次性移动1距离，如果移动后，敌人在此生灵的攻击范围内，此生灵立即对敌人进行一次攻击，且此生灵的精纯越高，攻击对敌人造成的直接伤害也就越高,此天赋无法被封禁；敌人不在此生灵的攻击范围内时，此生灵能够积蓄力量一次性移动1距离，如果移动后，敌人在此生灵的攻击范围内，此生灵立即对敌人进行一次攻击，且此生灵的精纯越高，攻击对敌人造成的直接伤害也就越高
891,铜头铁臂,3,,0,内功,Invalid,1,0,5,-1,false,false,-1,list,1666,1666,0,-1,3,false,"2, 0, 1, 3, 4, 5, 6",2,250,0,0,-1,-1,0,"9, 9, 9, 9",0,"3, 0, 0, 0","3, 0, 0, 0","外:0, 内:0","外:0, 内:0","外:0, 内:0",0,0,0,0,0,0,0,0,"0, 0, 0, 0, 0, 0",0,list2,0,0,100,0,0,0,list3,0,0,-1,-1,"20, 20, 1, 20, 20, 20, 20",0,"0, 0, 0, 0",false,false,"0, 0, 0, 0, 0, 0, 0, 0, 0, 0, 0, 0",0,-1,,0,0,0,"0, 0, 0, 0",36,0,36,-1,-1,false,-1,-1,-2,0,0,0,"0, 0, 0, 0",0,0,0,0,0,list,"0, 0, 0, 0, 0, 0, 0","0, 0, 0, 0, 0, 0, 0",0,0,list2,"0, 0, 0, 0, 0",loopBonusSkillList,0,"0, 1, 2, 3",此天赋无法被封禁；此生灵的精纯越高，受到的直接重创伤害就降低越多、造成的直接重创伤害就提高越多,此天赋无法被封禁；此生灵的精纯越高，受到的直接重创伤害就降低越多、造成的直接重创伤害就提高越多
892,横行无忌,4,,0,内功,Invalid,1,0,5,-1,false,false,-1,list,1667,1667,0,-1,4,false,"2, 0, 1, 3, 4, 5, 6",2,300,0,0,-1,-1,0,"9, 9, 9, 9",0,"2, 0, 1, 0","2, 0, 1, 0","外:0, 内:0","外:0, 内:0","外:0, 内:0",0,0,0,0,0,0,0,0,"0, 0, 0, 0, 0, 0",0,list2,0,0,100,0,0,0,list3,0,0,-1,-1,"20, 20, 1, 20, 20, 20, 20",0,"0, 0, 0, 0",false,false,"0, 0, 0, 0, 0, 0, 0, 0, 0, 0, 0, 0",0,-1,,0,0,0,"0, 0, 0, 0",36,0,36,-1,-1,false,-1,-1,-2,0,0,0,"0, 0, 0, 0",0,0,0,0,0,list,"0, 0, 0, 0, 0, 0, 0","0, 0, 0, 0, 0, 0, 0",0,0,list2,"0, 0, 0, 0, 0",loopBonusSkillList,0,"0, 1, 2, 3",此天赋无法被封禁；此生灵的精纯越高，在每次受到敌人的直接伤害时，如果敌人在此生灵的攻击范围内，就能反震越多的伤害给敌人,此天赋无法被封禁；此生灵的精纯越高，在每次受到敌人的直接伤害时，如果敌人在此生灵的攻击范围内，就能反震越多的伤害给敌人
893,毒泷恶雾,5,,0,内功,Invalid,1,0,5,-1,false,false,-1,list,1668,1668,0,-1,5,false,"2, 0, 1, 3, 4, 5, 6",2,350,0,0,-1,-1,0,"9, 9, 9, 9",0,"0, 0, 0, 0","0, 0, 0, 0","外:3, 内:3","外:0, 内:0","外:0, 内:0",0,0,0,0,0,0,0,0,"0, 0, 0, 0, 0, 0",0,list2,0,0,100,0,0,0,list3,0,0,-1,-1,"20, 20, 1, 20, 20, 20, 20",0,"0, 0, 0, 0",false,false,"0, 0, 0, 0, 0, 0, 0, 0, 0, 0, 0, 0",0,-1,,0,0,0,"0, 0, 0, 0",36,0,36,-1,-1,false,-1,-1,-2,0,0,0,"0, 0, 0, 0",0,0,0,0,0,list,"0, 0, 0, 0, 0, 0, 0","0, 0, 0, 0, 0, 0, 0",0,0,list2,"0, 0, 0, 0, 0",loopBonusSkillList,0,"0, 1, 2, 3",此天赋无法被封禁；此生灵造成的直接伤势标记将变化为更难恢复的旧时伤势；此生灵造成的直接毒害将变化为更难驱除的旧时毒素,此天赋无法被封禁；此生灵造成的直接伤势标记将变化为更难恢复的旧时伤势；此生灵造成的直接毒害将变化为更难驱除的旧时毒素
894,灵猫逐影,6,,0,内功,Invalid,1,0,5,-1,false,false,-1,list,1669,1669,0,-1,6,false,"2, 0, 1, 3, 4, 5, 6",3,400,0,0,-1,-1,0,"9, 9, 9, 9",0,"0, 0, 4, 0","0, 0, 4, 0","外:1, 内:1","外:0, 内:0","外:0, 内:0",0,0,0,0,0,0,0,0,"0, 0, 0, 0, 0, 0",0,list2,0,0,100,0,0,0,list3,0,0,-1,-1,"20, 20, 1, 20, 20, 20, 20",0,"0, 0, 0, 0",false,false,"0, 0, 0, 0, 0, 0, 0, 0, 0, 0, 0, 0",0,-1,,0,0,0,"0, 0, 0, 0",36,0,36,-1,-1,false,-1,-1,-2,0,0,0,"0, 0, 0, 0",0,0,0,0,0,list,"0, 0, 0, 0, 0, 0, 0","0, 0, 0, 0, 0, 0, 0",0,0,list2,"0, 0, 0, 0, 0",loopBonusSkillList,0,"0, 1, 2, 3",此天赋无法被封禁；此生灵在受到敌人的兵器攻击后，如果敌人在此生灵的攻击范围内，无论此生灵是否将敌人的兵器攻击化解，此生灵都必然对敌人进行反击，且此生灵的精纯越高，反击的威力也就越高,此天赋无法被封禁；此生灵在受到敌人的兵器攻击后，如果敌人在此生灵的攻击范围内，无论此生灵是否将敌人的兵器攻击化解，此生灵都必然对敌人进行反击，且此生灵的精纯越高，反击的威力也就越高
895,唯我独尊,7,,0,内功,Invalid,1,0,5,-1,false,false,-1,list,1670,1670,0,-1,7,false,"2, 0, 1, 3, 4, 5, 6",3,450,0,0,-1,-1,0,"9, 9, 9, 9",0,"0, 0, 0, 0","0, 0, 0, 0","外:1, 内:1","外:4, 内:4","外:0, 内:0",0,0,0,0,0,0,0,0,"0, 0, 0, 0, 0, 0",0,list2,0,0,100,0,0,0,list3,0,0,-1,-1,"20, 20, 1, 20, 20, 20, 20",0,"0, 0, 0, 0",false,false,"0, 0, 0, 0, 0, 0, 0, 0, 0, 0, 0, 0",0,-1,,0,0,0,"0, 0, 0, 0",36,0,36,-1,-1,false,-1,-1,-2,0,0,0,"0, 0, 0, 0",0,0,0,0,0,list,"0, 0, 0, 0, 0, 0, 0","0, 0, 0, 0, 0, 0, 0",0,0,list2,"0, 0, 0, 0, 0",loopBonusSkillList,0,"0, 1, 2, 3",此天赋无法被封禁；每当敌人进入或离开此生灵的攻击范围时，根据此生灵的精纯，损耗敌人的脚力、提气、架势,此天赋无法被封禁；每当敌人进入或离开此生灵的攻击范围时，根据此生灵的精纯，损耗敌人的脚力、提气、架势
896,万兽之王,8,,0,内功,Invalid,1,0,5,-1,false,false,-1,list,1671,1671,0,-1,8,false,"2, 0, 1, 3, 4, 5, 6",3,500,0,0,-1,-1,0,"9, 9, 9, 9",0,"0, 0, 0, 0","0, 0, 0, 0","外:4, 内:4","外:1, 内:1","外:0, 内:0",0,0,0,0,0,0,0,0,"0, 0, 0, 0, 0, 0",0,list2,0,0,100,0,0,0,list3,0,0,-1,-1,"20, 20, 1, 20, 20, 20, 20",0,"0, 0, 0, 0",false,false,"0, 0, 0, 0, 0, 0, 0, 0, 0, 0, 0, 0",0,-1,,0,0,0,"0, 0, 0, 0",36,0,36,-1,-1,false,-1,-1,-2,0,0,0,"0, 0, 0, 0",0,0,0,0,0,list,"0, 0, 0, 0, 0, 0, 0","0, 0, 0, 0, 0, 0, 0",0,0,list2,"0, 0, 0, 0, 0",loopBonusSkillList,0,"0, 1, 2, 3",此天赋无法被封禁；此生灵每次对敌人造成直接伤势标记时，会立即再对敌人进行一次命中累积降低的攻击，且此生灵的精纯越高，连续攻击的伤害也会累积提高越多，持续直到连续攻击中断,此天赋无法被封禁；此生灵每次对敌人造成直接伤势标记时，会立即再对敌人进行一次命中累积降低的攻击，且此生灵的精纯越高，连续攻击的伤害也会累积提高越多，持续直到连续攻击中断
897,玄天异蛇,8,,0,内功,Invalid,1,0,5,-1,false,false,-1,list,1672,1672,0,-1,8,false,"2, 0, 1, 3, 4, 5, 6",3,500,0,0,-1,-1,0,"9, 9, 9, 9",0,"0, 0, 0, 0","0, 0, 0, 0","外:2, 内:2","外:2, 内:2","外:0, 内:0",0,0,0,0,0,0,0,0,"0, 0, 0, 0, 0, 0",0,list2,0,0,100,0,0,0,list3,0,0,-1,-1,"20, 20, 1, 20, 20, 20, 20",0,"0, 0, 0, 0",false,false,"0, 0, 0, 0, 0, 0, 0, 0, 0, 0, 0, 0",0,-1,,0,0,0,"0, 0, 0, 0",36,0,36,-1,-1,false,-1,-1,-2,0,0,0,"0, 0, 0, 0",0,0,0,0,0,list,"0, 0, 0, 0, 0, 0, 0","0, 0, 0, 0, 0, 0, 0",0,0,list2,"0, 0, 0, 0, 0",loopBonusSkillList,0,"0, 1, 2, 3",此天赋无法被封禁；此生灵的外伤、内伤标记会随时间自行消除,此天赋无法被封禁；此生灵的外伤、内伤标记会随时间自行消除
898,贯月星虹,8,,0,内功,Invalid,1,0,0,-1,false,false,-1,list,1673,1673,0,-1,8,false,"2, 0, 1, 3, 4, 5, 6",3,500,0,0,-1,-1,0,"9, 9, 9, 9",0,"4, 0, 4, 0","4, 0, 4, 0","外:0, 内:0","外:0, 内:0","外:0, 内:0",0,0,0,0,0,0,0,0,"0, 0, 0, 0, 0, 0",0,list2,0,0,100,0,0,0,list3,0,0,-1,-1,"20, 20, 1, 20, 20, 20, 20",0,"0, 0, 0, 0",false,false,"0, 0, 0, 0, 0, 0, 0, 0, 0, 0, 0, 0",0,-1,,0,0,0,"0, 0, 0, 0",36,0,36,120,4000,true,-1,-1,-2,0,0,0,"0, 0, 0, 0",0,0,0,0,0,list,"0, 0, 0, 0, 0, 0, 0","0, 0, 0, 0, 0, 0, 0",0,0,list2,"0, 0, 0, 0, 0",loopBonusSkillList,0,"0, 1, 2, 3",神龙无法被武力击败；此天赋无法被封禁；白龙可积蓄力量一次性移动1距离，最多移动12距离，且白龙每次受到敌人的直接伤害后，如果白龙的剩余脚力不低于50%，都会立即变化至敌人的攻击范围之外，白龙每积蓄力量移动1距离都会根据此功法的威力对敌人施加失神伤害,神龙无法被武力击败；此天赋无法被封禁；白龙可积蓄力量一次性移动1距离，最多移动12距离，且白龙每次受到敌人的直接伤害后，如果白龙的剩余脚力不低于50%，都会立即变化至敌人的攻击范围之外，白龙每积蓄力量移动1距离都会根据此功法的威力对敌人施加失神伤害
899,玄海恶鳞,8,,0,内功,Invalid,1,0,2,-1,false,false,-1,list,1674,1674,0,-1,8,false,"2, 0, 1, 3, 4, 5, 6",3,500,0,0,-1,-1,0,"9, 9, 9, 9",0,"4, 4, 0, 0","4, 4, 0, 0","外:0, 内:0","外:0, 内:0","外:0, 内:0",0,0,0,0,0,0,0,0,"0, 0, 0, 0, 0, 0",0,list2,0,0,100,0,0,0,list3,0,0,-1,-1,"20, 20, 1, 20, 20, 20, 20",0,"0, 0, 0, 0",false,false,"0, 0, 0, 0, 0, 0, 0, 0, 0, 0, 0, 0",0,-1,,0,0,0,"0, 0, 0, 0",36,0,36,-1,-1,false,-1,-1,-2,0,0,0,"0, 0, 0, 0",0,0,0,0,0,list,"0, 0, 0, 0, 0, 0, 0","0, 0, 0, 0, 0, 0, 0",0,0,list2,"0, 0, 0, 0, 0",loopBonusSkillList,0,"0, 1, 2, 3",神龙无法被武力击败；此天赋无法被封禁；黑龙会不断向敌人施加大量随机类型的奇毒，且降低敌人所有类型的毒素抵抗，敌人混合毒素的发作次数也不再受限制,神龙无法被武力击败；此天赋无法被封禁；黑龙会不断向敌人施加大量随机类型的奇毒，且降低敌人所有类型的毒素抵抗，敌人混合毒素的发作次数也不再受限制
900,苍空雾岚,8,,0,内功,Invalid,1,0,1,-1,false,false,-1,,1675,1675,0,-1,8,false,"2, 0, 1, 3, 4, 5, 6",3,500,0,0,-1,-1,0,"9, 9, 9, 9",0,"4, 0, 4, 0","4, 0, 4, 0","外:0, 内:0","外:0, 内:0","外:0, 内:0",0,0,0,0,0,0,0,0,"0, 0, 0, 0, 0, 0",0,,0,0,100,0,0,0,,0,0,-1,-1,"20, 20, 1, 20, 20, 20, 20",0,"0, 0, 0, 0",false,false,"0, 0, 0, 0, 0, 0, 0, 0, 0, 0, 0, 0",0,-1,,0,0,0,"0, 0, 0, 0",36,0,36,-1,-1,false,-1,-1,-2,0,0,0,"0, 0, 0, 0",0,0,0,0,0,,"0, 0, 0, 0, 0, 0, 0","0, 0, 0, 0, 0, 0, 0",0,0,,"0, 0, 0, 0, 0",,0,"0, 1, 2, 3",神龙无法被武力击败；此天赋无法被封禁；青龙的新增伤势、旧时伤势标记均会以不同速度自行消除，且青龙身上的新增伤势、旧时伤势标记越多，敌人的攻击范围就减少越多，青龙的攻击范围就增加越多,神龙无法被武力击败；此天赋无法被封禁；青龙的新增伤势、旧时伤势标记均会以不同速度自行消除，且青龙身上的新增伤势、旧时伤势标记越多，敌人的攻击范围就减少越多，青龙的攻击范围就增加越多
901,炎火神珠,8,,0,内功,Invalid,1,0,3,-1,false,false,-1,,1676,1676,0,-1,8,false,"2, 0, 1, 3, 4, 5, 6",3,500,0,0,-1,-1,0,"9, 9, 9, 9",0,"4, 0, 4, 0","4, 0, 4, 0","外:0, 内:0","外:0, 内:0","外:0, 内:0",0,0,0,0,0,0,0,0,"0, 0, 0, 0, 0, 0",0,,0,0,100,0,0,0,,0,0,-1,-1,"20, 20, 1, 20, 20, 20, 20",0,"0, 0, 0, 0",false,false,"0, 0, 0, 0, 0, 0, 0, 0, 0, 0, 0, 0",0,-1,,0,0,0,"0, 0, 0, 0",36,0,36,-1,-1,false,-1,-1,-2,0,0,0,"0, 0, 0, 0",0,0,0,0,0,,"0, 0, 0, 0, 0, 0, 0","0, 0, 0, 0, 0, 0, 0",0,0,,"0, 0, 0, 0, 0",,0,"0, 1, 2, 3",神龙无法被武力击败；此天赋无法被封禁；赤龙击中敌人时会同时大幅恶化敌人被攻击部位的外伤、内伤，且敌人各部位的伤势程度达到4层，即视为残毁，敌人也无法化解赤龙对敌人残毁的部位进行的攻击,神龙无法被武力击败；此天赋无法被封禁；赤龙击中敌人时会同时大幅恶化敌人被攻击部位的外伤、内伤，且敌人各部位的伤势程度达到4层，即视为残毁，敌人也无法化解赤龙对敌人残毁的部位进行的攻击
902,中天尊长,8,,0,内功,Invalid,1,0,4,-1,false,false,-1,,1677,1677,0,-1,8,false,"2, 0, 1, 3, 4, 5, 6",3,500,0,0,-1,-1,0,"9, 9, 9, 9",0,"4, 4, 0, 0","4, 4, 0, 0","外:0, 内:0","外:0, 内:0","外:0, 内:0",0,0,0,0,0,0,0,0,"0, 0, 0, 0, 0, 0",0,,0,0,100,0,0,0,,0,0,-1,-1,"20, 20, 1, 20, 20, 20, 20",0,"0, 0, 0, 0",false,false,"0, 0, 0, 0, 0, 0, 0, 0, 0, 0, 0, 0",0,-1,,0,0,0,"0, 0, 0, 0",36,0,36,-1,-1,false,-1,-1,-2,0,0,0,"0, 0, 0, 0",0,0,0,0,0,,"0, 0, 0, 0, 0, 0, 0","0, 0, 0, 0, 0, 0, 0",0,0,,"0, 0, 0, 0, 0",,0,"0, 1, 2, 3",神龙无法被武力击败；此天赋无法被封禁；敌人以摧破功法攻击黄龙且至少发挥$0$成威力后，黄龙会封禁敌人的随机功法，且如果封禁的是「摧破」功法，则敌人的最大气势降低、如果封禁的是「轻灵」功法，则敌人的最大脚力降低、如果封禁的是「护体」功法，则使敌人出现4个随机部位的破绽、如果封禁的是「奇窍」功法，则使敌人出现4个随机部位的封穴,神龙无法被武力击败；此天赋无法被封禁；敌人以摧破功法攻击黄龙且至少发挥$0$成威力后，黄龙会封禁敌人的随机功法，且如果封禁的是「摧破」功法，则敌人的最大气势降低、如果封禁的是「轻灵」功法，则敌人的最大脚力降低、如果封禁的是「护体」功法，则使敌人出现4个随机部位的破绽、如果封禁的是「奇窍」功法，则使敌人出现4个随机部位的封穴
903,伴月星虹,8,,0,内功,Invalid,1,0,0,-1,false,false,-1,,1678,1678,0,-1,8,false,"2, 0, 1, 3, 4, 5, 6",3,500,0,0,-1,-1,0,"9, 9, 9, 9",0,"2, 0, 2, 0","2, 0, 2, 0","外:0, 内:0","外:0, 内:0","外:0, 内:0",0,0,0,0,0,0,0,0,"0, 0, 0, 0, 0, 0",0,,0,0,100,0,0,0,,0,0,-1,-1,"20, 20, 1, 20, 20, 20, 20",0,"0, 0, 0, 0",false,false,"0, 0, 0, 0, 0, 0, 0, 0, 0, 0, 0, 0",0,-1,,0,0,0,"0, 0, 0, 0",36,0,36,120,6000,true,-1,-1,-2,0,0,0,"0, 0, 0, 0",0,0,0,0,0,,"0, 0, 0, 0, 0, 0, 0","0, 0, 0, 0, 0, 0, 0",0,0,,"0, 0, 0, 0, 0",,0,"0, 1, 2, 3",此天赋无法被封禁；小白龙可积蓄力量一次性移动1距离，最多移动12距离，且小白龙每次受到敌人的直接伤害后，如果小白龙的剩余脚力不低于50%，都会立即变化至敌人的攻击范围之外,此天赋无法被封禁；小白龙可积蓄力量一次性移动1距离，最多移动12距离，且小白龙每次受到敌人的直接伤害后，如果小白龙的剩余脚力不低于50%，都会立即变化至敌人的攻击范围之外
904,黑水恶鳞,8,,0,内功,Invalid,1,0,2,-1,false,false,-1,,1679,1679,0,-1,8,false,"2, 0, 1, 3, 4, 5, 6",3,500,0,0,-1,-1,0,"9, 9, 9, 9",0,"2, 2, 0, 0","2, 2, 0, 0","外:0, 内:0","外:0, 内:0","外:0, 内:0",0,0,0,0,0,0,0,0,"0, 0, 0, 0, 0, 0",0,,0,0,100,0,0,0,,0,0,-1,-1,"20, 20, 1, 20, 20, 20, 20",0,"0, 0, 0, 0",false,false,"0, 0, 0, 0, 0, 0, 0, 0, 0, 0, 0, 0",0,-1,,0,0,0,"0, 0, 0, 0",36,0,36,-1,-1,false,-1,-1,-2,0,0,0,"0, 0, 0, 0",0,0,0,0,0,,"0, 0, 0, 0, 0, 0, 0","0, 0, 0, 0, 0, 0, 0",0,0,,"0, 0, 0, 0, 0",,0,"0, 1, 2, 3",此天赋无法被封禁；小黑龙会不断向敌人施加大量随机类型的奇毒，且降低敌人所有类型的毒素抵抗,此天赋无法被封禁；小黑龙会不断向敌人施加大量随机类型的奇毒，且降低敌人所有类型的毒素抵抗
905,苍空疾雨,8,,0,内功,Invalid,1,0,1,-1,false,false,-1,,1680,1680,0,-1,8,false,"2, 0, 1, 3, 4, 5, 6",3,500,0,0,-1,-1,0,"9, 9, 9, 9",0,"2, 0, 2, 0","2, 0, 2, 0","外:0, 内:0","外:0, 内:0","外:0, 内:0",0,0,0,0,0,0,0,0,"0, 0, 0, 0, 0, 0",0,,0,0,100,0,0,0,,0,0,-1,-1,"20, 20, 1, 20, 20, 20, 20",0,"0, 0, 0, 0",false,false,"0, 0, 0, 0, 0, 0, 0, 0, 0, 0, 0, 0",0,-1,,0,0,0,"0, 0, 0, 0",36,0,36,-1,-1,false,-1,-1,-2,0,0,0,"0, 0, 0, 0",0,0,0,0,0,,"0, 0, 0, 0, 0, 0, 0","0, 0, 0, 0, 0, 0, 0",0,0,,"0, 0, 0, 0, 0",,0,"0, 1, 2, 3",此天赋无法被封禁；小青龙的新增伤势、旧时伤势标记均会以不同速度自行消除，且小青龙身上的新增伤势、旧时伤势标记越多，敌人的攻击范围就减少越多，小青龙的攻击范围就增加越多,此天赋无法被封禁；小青龙的新增伤势、旧时伤势标记均会以不同速度自行消除，且小青龙身上的新增伤势、旧时伤势标记越多，敌人的攻击范围就减少越多，小青龙的攻击范围就增加越多
906,赤火宝珠,8,,0,内功,Invalid,1,0,3,-1,false,false,-1,,1681,1681,0,-1,8,false,"2, 0, 1, 3, 4, 5, 6",3,500,0,0,-1,-1,0,"9, 9, 9, 9",0,"2, 0, 2, 0","2, 0, 2, 0","外:0, 内:0","外:0, 内:0","外:0, 内:0",0,0,0,0,0,0,0,0,"0, 0, 0, 0, 0, 0",0,,0,0,100,0,0,0,,0,0,-1,-1,"20, 20, 1, 20, 20, 20, 20",0,"0, 0, 0, 0",false,false,"0, 0, 0, 0, 0, 0, 0, 0, 0, 0, 0, 0",0,-1,,0,0,0,"0, 0, 0, 0",36,0,36,-1,-1,false,-1,-1,-2,0,0,0,"0, 0, 0, 0",0,0,0,0,0,,"0, 0, 0, 0, 0, 0, 0","0, 0, 0, 0, 0, 0, 0",0,0,,"0, 0, 0, 0, 0",,0,"0, 1, 2, 3",此天赋无法被封禁；小赤龙击中敌人时会同时大幅恶化敌人被攻击部位的外伤、内伤，且敌人各部位的伤势程度达到4层，即视为残毁,此天赋无法被封禁；小赤龙击中敌人时会同时大幅恶化敌人被攻击部位的外伤、内伤，且敌人各部位的伤势程度达到4层，即视为残毁
907,中天尊使,8,,0,内功,Invalid,1,0,4,-1,false,false,-1,,1682,1682,0,-1,8,false,"2, 0, 1, 3, 4, 5, 6",3,500,0,0,-1,-1,0,"9, 9, 9, 9",0,"2, 2, 0, 0","2, 2, 0, 0","外:0, 内:0","外:0, 内:0","外:0, 内:0",0,0,0,0,0,0,0,0,"0, 0, 0, 0, 0, 0",0,,0,0,100,0,0,0,,0,0,-1,-1,"20, 20, 1, 20, 20, 20, 20",0,"0, 0, 0, 0",false,false,"0, 0, 0, 0, 0, 0, 0, 0, 0, 0, 0, 0",0,-1,,0,0,0,"0, 0, 0, 0",36,0,36,-1,-1,false,-1,-1,-2,0,0,0,"0, 0, 0, 0",0,0,0,0,0,,"0, 0, 0, 0, 0, 0, 0","0, 0, 0, 0, 0, 0, 0",0,0,,"0, 0, 0, 0, 0",,0,"0, 1, 2, 3",此天赋无法被封禁；敌人以摧破功法攻击小黄龙且至少发挥$0$成威力后，小黄龙会封禁敌人的随机功法，且使敌人被封禁的功法的威力累积降低，持续直到战斗结束,此天赋无法被封禁；敌人以摧破功法攻击小黄龙且至少发挥$0$成威力后，小黄龙会封禁敌人的随机功法，且使敌人被封禁的功法的威力累积降低，持续直到战斗结束
908,白蛟细尾,8,,0,内功,Invalid,1,0,0,-1,false,false,-1,,1683,1683,0,-1,8,false,"2, 0, 1, 3, 4, 5, 6",3,500,0,0,-1,-1,0,"9, 9, 9, 9",0,"1, 0, 1, 0","1, 0, 1, 0","外:0, 内:0","外:0, 内:0","外:0, 内:0",0,0,0,0,0,0,0,0,"0, 0, 0, 0, 0, 0",0,,0,0,100,0,0,0,,0,0,-1,-1,"20, 20, 1, 20, 20, 20, 20",0,"0, 0, 0, 0",false,false,"0, 0, 0, 0, 0, 0, 0, 0, 0, 0, 0, 0",0,-1,,0,0,0,"0, 0, 0, 0",36,0,36,120,8000,true,-1,-1,-2,0,0,0,"0, 0, 0, 0",0,0,0,0,0,,"0, 0, 0, 0, 0, 0, 0","0, 0, 0, 0, 0, 0, 0",0,0,,"0, 0, 0, 0, 0",,0,"0, 1, 2, 3",此天赋无法被封禁；此蛟可积蓄力量一次性移动1距离，最多移动12距离,此天赋无法被封禁；此蛟可积蓄力量一次性移动1距离，最多移动12距离
909,黑蛟恶鳞,8,,0,内功,Invalid,1,0,2,-1,false,false,-1,,1684,1684,0,-1,8,false,"2, 0, 1, 3, 4, 5, 6",3,500,0,0,-1,-1,0,"9, 9, 9, 9",0,"1, 1, 0, 0","1, 1, 0, 0","外:0, 内:0","外:0, 内:0","外:0, 内:0",0,0,0,0,0,0,0,0,"0, 0, 0, 0, 0, 0",0,,0,0,100,0,0,0,,0,0,-1,-1,"20, 20, 1, 20, 20, 20, 20",0,"0, 0, 0, 0",false,false,"0, 0, 0, 0, 0, 0, 0, 0, 0, 0, 0, 0",0,-1,,0,0,0,"0, 0, 0, 0",36,0,36,-1,-1,false,-1,-1,-2,0,0,0,"0, 0, 0, 0",0,0,0,0,0,,"0, 0, 0, 0, 0, 0, 0","0, 0, 0, 0, 0, 0, 0",0,0,,"0, 0, 0, 0, 0",,0,"0, 1, 2, 3",此天赋无法被封禁；此蛟会不断向敌人施加大量随机类型的奇毒,此天赋无法被封禁；此蛟会不断向敌人施加大量随机类型的奇毒
910,青蛟铁脊,8,,0,内功,Invalid,1,0,1,-1,false,false,-1,,1685,1685,0,-1,8,false,"2, 0, 1, 3, 4, 5, 6",3,500,0,0,-1,-1,0,"9, 9, 9, 9",0,"1, 0, 1, 0","1, 0, 1, 0","外:0, 内:0","外:0, 内:0","外:0, 内:0",0,0,0,0,0,0,0,0,"0, 0, 0, 0, 0, 0",0,,0,0,100,0,0,0,,0,0,-1,-1,"20, 20, 1, 20, 20, 20, 20",0,"0, 0, 0, 0",false,false,"0, 0, 0, 0, 0, 0, 0, 0, 0, 0, 0, 0",0,-1,,0,0,0,"0, 0, 0, 0",36,0,36,-1,-1,false,-1,-1,-2,0,0,0,"0, 0, 0, 0",0,0,0,0,0,,"0, 0, 0, 0, 0, 0, 0","0, 0, 0, 0, 0, 0, 0",0,0,,"0, 0, 0, 0, 0",,0,"0, 1, 2, 3",此天赋无法被封禁；此蛟的新增伤势、旧时伤势标记均会以不同速度自行消除,此天赋无法被封禁；此蛟的新增伤势、旧时伤势标记均会以不同速度自行消除
911,赤蛟火睛,8,,0,内功,Invalid,1,0,3,-1,false,false,-1,,1686,1686,0,-1,8,false,"2, 0, 1, 3, 4, 5, 6",3,500,0,0,-1,-1,0,"9, 9, 9, 9",0,"1, 0, 1, 0","1, 0, 1, 0","外:0, 内:0","外:0, 内:0","外:0, 内:0",0,0,0,0,0,0,0,0,"0, 0, 0, 0, 0, 0",0,,0,0,100,0,0,0,,0,0,-1,-1,"20, 20, 1, 20, 20, 20, 20",0,"0, 0, 0, 0",false,false,"0, 0, 0, 0, 0, 0, 0, 0, 0, 0, 0, 0",0,-1,,0,0,0,"0, 0, 0, 0",36,0,36,-1,-1,false,-1,-1,-2,0,0,0,"0, 0, 0, 0",0,0,0,0,0,,"0, 0, 0, 0, 0, 0, 0","0, 0, 0, 0, 0, 0, 0",0,0,,"0, 0, 0, 0, 0",,0,"0, 1, 2, 3",此天赋无法被封禁；此蛟击中敌人时会同时恶化敌人被攻击部位的外伤、内伤,此天赋无法被封禁；此蛟击中敌人时会同时恶化敌人被攻击部位的外伤、内伤
912,黄蛟独角,8,,0,内功,Invalid,1,0,4,-1,false,false,-1,,1687,1687,0,-1,8,false,"2, 0, 1, 3, 4, 5, 6",3,500,0,0,-1,-1,0,"9, 9, 9, 9",0,"1, 1, 0, 0","1, 1, 0, 0","外:0, 内:0","外:0, 内:0","外:0, 内:0",0,0,0,0,0,0,0,0,"0, 0, 0, 0, 0, 0",0,,0,0,100,0,0,0,,0,0,-1,-1,"20, 20, 1, 20, 20, 20, 20",0,"0, 0, 0, 0",false,false,"0, 0, 0, 0, 0, 0, 0, 0, 0, 0, 0, 0",0,-1,,0,0,0,"0, 0, 0, 0",36,0,36,-1,-1,false,-1,-1,-2,0,0,0,"0, 0, 0, 0",0,0,0,0,0,,"0, 0, 0, 0, 0, 0, 0","0, 0, 0, 0, 0, 0, 0",0,0,,"0, 0, 0, 0, 0",,0,"0, 1, 2, 3",此天赋无法被封禁；敌人以摧破功法攻击此蛟且至少发挥$0$成威力后，此蛟会封禁敌人的随机功法,此天赋无法被封禁；敌人以摧破功法攻击此蛟且至少发挥$0$成威力后，此蛟会封禁敌人的随机功法
913,万韵千音,8,,0,内功,Invalid,1,0,5,-1,false,false,-1,,1688,1688,0,-1,8,false,"2, 0, 1, 3, 4, 5, 6",3,500,0,0,-1,-1,0,"9, 9, 9, 9",0,"0, 0, 0, 4","0, 0, 0, 4","外:0, 内:0","外:0, 内:0","外:0, 内:0",0,0,0,0,0,0,0,0,"0, 0, 0, 0, 0, 0",0,,0,0,100,0,0,0,,0,0,-1,-1,"20, 20, 1, 20, 20, 20, 20",0,"0, 0, 0, 0",false,false,"0, 0, 0, 0, 0, 0, 0, 0, 0, 0, 0, 0",0,-1,,0,0,0,"0, 0, 0, 0",36,0,36,-1,-1,false,-1,-1,-2,0,0,0,"0, 0, 0, 0",0,0,0,0,0,,"0, 0, 0, 0, 0, 0, 0","0, 0, 0, 0, 0, 0, 0",0,0,,"0, 0, 0, 0, 0",,0,"0, 1, 2, 3",此天赋无法被封禁；囚牛免受失神标记以外的任何战败标记,此天赋无法被封禁；囚牛免受失神标记以外的任何战败标记
914,睚眦必报,8,,0,内功,Invalid,1,0,5,-1,false,false,-1,,1689,1689,0,-1,8,false,"2, 0, 1, 3, 4, 5, 6",3,500,0,0,-1,-1,0,"9, 9, 9, 9",0,"2, 2, 2, 2","0, 0, 0, 0","外:0, 内:0","外:0, 内:0","外:0, 内:0",0,0,0,0,0,0,0,0,"0, 0, 0, 0, 0, 0",0,,0,0,100,0,0,0,,0,0,-1,-1,"20, 20, 1, 20, 20, 20, 20",0,"0, 0, 0, 0",false,false,"0, 0, 0, 0, 0, 0, 0, 0, 0, 0, 0, 0",0,-1,,0,0,0,"0, 0, 0, 0",36,0,36,-1,-1,false,-1,-1,-2,0,0,0,"0, 0, 0, 0",0,0,0,0,0,,"0, 0, 0, 0, 0, 0, 0","0, 0, 0, 0, 0, 0, 0",0,0,,"0, 0, 0, 0, 0",,0,"0, 1, 2, 3",此天赋无法被封禁；敌人对睚眦造成的任何直接伤害，均会附加至睚眦的下一次攻击上，且睚眦在攻击仍有附加的伤害时，无法被击败,此天赋无法被封禁；敌人对睚眦造成的任何直接伤害，均会附加至睚眦的下一次攻击上，且睚眦在攻击仍有附加的伤害时，无法被击败
915,观风慑邪,8,,0,内功,Invalid,1,0,5,-1,false,false,-1,,1690,1690,0,-1,8,false,"2, 0, 1, 3, 4, 5, 6",3,500,0,0,-1,-1,0,"9, 9, 9, 9",0,"0, 0, 0, 0","2, 2, 2, 2","外:0, 内:0","外:0, 内:0","外:0, 内:0",0,0,0,0,0,0,0,0,"0, 0, 0, 0, 0, 0",0,,0,0,100,0,0,0,,0,0,-1,-1,"20, 20, 1, 20, 20, 20, 20",0,"0, 0, 0, 0",false,false,"0, 0, 0, 0, 0, 0, 0, 0, 0, 0, 0, 0",0,-1,,0,0,0,"0, 0, 0, 0",36,0,36,-1,-1,false,-1,-1,-2,0,0,0,"0, 0, 0, 0",0,0,0,0,0,,"0, 0, 0, 0, 0, 0, 0","0, 0, 0, 0, 0, 0, 0",0,0,,"0, 0, 0, 0, 0",,0,"0, 1, 2, 3",此天赋无法被封禁；敌人靠近嘲风时，每前进0.5的距离，就根据此功法的威力被施加外伤伤害；敌人远离嘲风时，每后退0.5的距离，就根据此功法的威力被施加内伤伤害,此天赋无法被封禁；敌人靠近嘲风时，每前进0.5的距离，就根据此功法的威力被施加外伤伤害；敌人远离嘲风时，每后退0.5的距离，就根据此功法的威力被施加内伤伤害
916,四海响钟,8,,0,内功,Invalid,1,0,5,-1,false,false,-1,,1691,1691,0,-1,8,false,"2, 0, 1, 3, 4, 5, 6",3,500,0,0,-1,-1,0,"9, 9, 9, 9",0,"0, 0, 0, 0","0, 0, 0, 0","外:0, 内:0","外:4, 内:4","外:0, 内:0",0,0,0,0,0,0,0,0,"0, 0, 0, 0, 0, 0",0,,0,0,100,0,0,0,,0,0,-1,-1,"20, 20, 1, 20, 20, 20, 20",0,"0, 0, 0, 0",false,false,"0, 0, 0, 0, 0, 0, 0, 0, 0, 0, 0, 0",0,-1,,0,0,0,"0, 0, 0, 0",36,0,36,-1,-1,false,-1,-1,-2,0,0,0,"0, 0, 0, 0",0,0,0,0,0,,"0, 0, 0, 0, 0, 0, 0","0, 0, 0, 0, 0, 0, 0",0,0,,"0, 0, 0, 0, 0",,0,"0, 1, 2, 3",此天赋无法被封禁；蒲牢无法同时受到一种以上类型的直接伤害；蒲牢受到直接外伤后，在受失神、直接内伤前，免受任何直接外伤伤害；蒲牢受到直接内伤后，在受失神、直接外伤前，免受任何直接内伤伤害；蒲牢受到失神伤害后，在受直接外伤、内伤前，免受任何失神伤害,此天赋无法被封禁；蒲牢无法同时受到一种以上类型的直接伤害；蒲牢受到直接外伤后，在受失神、直接内伤前，免受任何直接外伤伤害；蒲牢受到直接内伤后，在受失神、直接外伤前，免受任何直接内伤伤害；蒲牢受到失神伤害后，在受直接外伤、内伤前，免受任何失神伤害
917,天焰金华,8,,0,内功,Invalid,1,0,5,-1,false,false,-1,,1692,1692,0,-1,8,false,"2, 0, 1, 3, 4, 5, 6",3,500,0,0,-1,-1,0,"9, 9, 9, 9",0,"0, 0, 0, 0","0, 0, 0, 0","外:4, 内:4","外:0, 内:0","外:0, 内:0",0,0,0,0,0,0,0,0,"0, 0, 0, 0, 0, 0",0,,0,0,100,0,0,0,,0,0,-1,-1,"20, 20, 1, 20, 20, 20, 20",0,"0, 0, 0, 0",false,false,"0, 0, 0, 0, 0, 0, 0, 0, 0, 0, 0, 0",0,-1,,0,0,0,"0, 0, 0, 0",36,0,36,-1,-1,false,-1,-1,-2,0,0,0,"0, 0, 0, 0",0,0,0,0,0,,"0, 0, 0, 0, 0, 0, 0","0, 0, 0, 0, 0, 0, 0",0,0,,"0, 0, 0, 0, 0",,0,"0, 1, 2, 3",此天赋无法被封禁；狻猊造成的直接重创伤害大幅提高；狻猊对敌人造成的所有直接伤害均会变化为重创伤害,此天赋无法被封禁；狻猊造成的直接重创伤害大幅提高；狻猊对敌人造成的所有直接伤害均会变化为重创伤害
918,驮负千秋,8,,0,内功,Invalid,1,0,5,-1,false,false,-1,,1693,1693,0,-1,8,false,"2, 0, 1, 3, 4, 5, 6",3,500,0,0,-1,-1,0,"9, 9, 9, 9",0,"0, 0, 0, 0","0, 0, 0, 0","外:4, 内:0","外:4, 内:0","外:0, 内:0",0,0,0,0,0,0,0,0,"0, 0, 0, 0, 0, 0",0,,0,0,100,0,0,0,,0,0,-1,-1,"20, 20, 1, 20, 20, 20, 20",0,"0, 0, 0, 0",false,false,"0, 0, 0, 0, 0, 0, 0, 0, 0, 0, 0, 0",0,-1,,0,0,0,"0, 0, 0, 0",36,0,36,-1,-1,false,-1,-1,-2,0,0,0,"0, 0, 0, 0",0,0,0,0,0,,"0, 0, 0, 0, 0, 0, 0","0, 0, 0, 0, 0, 0, 0",0,0,,"0, 0, 0, 0, 0",,0,"0, 1, 2, 3",此天赋无法被封禁；霸下只会在被命中要害时受到直接伤害,此天赋无法被封禁；霸下只会在被命中要害时受到直接伤害
919,正义威勇,8,,0,内功,Invalid,1,0,5,-1,false,false,-1,,1694,1694,0,-1,8,false,"2, 0, 1, 3, 4, 5, 6",3,500,0,0,-1,-1,0,"9, 9, 9, 9",0,"0, 0, 0, 0","0, 0, 0, 0","外:2, 内:2","外:2, 内:2","外:0, 内:0",0,0,0,0,0,0,0,0,"0, 0, 0, 0, 0, 0",0,,0,0,100,0,0,0,,0,0,-1,-1,"20, 20, 1, 20, 20, 20, 20",0,"0, 0, 0, 0",false,false,"0, 0, 0, 0, 0, 0, 0, 0, 0, 0, 0, 0",0,-1,,0,0,0,"0, 0, 0, 0",36,0,36,-1,-1,false,-1,-1,-2,0,0,0,"0, 0, 0, 0",0,0,0,0,0,,"0, 0, 0, 0, 0, 0, 0","0, 0, 0, 0, 0, 0, 0",0,0,,"0, 0, 0, 0, 0",,0,"0, 1, 2, 3",此天赋无法被封禁；狴犴攻击有负面名誉的敌人时，狴犴的破体、破气根据敌人的负面名誉的恶劣程度大幅提高；狴犴受到有负面名誉的敌人的攻击时，狴犴的御体、御气根据敌人的负面名誉的恶劣程度大幅提高,此天赋无法被封禁；狴犴攻击有负面名誉的敌人时，狴犴的破体、破气根据敌人的负面名誉的恶劣程度大幅提高；狴犴受到有负面名誉的敌人的攻击时，狴犴的御体、御气根据敌人的负面名誉的恶劣程度大幅提高
920,华文绝秀,8,,0,内功,Invalid,1,0,5,-1,false,false,-1,,1695,1695,0,-1,8,false,"2, 0, 1, 3, 4, 5, 6",3,500,0,0,-1,-1,0,"9, 9, 9, 9",0,"1, 1, 1, 1","1, 1, 1, 1","外:0, 内:0","外:0, 内:0","外:0, 内:0",0,0,0,0,0,0,0,0,"0, 0, 0, 0, 0, 0",0,,0,0,100,0,0,0,,0,0,-1,-1,"20, 20, 1, 20, 20, 20, 20",0,"0, 0, 0, 0",false,false,"0, 0, 0, 0, 0, 0, 0, 0, 0, 0, 0, 0",0,-1,,0,0,0,"0, 0, 0, 0",36,0,36,-1,-1,false,-1,-1,-2,0,0,0,"0, 0, 0, 0",0,0,0,0,0,,"0, 0, 0, 0, 0, 0, 0","0, 0, 0, 0, 0, 0, 0",0,0,,"0, 0, 0, 0, 0",,0,"0, 1, 2, 3",此天赋无法被封禁；敌人攻击负屃或受到负屃攻击时的命中、化解无法超过敌人音律、弈棋、诗书、绘画造诣的总和；敌人攻击负屃或受到负屃攻击时的攻击、防御无法超过敌人制木、锻造、织锦、巧匠造诣的总和,此天赋无法被封禁；敌人攻击负屃或受到负屃攻击时的命中、化解无法超过敌人音律、弈棋、诗书、绘画造诣的总和；敌人攻击负屃或受到负屃攻击时的攻击、防御无法超过敌人制木、锻造、织锦、巧匠造诣的总和
921,辟火流波,8,,0,内功,Invalid,1,0,5,-1,false,false,-1,,1696,1696,0,-1,8,false,"2, 0, 1, 3, 4, 5, 6",3,500,0,0,-1,-1,0,"9, 9, 9, 9",0,"0, 0, 0, 0","0, 0, 0, 0","外:0, 内:4","外:0, 内:4","外:0, 内:0",0,0,0,0,0,0,0,0,"0, 0, 0, 0, 0, 0",0,,0,0,100,0,0,0,,0,0,-1,-1,"20, 20, 1, 20, 20, 20, 20",0,"0, 0, 0, 0",false,false,"0, 0, 0, 0, 0, 0, 0, 0, 0, 0, 0, 0",0,-1,,0,0,0,"0, 0, 0, 0",36,0,36,-1,-1,false,-1,-1,-2,0,0,0,"0, 0, 0, 0",0,0,0,0,0,,"0, 0, 0, 0, 0, 0, 0","0, 0, 0, 0, 0, 0, 0",0,0,,"0, 0, 0, 0, 0",,0,"0, 1, 2, 3",此天赋无法被封禁；螭吻击中敌人时，会将敌人某类超出其初始值的真气大幅减少，会将螭吻某类低于其初始值的真气大幅增加，敌人减少的真气及螭吻增加的真气均会提高此次攻击造成的直接伤害，且敌人与螭吻的真气增减，不会引发任何与真气增减相关的效果,此天赋无法被封禁；螭吻击中敌人时，会将敌人某类超出其初始值的真气大幅减少，会将螭吻某类低于其初始值的真气大幅增加，敌人减少的真气及螭吻增加的真气均会提高此次攻击造成的直接伤害，且敌人与螭吻的真气增减，不会引发任何与真气增减相关的效果
922,十五古法,8,复生之人所习得的武学种类繁多，驳杂混乱，多为强行灌注于体内而成。此人虽曾功力尽失，但如今受死气、魔气的驱使，那些玄妙的法门，便又生出了诡秘的功力。在死气、魔气的驱使下，这些功法虽然威力奇大，且能够不拘常理的运用，但在遇到真传正法之时，便会显露出致命的破绽。,0,内功,Invalid,1,0,0,-1,false,false,-1,,1709,1709,0,-1,8,false,"2, 0, 1, 3, 4, 5, 6",4,500,0,0,-1,-1,0,"9, 9, 9, 9",0,"0, 0, 0, 0","0, 0, 0, 0","外:4, 内:4","外:4, 内:4","外:0, 内:0",0,0,0,0,0,0,0,0,"0, 0, 0, 0, 0, 0",0,,0,0,100,0,0,0,,0,0,-1,-1,"20, 20, 1, 20, 20, 20, 20",0,"0, 0, 0, 0",false,false,"0, 0, 0, 0, 0, 0, 0, 0, 0, 0, 0, 0",0,-1,,0,0,0,"0, 0, 0, 0",36,0,36,-1,-1,false,-1,-1,-2,0,0,0,"0, 0, 0, 0",0,0,0,0,0,,"0, 0, 0, 0, 0, 0, 0","0, 0, 0, 0, 0, 0, 0",0,0,,"0, 0, 0, 0, 0",,0,"0, 1, 2, 3",此秘法无法被封禁；复生之人施展任何摧破功法的气势消耗均大幅降低；复生之人施展任何摧破功法均不需要蓄式；复生之人施展任何摧破功法的施展时间增加；复生之人在施展任何摧破功法的过程中，如果被敌人以同样的功法击中，复生之人会受到此秘法的反噬伤害,此秘法无法被封禁；复生之人施展任何摧破功法的气势消耗均大幅降低；复生之人施展任何摧破功法均不需要蓄式；复生之人施展任何摧破功法的施展时间增加；复生之人在施展任何摧破功法的过程中，如果被敌人以同样的功法击中，复生之人会受到此秘法的反噬伤害
923,苍澜济形,8,,0,内功,Invalid,1,0,1,-1,false,false,-1,,1783,1783,0,-1,8,false,"2, 0, 1, 3, 4, 5, 6",3,500,0,0,-1,-1,0,"9, 9, 9, 9",0,"3, 0, 3, 0","3, 0, 3, 0","外:0, 内:0","外:0, 内:0","外:0, 内:0",0,0,0,0,0,0,0,0,"0, 0, 0, 0, 0, 0",0,,0,0,100,0,0,0,,0,0,-1,-1,"20, 20, 1, 20, 20, 20, 20",0,"0, 0, 0, 0",false,false,"0, 0, 0, 0, 0, 0, 0, 0, 0, 0, 0, 0",0,-1,,0,0,0,"0, 0, 0, 0",36,0,36,-1,-1,false,-1,-1,-2,0,0,0,"0, 0, 0, 0",0,0,0,0,0,,"0, 0, 0, 0, 0, 0, 0","0, 0, 0, 0, 0, 0, 0",0,0,,"0, 0, 0, 0, 0",,0,"0, 1, 2, 3",此天赋无法被封禁；青翠幽影的新增伤势、旧时伤势标记均会以不同速度自行消除，且青翠幽影身上的新增伤势、旧时伤势标记越多，敌人的攻击范围就减少越多，青翠幽影的攻击范围就增加越多,此天赋无法被封禁；青翠幽影的新增伤势、旧时伤势标记均会以不同速度自行消除，且青翠幽影身上的新增伤势、旧时伤势标记越多，敌人的攻击范围就减少越多，青翠幽影的攻击范围就增加越多
924,劫心五火术,8,人心有五火：贪、嗔、妒、惧、妄。此术不灭心火，反以劫数添薪，焚尽善念，炼出一缕烬中神识。功深者目光所至，可引人心劫自燃。,0,内功,Invalid,3,0,5,-1,false,false,-1,,1802,1814,5,3,8,true,"2, 0, 1, 3, 4, 5, 6",4,750,810,108,-1,-1,3,"1, 1, 1, 1",5,"0, 1, 1, 0","0, 1, 1, 0","外:1, 内:1","外:0, 内:0","外:0, 内:0",0,0,0,0,0,0,0,0,"0, 0, 0, 0, 0, -1",0,,0,0,100,50,0,0,,0,0,-1,-1,"20, 20, 1, 20, 20, 20, 20",0,"0, 0, 0, 0",false,false,"0, 0, 0, 0, 0, 0, 0, 0, 0, 0, 0, 0",0,-1,,0,0,0,"0, 0, 0, 0",36,0,36,-1,-1,false,-1,-1,-1,0,0,0,"0, 0, 0, 0",0,0,0,0,0,,"0, 0, 0, 0, 0, 0, 0","0, 0, 0, 0, 0, 0, 0",0,0,,"9, 9, 9, 9, 9","925, 926, 927, 928, 929, 930, 931, 932, 933, 934, 935",40,"19, 16, 17, 20",地图4格范围内有越多仇恨在世之人的人物，赤鸿子造成的直接伤害就会提高越多，最多提高90%，受到的直接伤害就会降低越多，最多降低90%,运用者受到越多在世之人的仇恨，造成的直接伤害就会提高越多，最多提高90%，但战斗结束时，运用者的相枢入魔程度会增加
925,九魃逆咒,8,九魃非鬼，乃枯念所成。此咒逆转神庭生机，使意念如旱土开裂，魂中不生半点慈悲。咒成之后，言未出口，邪意已先入人识海。,0,内功,Invalid,3,0,3,-1,false,false,-1,,1803,1815,5,3,8,true,"2, 0, 1, 3, 4, 5, 6",4,750,810,108,-1,-1,3,"1, 1, 1, 1",5,"1, 0, 1, 0","1, 0, 1, 0","外:1, 内:1","外:0, 内:0","外:0, 内:0",0,0,0,0,0,0,0,0,"0, 0, 0, -1, 0, 0",0,,0,0,100,50,0,0,,0,0,-1,-1,"20, 20, 1, 20, 20, 20, 20",0,"0, 0, 0, 0",false,false,"0, 0, 0, 0, 0, 0, 0, 0, 0, 0, 0, 0",0,-1,,0,0,0,"0, 0, 0, 0",36,0,36,-1,-1,false,-1,-1,-1,0,0,0,"0, 0, 0, 0",0,0,0,0,0,,"0, 0, 0, 0, 0, 0, 0","0, 0, 0, 0, 0, 0, 0",0,0,,"9, 9, 9, 9, 9","924, 926, 927, 928, 929, 930, 931, 932, 933, 934, 935",40,"19, 16, 17, 20",地图3格范围内有越多毁坏地格，每当敌人出现1个妨害标记，九嫣就会对敌人额外再造成大量重创伤害,运用者施展护体功法时，将运用者的最多6个妨害标记转移给敌人，但每转移1个妨害标记，运用者就会受到少量重创伤害
926,坠天乱法,8,苍天坠，万法乱。此功尽狂傲之能，将神识心海尽皆烹为云岚雾霞，独以此身僭作苍天，步步踏地，俱成天陨之势。,0,内功,Invalid,3,0,4,-1,false,false,-1,,1804,1816,5,3,8,true,"2, 0, 1, 3, 4, 5, 6",4,750,810,108,-1,-1,3,"1, 1, 1, 1",5,"2, 0, 0, 0","2, 0, 0, 0","外:1, 内:1","外:0, 内:0","外:0, 内:0",0,0,0,0,0,0,0,0,"0, 0, 0, 0, -1, 0",0,,0,0,100,50,0,0,,0,0,-1,-1,"20, 20, 1, 20, 20, 20, 20",0,"0, 0, 0, 0",false,false,"0, 0, 0, 0, 0, 0, 0, 0, 0, 0, 0, 0",0,-1,,0,0,0,"0, 0, 0, 0",36,0,36,-1,-1,false,-1,-1,-1,0,0,0,"0, 0, 0, 0",0,0,0,0,0,,"0, 0, 0, 0, 0, 0, 0","0, 0, 0, 0, 0, 0, 0",0,0,,"9, 9, 9, 9, 9","924, 925, 927, 928, 929, 930, 931, 932, 933, 934, 935",40,"19, 16, 17, 20",夜华夫人每以直接伤害对敌人造成1个重创标记，额外对敌人造成1个随机部位的严重破绽或1个随机部位的严重封穴,运用者每以直接伤害对敌人造成1个重创标记，额外对敌人造成1个随机部位的破绽或1个随机部位的封穴，但运用者也会受到一部分重创伤害
927,乾坤十变,8,乾坤本自无常，心神亦可万状。此功专以神元逆衍生周天变化，纵情恣意，忘我弃识以为无穷，破极数而返浑然，岂是凡心可受？,0,内功,Invalid,3,0,2,-1,false,false,-1,,1805,1817,5,3,8,true,"2, 0, 1, 3, 4, 5, 6",4,750,810,108,-1,-1,3,"1, 1, 1, 1",5,"0, 0, 0, 3","0, 0, 0, 3","外:0, 内:0","外:0, 内:0","外:0, 内:0",0,0,0,0,0,0,0,0,"0, 0, -1, 0, 0, 0",0,,0,0,100,50,0,0,,0,0,-1,-1,"20, 20, 1, 20, 20, 20, 20",0,"0, 0, 0, 0",false,false,"0, 0, 0, 0, 0, 0, 0, 0, 0, 0, 0, 0",0,-1,,0,0,0,"0, 0, 0, 0",36,0,36,-1,-1,false,-1,-1,-1,0,0,0,"0, 0, 0, 0",0,0,0,0,0,,"0, 0, 0, 0, 0, 0, 0","0, 0, 0, 0, 0, 0, 0",0,0,,"9, 9, 9, 9, 9","924, 925, 926, 928, 929, 930, 931, 932, 933, 934, 935",40,"19, 16, 17, 20",敌我双方的失神标记越多，无邪娘子的攻击范围就增加越多，敌人的攻击范围就减少越多,运用者前后获得相同的式时，运用者的攻击范围累积增加，持续直到运用者的蓄式达到9个，且运用者会因为失去累积增加的攻击范围而受到内息紊乱
928,封元还素功,8,还素非归真，乃削情绝念。此功封住元心，将喜怒哀惧一层层剥去，只留一片冷白识海。功成者似圣似尸，心中空无一物。,0,内功,Invalid,3,0,1,-1,false,false,-1,,1806,1818,5,3,8,true,"2, 0, 1, 3, 4, 5, 6",4,750,810,108,-1,-1,3,"1, 1, 1, 1",5,"0, 1, 1, 0","0, 1, 1, 0","外:0, 内:0","外:1, 内:1","外:0, 内:0",0,0,0,0,0,0,0,0,"0, -1, 0, 0, 0, 0",0,,0,0,100,50,0,0,,0,0,-1,-1,"20, 20, 1, 20, 20, 20, 20",0,"0, 0, 0, 0",false,false,"0, 0, 0, 0, 0, 0, 0, 0, 0, 0, 0, 0",0,-1,,0,0,0,"0, 0, 0, 0",36,0,36,-1,-1,false,-1,-1,-1,0,0,0,"0, 0, 0, 0",0,0,0,0,0,,"0, 0, 0, 0, 0, 0, 0","0, 0, 0, 0, 0, 0, 0",0,0,,"9, 9, 9, 9, 9","924, 925, 926, 927, 929, 930, 931, 932, 933, 934, 935",40,"19, 16, 17, 20",地图4格范围内有越多被定身的人物，素瑕的所有命中、化解就提高越多,运用者在轻灵身法持续期间，命中敌人要害及被敌人命中要害的几率均变化为3倍
929,魔天破烬,8,世之所弃，势必可成。此功集诸般衰朽腐败之念，以烬为始，以残为全，倒沉真气为诸魔之天，塑恶相护，运劫相破。,0,内功,Invalid,3,0,0,-1,false,false,-1,,1807,1819,5,3,8,true,"2, 0, 1, 3, 4, 5, 6",4,750,810,108,-1,-1,3,"1, 1, 1, 1",5,"2, 0, 0, 0","2, 0, 0, 0","外:1, 内:1","外:0, 内:0","外:0, 内:0",0,0,0,0,0,0,0,0,"-1, 0, 0, 0, 0, 0",0,,0,0,100,50,0,0,,0,0,-1,-1,"20, 20, 1, 20, 20, 20, 20",0,"0, 0, 0, 0",false,false,"0, 0, 0, 0, 0, 0, 0, 0, 0, 0, 0, 0",0,-1,,0,0,0,"0, 0, 0, 0",36,0,36,-1,-1,false,-1,-1,-1,0,0,0,"0, 0, 0, 0",0,0,0,0,0,,"0, 0, 0, 0, 0, 0, 0","0, 0, 0, 0, 0, 0, 0",0,0,,"9, 9, 9, 9, 9","924, 925, 926, 927, 928, 930, 931, 932, 933, 934, 935",40,"19, 16, 17, 20",地图6格范围内每有1个魔天护法，破烬上人对敌人造成的伤害，就能额外多作用于敌人的一个不同的随机部位,运用者可在施展摧破功法的过程中，反复点击产生最少50，最多150的内息紊乱，消除敌人的「护体」功法，并令敌人受到被消除的「护体」功法的反噬伤害
930,七邪遁法,8,七邪入窍，神不守舍。此法使一念分作七影，遁于梦、血、声、影之间；人尚在眼前，真识早已避入暗处，最善逃劫藏魂。,0,内功,Invalid,3,0,3,-1,false,false,-1,,1808,1820,5,3,8,true,"2, 0, 1, 3, 4, 5, 6",4,750,810,108,-1,-1,3,"1, 1, 1, 1",5,"1, 1, 1, 0","1, 1, 1, 0","外:0, 内:0","外:0, 内:0","外:0, 内:0",0,0,0,0,0,0,0,0,"0, 0, 0, -1, 0, 0",0,,0,0,100,50,0,0,,0,0,-1,-1,"20, 20, 1, 20, 20, 20, 20",0,"0, 0, 0, 0",false,false,"0, 0, 0, 0, 0, 0, 0, 0, 0, 0, 0, 0",0,-1,,0,0,0,"0, 0, 0, 0",36,0,36,-1,-1,false,-1,-1,-1,0,0,0,"0, 0, 0, 0",0,0,0,0,0,,"0, 0, 0, 0, 0, 0, 0","0, 0, 0, 0, 0, 0, 0",0,0,,"9, 9, 9, 9, 9","924, 925, 926, 927, 928, 929, 931, 932, 933, 934, 935",40,"19, 16, 17, 20",敌人在战斗中混合毒素的发作次数上限变化为3倍；地图4格范围内的各类邪蛟会在无方客受到伤势标记或对敌人造成伤势标记时，向敌人分别施加奇毒,敌我双方在战斗中混合毒素的发作次数上限变化为3倍
931,三神颠反诀,8,三光仰照无所依，三德俱陨方为真。此功唯求取巧夺险，以三尸五毒据丹田，分精神，窃三光而行机巧。,0,内功,Invalid,3,0,2,-1,false,false,-1,,1809,1821,5,3,8,true,"2, 0, 1, 3, 4, 5, 6",4,750,810,108,-1,-1,3,"1, 1, 1, 1",5,"0, 0, 3, 0","0, 0, 3, 0","外:0, 内:0","外:0, 内:0","外:0, 内:0",0,0,0,0,0,0,0,0,"0, 0, -1, 0, 0, 0",0,,0,0,100,50,0,0,,0,0,-1,-1,"20, 20, 1, 20, 20, 20, 20",0,"0, 0, 0, 0",false,false,"0, 0, 0, 0, 0, 0, 0, 0, 0, 0, 0, 0",0,-1,,0,0,0,"0, 0, 0, 0",36,0,36,-1,-1,false,-1,-1,-1,0,0,0,"0, 0, 0, 0",0,0,0,0,0,,"0, 0, 0, 0, 0, 0, 0","0, 0, 0, 0, 0, 0, 0",0,0,,"9, 9, 9, 9, 9","924, 925, 926, 927, 928, 929, 930, 932, 933, 934, 935",40,"19, 16, 17, 20",地图3格范围内：有日宝镜时，颠反魔摧破功法的威力倍增；有月宝镜时，颠反魔施展摧破功法不需要消耗气势；有星宝镜时，颠反魔施展摧破功法不需要消耗蓄式,运用者前后获得不同的式时，运用者所有功法的威力增加，持续直到运用者的蓄式达到9个，且运用者会因为失去累积增加的功法威力而受到内息紊乱
932,冥蛇噬元功,8,以空冥化蛇，以元气饲毒。初修时只觉心底有鳞声窸窣，久之神识盘曲成形，如成大蟒，内心时时不足。,0,内功,Invalid,3,0,5,-1,false,false,-1,,1810,1822,5,3,8,true,"2, 0, 1, 3, 4, 5, 6",4,750,810,108,-1,-1,3,"1, 1, 1, 1",5,"0, 3, 0, 0","0, 3, 0, 0","外:0, 内:0","外:0, 内:0","外:0, 内:0",0,0,0,0,0,0,0,0,"0, 0, 0, 0, 0, -1",0,,0,0,100,50,0,0,,0,0,-1,-1,"20, 20, 1, 20, 20, 20, 20",0,"0, 0, 0, 0",false,false,"0, 0, 0, 0, 0, 0, 0, 0, 0, 0, 0, 0",0,-1,,0,0,0,"0, 0, 0, 0",36,0,36,-1,-1,false,-1,-1,-1,0,0,0,"0, 0, 0, 0",0,0,0,0,0,,"0, 0, 0, 0, 0, 0, 0","0, 0, 0, 0, 0, 0, 0",0,0,,"9, 9, 9, 9, 9","924, 925, 926, 927, 928, 929, 930, 931, 933, 934, 935",40,"19, 16, 17, 20",地图6格范围内有越多尸魔，活骨师每出现1个重创标记，就会吸取敌人越多随机类型的真气,运用者的战败标记总数超过战败条件的一半时，立即吸取敌人各类真气各20点，且运用者会持续吸取敌人所有高于初始值的真气，但每吸取1次，运用者会受到1个随机部位的破绽或封穴
933,绝生一念,8,此法不求生路，只炼一念之绝。修者先斩惧死之心，再斩恋生之意，至后来只余冷厉神识。念起之时，生机尽断，敌我皆无退境。,0,内功,Invalid,3,0,4,-1,false,false,-1,,1811,1823,5,3,8,true,"2, 0, 1, 3, 4, 5, 6",4,750,810,108,-1,-1,3,"1, 1, 1, 1",5,"0, 1, 1, 0","0, 1, 1, 0","外:1, 内:1","外:0, 内:0","外:0, 内:0",0,0,0,0,0,0,0,0,"0, 0, 0, 0, -1, 0",0,,0,0,100,50,0,0,,0,0,-1,-1,"20, 20, 1, 20, 20, 20, 20",0,"0, 0, 0, 0",false,false,"0, 0, 0, 0, 0, 0, 0, 0, 0, 0, 0, 0",0,-1,,0,0,0,"0, 0, 0, 0",36,0,36,-1,-1,false,-1,-1,-1,0,0,0,"0, 0, 0, 0",0,0,0,0,0,,"0, 0, 0, 0, 0, 0, 0","0, 0, 0, 0, 0, 0, 0",0,0,,"9, 9, 9, 9, 9","924, 925, 926, 927, 928, 929, 930, 931, 932, 934, 935",40,"19, 16, 17, 20",八九剑隐的战败标记总数达到战败条件时，立即将所有的伤势、妨害和重创标记，变化为2个必死标记；八九剑隐的必死标记越多，其造成的直接伤害就会提高越多，最多提高60%，受到的直接伤害就会降低越多，最多降低60%,运用者的战败标记总数达到战败条件时，立即随机将6个伤势标记、6个妨害标记、6个重创标记，变化为2个必死标记，并立即恢复所有的提气、架势
934,妄法丹功,8,妄为炉，执为火，识海为丹室。修者越信虚假，丹气越盛，终能以幻相侵真，令旁人所见所闻皆随其心妄转。,0,内功,Invalid,3,0,0,-1,false,false,-1,,1812,1824,5,3,8,true,"2, 0, 1, 3, 4, 5, 6",4,750,810,108,-1,-1,3,"1, 1, 1, 1",5,"1, 0, 1, 0","1, 0, 1, 0","外:1, 内:1","外:0, 内:0","外:0, 内:0",0,0,0,0,0,0,0,0,"-1, 0, 0, 0, 0, 0",0,,0,0,100,50,0,0,,0,0,-1,-1,"20, 20, 1, 20, 20, 20, 20",0,"0, 0, 0, 0",false,false,"0, 0, 0, 0, 0, 0, 0, 0, 0, 0, 0, 0",0,-1,,0,0,0,"0, 0, 0, 0",36,0,36,-1,-1,false,-1,-1,-1,0,0,0,"0, 0, 0, 0",0,0,0,0,0,,"0, 0, 0, 0, 0, 0, 0","0, 0, 0, 0, 0, 0, 0",0,0,,"9, 9, 9, 9, 9","924, 925, 926, 927, 928, 929, 930, 931, 932, 933, 935",40,"19, 16, 17, 20",地图4格范围内有越多爱慕在世之人的人物，真丹圣女造成的直接伤害就会提高越多，最多提高90%，受到的直接伤害就会降低越多，最多降低90%,运用者受到越多在世之人的爱慕，造成的直接伤害就会提高越多，最多提高90%，但战斗结束时，运用者的相枢入魔程度会增加
935,万鬼幽诏,8,幽诏一起，万鬼有名。此功以神识作阴庭，以恶念书鬼令，召残魂怨气入心听命。功深者不必开口，群鬼已代其传意索命。,0,内功,Invalid,3,0,1,-1,false,false,-1,,1813,1825,5,3,8,true,"2, 0, 1, 3, 4, 5, 6",4,750,810,108,-1,-1,3,"1, 1, 1, 1",5,"0, 0, 0, 2","0, 0, 0, 2","外:0, 内:0","外:1, 内:1","外:0, 内:0",0,0,0,0,0,0,0,0,"0, -1, 0, 0, 0, 0",0,,0,0,100,50,0,0,,0,0,-1,-1,"20, 20, 1, 20, 20, 20, 20",0,"0, 0, 0, 0",false,false,"0, 0, 0, 0, 0, 0, 0, 0, 0, 0, 0, 0",0,-1,,0,0,0,"0, 0, 0, 0",36,0,36,-1,-1,false,-1,-1,-1,0,0,0,"0, 0, 0, 0",0,0,0,0,0,,"0, 0, 0, 0, 0, 0, 0","0, 0, 0, 0, 0, 0, 0",0,0,,"9, 9, 9, 9, 9","924, 925, 926, 927, 928, 929, 930, 931, 932, 933, 934",40,"19, 16, 17, 20",敌人的功法被封禁的时间提高100%；敌人有任意功法从封禁状态恢复时，幽宵立即对敌人造成此功法的大量反噬,敌人的功法被封禁的时间提高50%；敌人有任意功法从封禁状态恢复时，运用者立即对敌人造成此功法的部分反噬
936,生界死仙,8,,0,内功,Invalid,1,0,5,-1,false,false,-1,,1835,1835,0,-1,8,true,"2, 0, 1, 3, 4, 5, 6",3,500,0,0,-1,-1,0,"9, 9, 9, 9",0,"4, 4, 4, 4","4, 4, 4, 4","外:4, 内:4","外:4, 内:4","外:0, 内:0",0,0,0,0,0,0,0,0,"0, 0, 0, 0, 0, 0",0,,0,0,50,0,0,0,,0,0,-1,-1,"20, 20, 1, 20, 20, 20, 20",0,"0, 0, 0, 0",false,false,"0, 0, 0, 0, 0, 0, 0, 0, 0, 0, 0, 0",0,-1,,0,0,0,"0, 0, 0, 0",36,0,36,-1,-1,false,-1,-1,-2,0,0,0,"0, 0, 0, 0",0,0,0,0,0,,"0, 0, 0, 0, 0, 0, 0","0, 0, 0, 0, 0, 0, 0",0,0,,"0, 0, 0, 0, 0",,0,"0, 1, 2, 3",当柴山元祖拥有7个神式时：天律金丝的攻击范围将变化为最大；且对敌人造成的直接伤害提高10倍；且每次击中敌人都会极长时间地封禁敌人的1个功法,当柴山元祖拥有7个神式时：天律金丝的攻击范围将变化为最大；且对敌人造成的直接伤害提高10倍；且每次击中敌人都会极长时间地封禁敌人的1个功法
937,天幕神主,8,,0,内功,Invalid,1,0,5,-1,false,false,-1,,1829,1829,0,-1,8,true,"2, 0, 1, 3, 4, 5, 6",3,500,0,0,-1,-1,0,"9, 9, 9, 9",0,"4, 4, 4, 4","4, 4, 4, 4","外:8, 内:8","外:8, 内:8","外:0, 内:0",0,0,0,0,0,0,0,0,"0, 0, 0, 0, 0, 0",0,,0,0,50,0,0,0,,0,0,-1,-1,"20, 20, 1, 20, 20, 20, 20",0,"0, 0, 0, 0",false,false,"0, 0, 0, 0, 0, 0, 0, 0, 0, 0, 0, 0",0,-1,,0,0,0,"0, 0, 0, 0",36,0,36,-1,-1,false,-1,-1,-2,0,0,0,"0, 0, 0, 0",0,0,0,0,0,,"0, 0, 0, 0, 0, 0, 0","0, 0, 0, 0, 0, 0, 0",0,0,,"0, 0, 0, 0, 0",,0,"0, 1, 2, 3",战斗开始时，天帝获得9层此效果：此效果层数越多，敌人对天帝造成的直接伤害就越低；敌人每次出现伤势、妨害、重创标记时，此效果减少1层，最多减少至0层；天帝每次出现伤势、妨害、重创标记时，此效果增加1层，最多增加至9层,战斗开始时，天帝获得9层此效果：此效果层数越多，敌人对天帝造成的直接伤害就越低；敌人每次出现伤势、妨害、重创标记时，此效果减少1层，最多减少至0层；天帝每次出现伤势、妨害、重创标记时，此效果增加1层，最多增加至9层
938,开晦启明,8,,2,身法,Invalid,3,0,5,-1,false,false,-1,,1833,1833,0,-1,8,true,"3, 4, 5, 6",3,500,0,0,-1,-1,0,"0, 0, 0, 0",0,"0, 0, 0, 0","0, 0, 0, 0","外:0, 内:0","外:0, 内:0","外:0, 内:0",0,0,0,0,0,0,0,0,"0, 0, 0, 0, 0, 0",8000,6,20,0,50,0,0,0,,0,0,-1,-1,"20, 20, 1, 20, 20, 20, 20",0,"0, 0, 0, 0",false,false,"0, 0, 0, 0, 0, 0, 0, 0, 0, 0, 0, 0",0,-1,,120,18,-50,"750, 750, 750, 375",72,0,72,-1,-1,false,-1,-1,-2,0,0,0,"0, 0, 0, 0",0,0,0,0,0,,"0, 0, 0, 0, 0, 0, 0","0, 0, 0, 0, 0, 0, 0",0,0,,"0, 0, 0, 0, 0",,0,"0, 1, 2, 3",此神力持续期间，如果天帝有开明天兽的效果，天帝每次击中敌人，天帝都会根据开明天兽的效果层数，对敌人造成大量烈毒、赤毒、腐毒,此神力持续期间，如果天帝有开明天兽的效果，天帝每次击中敌人，天帝都会根据开明天兽的效果层数，对敌人造成大量烈毒、赤毒、腐毒
939,开明天兽,8,,4,绝技,Invalid,3,0,5,-1,false,false,-1,,1830,1830,0,-1,8,true,"2, 0, 1, 3, 4, 5, 6",3,500,0,0,-1,-1,0,"0, 0, 0, 0",0,"0, 0, 0, 0","0, 0, 0, 0","外:0, 内:0","外:0, 内:0","外:0, 内:0",0,0,0,0,0,0,0,0,"0, 0, 0, 0, 0, 0",0,,0,0,50,0,0,0,,0,0,-1,-1,"20, 20, 1, 20, 20, 20, 20",0,"0, 0, 0, 0",false,false,"0, 0, 0, 0, 0, 0, 0, 0, 0, 0, 0, 0",0,-1,,0,0,0,"0, 0, 0, 0",36,0,36,-1,-1,false,-1,-1,-2,0,0,0,"0, 0, 0, 0",0,0,0,0,0,,"0, 0, 0, 0, 0, 0, 0","0, 0, 0, 0, 0, 0, 0",0,0,,"0, 0, 0, 0, 0",,0,"0, 1, 2, 3",战斗开始时，天帝获得0层此效果：此效果层数越多，天帝对敌人造成的直接伤害就越高；敌人每次出现伤势、妨害、重创标记时，此效果增加1层，最多增加至9层；天帝每次出现伤势、妨害、重创标记时，此效果减少1层，最多减少至0层,战斗开始时，天帝获得0层此效果：此效果层数越多，天帝对敌人造成的直接伤害就越高；敌人每次出现伤势、妨害、重创标记时，此效果增加1层，最多增加至9层；天帝每次出现伤势、妨害、重创标记时，此效果减少1层，最多减少至0层
940,神光幻景,8,,3,绝技,Invalid,3,0,5,-1,false,false,-1,,1834,1834,0,-1,8,true,"2, 0, 1, 3, 4, 5, 6",3,500,0,0,-1,-1,0,"0, 0, 0, 0",0,"0, 0, 0, 0","0, 0, 0, 0","外:0, 内:0","外:0, 内:0","外:0, 内:0",0,0,0,0,0,0,0,0,"0, 0, 0, 0, 0, 0",6000,,0,45,50,0,0,0,,0,0,-1,-1,"20, 20, 1, 20, 20, 20, 20",0,"0, 0, 0, 0",false,false,"0, 0, 0, 0, 0, 0, 0, 0, 0, 0, 0, 0",0,-1,,0,0,0,"0, 0, 0, 0",36,0,36,-1,-1,false,-1,-1,-2,0,750,750,"0, 0, 0, 0",0,0,0,600,0,,"0, 0, 0, 0, 0, 0, 0","0, 0, 0, 0, 0, 0, 0",0,0,,"0, 0, 0, 0, 0",,0,"0, 1, 2, 3",以此神力进行防御时，如果天帝有天幕神主的效果，敌人每次击中天帝，天帝都会根据天幕神主的效果层数，对敌人造成大量郁毒、寒毒、幻毒,以此神力进行防御时，如果天帝有天幕神主的效果，敌人每次击中天帝，天帝都会根据天幕神主的效果层数，对敌人造成大量郁毒、寒毒、幻毒
941,万念为食,8,,1,奇门,Invalid,3,0,5,-1,false,false,-1,,1826,1826,0,-1,8,true,2,3,500,0,0,-1,-1,0,"0, 0, 0, 0",0,"0, 0, 0, 0","0, 0, 0, 0","外:0, 内:0","外:0, 内:0","外:0, 内:0",0,0,0,0,0,0,0,0,"0, 0, 0, 0, 0, 0",36000,,0,100,50,0,1200,25,式21=3,0,0,936,-1,"10, 10, 10, 10, 10, 10, 10",230,"0, 0, 100, 0",false,true,"0, 0, 0, 0, 0, 0, 0, 0, 0, 0, 0, 0",100,-1,,0,0,0,"0, 0, 0, 0",36,0,36,-1,-1,false,-1,-1,-2,0,0,0,"0, 0, 0, 0",0,0,0,0,0,,"0, 0, 0, 0, 0, 0, 0","0, 0, 0, 0, 0, 0, 0",0,0,,"0, 0, 0, 0, 0",,0,"0, 1, 2, 3",开始施展此神力时，相枢获得3层此效果：每当敌人施展任意功法，敌人立即受到该功法的大量反噬伤害，且治疗相枢同等的伤势,开始施展此神力时，相枢获得3层此效果：每当敌人施展任意功法，敌人立即受到该功法的大量反噬伤害，且治疗相枢同等的伤势
942,噬灭群仙,8,,1,奇门,Invalid,3,0,5,-1,false,false,-1,,1827,1827,0,-1,8,true,2,3,500,0,0,-1,-1,0,"0, 0, 0, 0",0,"0, 0, 0, 0","0, 0, 0, 0","外:0, 内:0","外:0, 内:0","外:0, 内:0",0,0,0,0,0,0,0,0,"0, 0, 0, 0, 0, 0",36000,,0,100,50,0,1200,25,式21=3,0,0,937,-1,"10, 10, 10, 10, 10, 10, 10",230,"100, 0, 0, 0",true,false,"0, 0, 0, 0, 0, 0, 0, 0, 0, 0, 0, 0",100,-1,,0,0,0,"0, 0, 0, 0",36,0,36,-1,-1,false,-1,-1,-2,0,0,0,"0, 0, 0, 0",0,0,0,0,0,,"0, 0, 0, 0, 0, 0, 0","0, 0, 0, 0, 0, 0, 0",0,0,,"0, 0, 0, 0, 0",,0,"0, 1, 2, 3",此神力发挥$0$成威力时，相枢获得3层此效果：敌人的所有功法，均需要消耗大量与功法品级、类型相对应的真气，否则无法施展，且相枢会吸收敌人消耗的真气,此神力发挥$0$成威力时，相枢获得3层此效果：敌人的所有功法，均需要消耗大量与功法品级、类型相对应的真气，否则无法施展，且相枢会吸收敌人消耗的真气
943,玄狱吞天,8,,1,奇门,Invalid,3,0,5,-1,false,false,-1,,1828,1828,0,-1,8,true,2,3,500,0,0,-1,-1,0,"0, 0, 0, 0",0,"0, 0, 0, 0","0, 0, 0, 0","外:0, 内:0","外:0, 内:0","外:0, 内:0",0,0,0,0,0,0,0,0,"0, 0, 0, 0, 0, 0",36000,,0,100,50,0,1200,25,式21=3,0,0,938,-1,"10, 10, 10, 10, 10, 10, 10",230,"0, 100, 0, 0",true,true,"0, 0, 0, 0, 0, 0, 0, 0, 0, 0, 0, 0",100,-1,,0,0,0,"0, 0, 0, 0",36,0,36,-1,-1,false,-1,-1,-2,0,0,0,"0, 0, 0, 0",0,0,0,0,0,,"0, 0, 0, 0, 0, 0, 0","0, 0, 0, 0, 0, 0, 0",0,0,,"0, 0, 0, 0, 0",,0,"0, 1, 2, 3",施展此神力的过程中，如果敌人在相枢的攻击范围内：相枢根据敌人战斗开始时的入魔程度，持续提高敌人的入魔程度，并根据敌人的入魔程度，对敌人造成大量的失神伤害；此神力发挥$0$成威力时，如果敌人的入魔程度达到最大，此神力将必然击败敌人,施展此神力的过程中，如果敌人在相枢的攻击范围内：相枢根据敌人战斗开始时的入魔程度，持续提高敌人的入魔程度，并根据敌人的入魔程度，对敌人造成大量的失神伤害；此神力发挥$0$成威力时，如果敌人的入魔程度达到最大，此神力将必然击败敌人
944,绝地天通,8,,1,奇门,Invalid,3,0,5,-1,false,false,-1,,1831,1831,0,-1,8,true,"2, 0, 1, 3, 4, 5, 6",3,500,0,0,-1,-1,0,"0, 0, 0, 0",0,"0, 0, 0, 0","0, 0, 0, 0","外:0, 内:0","外:0, 内:0","外:0, 内:0",0,0,0,0,0,0,0,0,"0, 0, 0, 0, 0, 0",45000,,0,100,100,0,1500,25,式21=3,0,0,882,-1,"10, 10, 10, 10, 10, 10, 10",300,"20, 40, 40, 0",true,false,"0, 0, 0, 0, 0, 0, 0, 0, 0, 0, 0, 0",100,-1,,0,0,0,"0, 0, 0, 0",36,0,36,-1,-1,false,-1,-1,-2,0,0,0,"0, 0, 0, 0",0,0,0,0,0,,"0, 0, 0, 0, 0, 0, 0","0, 0, 0, 0, 0, 0, 0",0,0,,"0, 0, 0, 0, 0",,0,"0, 1, 2, 3",开始施展此神力时，天帝的天幕神主的效果层数越多，天幕心帷就对敌人造成越多额外的重创伤害；此神力施展结束时，天帝的天幕神主的效果层数增加3层,开始施展此神力时，天帝的天幕神主的效果层数越多，天幕心帷就对敌人造成越多额外的重创伤害；此神力施展结束时，天帝的天幕神主的效果层数增加3层
945,瞪眎昆山,8,,1,奇门,Invalid,3,0,5,-1,false,false,-1,,1832,1832,0,-1,8,true,"2, 0, 1, 3, 4, 5, 6",3,500,0,0,-1,-1,0,"0, 0, 0, 0",0,"0, 0, 0, 0","0, 0, 0, 0","外:0, 内:0","外:0, 内:0","外:0, 内:0",0,0,0,0,0,0,0,0,"0, 0, 0, 0, 0, 0",45000,,0,100,0,0,1500,25,式21=3,0,0,883,-1,"10, 10, 10, 10, 10, 10, 10",300,"40, 20, 40, 0",false,true,"0, 0, 0, 0, 0, 0, 0, 0, 0, 0, 0, 0",100,-1,,0,0,0,"0, 0, 0, 0",36,0,36,-1,-1,false,-1,-1,-2,0,0,0,"0, 0, 0, 0",0,0,0,0,0,,"0, 0, 0, 0, 0, 0, 0","0, 0, 0, 0, 0, 0, 0",0,0,,"0, 0, 0, 0, 0",,0,"0, 1, 2, 3",开始施展此神力时，开明天兽极长时间地封禁敌人的多个功法，天帝的开明天兽的效果层数越多，封禁的功法数量也越多；此神力施展结束时，天帝的开明天兽的效果层数增加3层,开始施展此神力时，开明天兽极长时间地封禁敌人的多个功法，天帝的开明天兽的效果层数越多，封禁的功法数量也越多；此神力施展结束时，天帝的开明天兽的效果层数增加3层
